date	stage	time	values
2020-02-14	infections	start	0.5070052436300243
2020-02-14	positive	start	0
2020-02-14	infectious	start	0
2020-02-14	symptoms	start	0
2020-02-14	infectious	end	0
2020-02-14	symptoms	end	0
2020-02-14	positive	end	0
2020-02-14	reported	end	0
2020-02-14	symptoms	new	0
2020-02-14	symptoms	active	0
2020-02-14	presymp	new	0
2020-02-14	presymp	active	0
2020-02-14	positive	new	0
2020-02-14	positive	active	0
2020-02-14	infectious	new	0
2020-02-14	infectious	active	0
2020-02-14	possymp	new	0
2020-02-14	possymp	active	0
2020-02-15	infections	start	0.6239525932877709
2020-02-15	positive	start	0
2020-02-15	infectious	start	0
2020-02-15	symptoms	start	0
2020-02-15	infectious	end	0
2020-02-15	symptoms	end	0
2020-02-15	positive	end	0
2020-02-15	reported	end	0
2020-02-15	symptoms	new	0
2020-02-15	symptoms	active	0
2020-02-15	presymp	new	0
2020-02-15	presymp	active	0
2020-02-15	positive	new	0
2020-02-15	positive	active	0
2020-02-15	infectious	new	0
2020-02-15	infectious	active	0
2020-02-15	possymp	new	0
2020-02-15	possymp	active	0
2020-02-16	infections	start	0.7789244807873034
2020-02-16	positive	start	0.5156677646590538
2020-02-16	infectious	start	0
2020-02-16	symptoms	start	0
2020-02-16	infectious	end	0
2020-02-16	symptoms	end	0
2020-02-16	positive	end	0
2020-02-16	reported	end	0
2020-02-16	symptoms	new	0
2020-02-16	symptoms	active	0
2020-02-16	presymp	new	0.5156677646590538
2020-02-16	presymp	active	0.5156677646590538
2020-02-16	positive	new	0.5156677646590538
2020-02-16	positive	active	0.5156677646590538
2020-02-16	infectious	new	0
2020-02-16	infectious	active	0
2020-02-16	possymp	new	0
2020-02-16	possymp	active	0
2020-02-17	infections	start	0.9585616723034196
2020-02-17	positive	start	0.6344862516839588
2020-02-17	infectious	start	0.5229835406516004
2020-02-17	symptoms	start	0
2020-02-17	infectious	end	0
2020-02-17	symptoms	end	0
2020-02-17	positive	end	0
2020-02-17	reported	end	0
2020-02-17	symptoms	new	0
2020-02-17	symptoms	active	0
2020-02-17	presymp	new	0.6344862516839588
2020-02-17	presymp	active	1.1501540163430126
2020-02-17	positive	new	0.6344862516839588
2020-02-17	positive	active	1.1501540163430126
2020-02-17	infectious	new	0.5229835406516004
2020-02-17	infectious	active	0.5229835406516004
2020-02-17	possymp	new	0
2020-02-17	possymp	active	0
2020-02-18	infections	start	1.140311677541537
2020-02-18	positive	start	0.7919099835744657
2020-02-18	infectious	start	0.6433173688964761
2020-02-18	symptoms	start	0
2020-02-18	infectious	end	0
2020-02-18	symptoms	end	0
2020-02-18	positive	end	0
2020-02-18	reported	end	0
2020-02-18	symptoms	new	0
2020-02-18	symptoms	active	0
2020-02-18	presymp	new	0.7919099835744657
2020-02-18	presymp	active	1.9420639999174782
2020-02-18	positive	new	0.7919099835744657
2020-02-18	positive	active	1.9420639999174782
2020-02-18	infectious	new	0.6433173688964761
2020-02-18	infectious	active	1.1663009095480765
2020-02-18	possymp	new	0
2020-02-18	possymp	active	0
2020-02-19	infections	start	1.329254340970917
2020-02-19	positive	start	0.9743494066217983
2020-02-19	infectious	start	0.8027432676265378
2020-02-19	symptoms	start	0.566192186352133
2020-02-19	infectious	end	0
2020-02-19	symptoms	end	0
2020-02-19	positive	end	0
2020-02-19	reported	end	0
2020-02-19	symptoms	new	0.566192186352133
2020-02-19	symptoms	active	0.566192186352133
2020-02-19	presymp	new	0.4081572202696653
2020-02-19	presymp	active	2.3502212201871435
2020-02-19	positive	new	0.9743494066217983
2020-02-19	positive	active	2.9164134065392764
2020-02-19	infectious	new	0.8027432676265378
2020-02-19	infectious	active	1.9690441771746143
2020-02-19	possymp	new	0
2020-02-19	possymp	active	0
2020-02-20	infections	start	1.530767518688657
2020-02-20	positive	start	1.1589000354086276
2020-02-20	infectious	start	0.9875178292941585
2020-02-20	symptoms	start	0.6969368267743571
2020-02-20	infectious	end	0
2020-02-20	symptoms	end	0
2020-02-20	positive	end	0
2020-02-20	reported	end	0
2020-02-20	symptoms	new	0.6969368267743571
2020-02-20	symptoms	active	1.26312901312649
2020-02-20	presymp	new	0.46196320863427054
2020-02-20	presymp	active	2.812184428821414
2020-02-20	positive	new	1.1589000354086276
2020-02-20	positive	active	4.0753134419479045
2020-02-20	infectious	new	0.9875178292941585
2020-02-20	infectious	active	2.956562006468773
2020-02-20	possymp	new	0
2020-02-20	possymp	active	0
2020-02-21	infections	start	1.8587393260100775
2020-02-21	positive	start	1.3507425117498513
2020-02-21	infectious	start	1.1745360087925345
2020-02-21	symptoms	start	0.8706823703536871
2020-02-21	infectious	end	0
2020-02-21	symptoms	end	0
2020-02-21	positive	end	0
2020-02-21	reported	end	0
2020-02-21	symptoms	new	0.8706823703536871
2020-02-21	symptoms	active	2.133811383480177
2020-02-21	presymp	new	0.48006014139616415
2020-02-21	presymp	active	3.292244570217578
2020-02-21	positive	new	1.3507425117498513
2020-02-21	positive	active	5.426055953697755
2020-02-21	infectious	new	1.1745360087925345
2020-02-21	infectious	active	4.1310980152613075
2020-02-21	possymp	new	0
2020-02-21	possymp	active	0
2020-02-22	infections	start	2.4013349684967333
2020-02-22	positive	start	1.5551971421359434
2020-02-22	infectious	start	1.3692412359142252
2020-02-22	symptoms	start	1.0734385675149738
2020-02-22	infectious	end	0
2020-02-22	symptoms	end	0
2020-02-22	positive	end	0
2020-02-22	reported	end	0
2020-02-22	symptoms	new	1.0734385675149738
2020-02-22	symptoms	active	3.207249950995151
2020-02-22	presymp	new	0.4817585746209696
2020-02-22	presymp	active	3.774003144838548
2020-02-22	positive	new	1.5551971421359434
2020-02-22	positive	active	6.981253095833699
2020-02-22	infectious	new	1.3692412359142252
2020-02-22	infectious	active	5.500339251175532
2020-02-22	possymp	new	0
2020-02-22	possymp	active	0
2020-02-23	infections	start	3.127436579864719
2020-02-23	positive	start	1.88699939182811
2020-02-23	infectious	start	1.5770491699713094
2020-02-23	symptoms	start	1.2822171845939434
2020-02-23	infectious	end	0
2020-02-23	symptoms	end	0
2020-02-23	positive	end	0
2020-02-23	reported	end	0
2020-02-23	symptoms	new	1.2822171845939434
2020-02-23	symptoms	active	4.489467135589094
2020-02-23	presymp	new	0.6047822072341666
2020-02-23	presymp	active	4.378785352072715
2020-02-23	positive	new	1.88699939182811
2020-02-23	positive	active	8.86825248766181
2020-02-23	infectious	new	1.5770491699713094
2020-02-23	infectious	active	7.077388421146842
2020-02-23	possymp	new	0
2020-02-23	possymp	active	0
2020-02-24	infections	start	4.010082680384194
2020-02-24	positive	start	2.4321315355983355
2020-02-24	infectious	start	1.9125970160953378
2020-02-24	symptoms	start	1.5047175056970716
2020-02-24	infectious	end	0
2020-02-24	symptoms	end	0
2020-02-24	positive	end	0
2020-02-24	reported	end	0
2020-02-24	symptoms	new	1.5047175056970716
2020-02-24	symptoms	active	5.994184641286166
2020-02-24	presymp	new	0.9274140299012639
2020-02-24	presymp	active	5.306199381973978
2020-02-24	positive	new	2.4321315355983355
2020-02-24	positive	active	11.300384023260145
2020-02-24	infectious	new	1.9125970160953378
2020-02-24	infectious	active	8.98998543724218
2020-02-24	possymp	new	0
2020-02-24	possymp	active	0
2020-02-25	infections	start	5.140291642120945
2020-02-25	positive	start	3.15522933142755
2020-02-25	infectious	start	2.4576328039388713
2020-02-25	symptoms	start	1.728921138782093
2020-02-25	infectious	end	0
2020-02-25	symptoms	end	0
2020-02-25	positive	end	0
2020-02-25	reported	end	0.4795898293414646
2020-02-25	symptoms	new	1.728921138782093
2020-02-25	symptoms	active	7.723105780068259
2020-02-25	presymp	new	1.426308192645457
2020-02-25	presymp	active	6.732507574619436
2020-02-25	positive	new	3.15522933142755
2020-02-25	positive	active	14.455613354687694
2020-02-25	infectious	new	2.4576328039388713
2020-02-25	infectious	active	11.44761824118105
2020-02-25	possymp	new	0
2020-02-25	possymp	active	0
2020-02-26	infections	start	6.659566982695161
2020-02-26	positive	start	4.029898341840131
2020-02-26	infectious	start	3.1763468809983446
2020-02-26	symptoms	start	2.0736672510779095
2020-02-26	infectious	end	0
2020-02-26	symptoms	end	0
2020-02-26	positive	end	0
2020-02-26	reported	end	1.4387694880243938
2020-02-26	symptoms	new	2.0736672510779095
2020-02-26	symptoms	active	9.796773031146168
2020-02-26	presymp	new	1.9562310907622211
2020-02-26	presymp	active	8.688738665381656
2020-02-26	positive	new	4.029898341840131
2020-02-26	positive	active	18.485511696527826
2020-02-26	infectious	new	3.1763468809983446
2020-02-26	infectious	active	14.623965122179396
2020-02-26	possymp	new	0
2020-02-26	possymp	active	0
2020-02-27	infections	start	8.624295571220028
2020-02-27	positive	start	5.150237081980916
2020-02-27	infectious	start	4.044046623034357
2020-02-27	symptoms	start	2.632766500808504
2020-02-27	infectious	end	0.012094546045690727
2020-02-27	symptoms	end	0
2020-02-27	positive	end	0
2020-02-27	reported	end	0.9591796586829292
2020-02-27	symptoms	new	2.632766500808504
2020-02-27	symptoms	active	12.429539531954672
2020-02-27	presymp	new	2.517470581172412
2020-02-27	presymp	active	11.206209246554069
2020-02-27	positive	new	5.150237081980916
2020-02-27	positive	active	23.63574877850874
2020-02-27	infectious	new	4.0319520769886665
2020-02-27	infectious	active	18.655917199168062
2020-02-27	possymp	new	0
2020-02-27	possymp	active	0
2020-02-28	infections	start	11.0908734063742
2020-02-28	positive	start	6.659553403314894
2020-02-28	infectious	start	5.157895139242376
2020-02-28	symptoms	start	3.3755330270957002
2020-02-28	infectious	end	0.09548824506210603
2020-02-28	symptoms	end	0
2020-02-28	positive	end	0
2020-02-28	reported	end	1.9183593173658584
2020-02-28	symptoms	new	3.3755330270957002
2020-02-28	symptoms	active	15.805072559050373
2020-02-28	presymp	new	3.284020376219194
2020-02-28	presymp	active	14.490229622773262
2020-02-28	positive	new	6.659553403314894
2020-02-28	positive	active	30.295302181823637
2020-02-28	infectious	new	5.06240689418027
2020-02-28	infectious	active	23.718324093348333
2020-02-28	possymp	new	0
2020-02-28	possymp	active	0
2020-02-29	infections	start	14.208157904220858
2020-02-29	positive	start	8.612872403800656
2020-02-29	infectious	start	6.6619757173895255
2020-02-29	symptoms	start	4.285247479304412
2020-02-29	infectious	end	0.2653492675907785
2020-02-29	symptoms	end	0.019770118174869716
2020-02-29	positive	end	0
2020-02-29	reported	end	1.4387694880243938
2020-02-29	symptoms	new	4.265477361129543
2020-02-29	symptoms	active	20.070549920179914
2020-02-29	presymp	new	4.327624924496244
2020-02-29	presymp	active	18.817854547269505
2020-02-29	positive	new	8.612872403800656
2020-02-29	positive	active	38.908174585624295
2020-02-29	infectious	new	6.396626449798747
2020-02-29	infectious	active	30.114950543147078
2020-02-29	possymp	new	0.019770118174869716
2020-02-29	possymp	active	0.019770118174869716
2020-03-01	infections	start	18.06293852477605
2020-03-01	positive	start	11.061759743574381
2020-03-01	infectious	start	8.607908926253433
2020-03-01	symptoms	start	5.463604837861424
2020-03-01	infectious	end	0.4903130874873307
2020-03-01	symptoms	end	0.10727051648548863
2020-03-01	positive	end	0
2020-03-01	reported	end	1.4387694880243938
2020-03-01	symptoms	new	5.356334321375935
2020-03-01	symptoms	active	25.42688424155585
2020-03-01	presymp	new	5.598154905712957
2020-03-01	presymp	active	24.416009452982465
2020-03-01	positive	new	11.061759743574381
2020-03-01	positive	active	49.96993432919867
2020-03-01	infectious	new	8.117595838766103
2020-03-01	infectious	active	38.23254638191318
2020-03-01	possymp	new	0.10727051648548863
2020-03-01	possymp	active	0.12704063466035834
2020-03-02	infections	start	22.602577947906795
2020-03-02	positive	start	14.150441564326114
2020-03-02	infectious	start	11.039983305007699
2020-03-02	symptoms	start	7.035942096448403
2020-03-02	infectious	end	0.7440798301802173
2020-03-02	symptoms	end	0.261542957697214
2020-03-02	positive	end	0
2020-03-02	reported	end	4.316308464073181
2020-03-02	symptoms	new	6.774399138751189
2020-03-02	symptoms	active	32.20128338030704
2020-03-02	presymp	new	7.11449946787771
2020-03-02	presymp	active	31.530508920860175
2020-03-02	positive	new	14.150441564326114
2020-03-02	positive	active	64.12037589352478
2020-03-02	infectious	new	10.295903474827481
2020-03-02	infectious	active	48.528449856740664
2020-03-02	possymp	new	0.261542957697214
2020-03-02	possymp	active	0.38858359235757234
2020-03-03	infections	start	27.750848382301566
2020-03-03	positive	start	17.96821213418151
2020-03-03	infectious	start	14.100115545071034
2020-03-03	symptoms	start	9.023183149129501
2020-03-03	infectious	end	1.0384068221736111
2020-03-03	symptoms	end	0.4665559472324939
2020-03-03	positive	end	0
2020-03-03	reported	end	1.9183593173658584
2020-03-03	symptoms	new	8.556627201897006
2020-03-03	symptoms	active	40.75791058220405
2020-03-03	presymp	new	8.945028985052009
2020-03-03	presymp	active	40.475537905912184
2020-03-03	positive	new	17.96821213418151
2020-03-03	positive	active	82.0885880277063
2020-03-03	infectious	new	13.061708722897423
2020-03-03	infectious	active	61.590158579638086
2020-03-03	possymp	new	0.4665559472324939
2020-03-03	possymp	active	0.8551395395900662
2020-03-04	infections	start	32.809724804653214
2020-03-04	positive	start	22.47148261950445
2020-03-04	infectious	start	17.88360534504541
2020-03-04	symptoms	start	11.466998552316637
2020-03-04	infectious	end	1.3869126931892122
2020-03-04	symptoms	end	0.7035637384419086
2020-03-04	positive	end	0
2020-03-04	reported	end	1.9183593173658584
2020-03-04	symptoms	new	10.763434813874728
2020-03-04	symptoms	active	51.52134539607877
2020-03-04	presymp	new	11.004484067187812
2020-03-04	presymp	active	51.480021973099994
2020-03-04	positive	new	22.47148261950445
2020-03-04	positive	active	104.56007064721075
2020-03-04	infectious	new	16.496692651856197
2020-03-04	infectious	active	78.08685123149428
2020-03-04	possymp	new	0.7035637384419086
2020-03-04	possymp	active	1.5587032780319747
2020-03-05	infections	start	37.290354154147835
2020-03-05	positive	start	27.591825855674074
2020-03-05	infectious	start	22.354286858429077
2020-03-05	symptoms	start	14.527867177123992
2020-03-05	infectious	end	1.7925159026505422
2020-03-05	symptoms	end	0.9763485537129051
2020-03-05	positive	end	0.08108129520916553
2020-03-05	reported	end	1.4387694880243938
2020-03-05	symptoms	new	13.551518623411088
2020-03-05	symptoms	active	65.07286401948986
2020-03-05	presymp	new	13.063958678550081
2020-03-05	presymp	active	64.54398065165007
2020-03-05	positive	new	27.510744560464907
2020-03-05	positive	active	132.07081520767565
2020-03-05	infectious	new	20.561770955778535
2020-03-05	infectious	active	98.64862218727282
2020-03-05	possymp	new	0.8952672585037396
2020-03-05	possymp	active	2.4539705365357145
2020-03-06	infections	start	41.43348723659891
2020-03-06	positive	start	32.63800087328127
2020-03-06	infectious	start	27.447308761320333
2020-03-06	symptoms	start	18.3003987730363
2020-03-06	infectious	end	2.302505848561406
2020-03-06	symptoms	end	1.3011668359125261
2020-03-06	positive	end	0.3061101760543341
2020-03-06	reported	end	5.755077952097575
2020-03-06	symptoms	new	16.999231937123774
2020-03-06	symptoms	active	82.07209595661364
2020-03-06	presymp	new	14.337602100244972
2020-03-06	presymp	active	78.88158275189505
2020-03-06	positive	new	32.33189069722694
2020-03-06	positive	active	164.4027059049026
2020-03-06	infectious	new	25.144802912758927
2020-03-06	infectious	active	123.79342510003174
2020-03-06	possymp	new	0.995056659858192
2020-03-06	possymp	active	3.4490271963939065
2020-03-07	infections	start	45.51447514990009
2020-03-07	positive	start	37.12268205650042
2020-03-07	infectious	start	32.47703407541141
2020-03-07	symptoms	start	22.730944451444422
2020-03-07	infectious	end	3.019993874047564
2020-03-07	symptoms	end	1.6879781734339316
2020-03-07	positive	end	0.602184249975684
2020-03-07	reported	end	2.397949146707323
2020-03-07	symptoms	new	21.04296627801049
2020-03-07	symptoms	active	103.11506223462412
2020-03-07	presymp	new	14.391737605056
2020-03-07	presymp	active	93.27332035695105
2020-03-07	positive	new	36.52049780652474
2020-03-07	positive	active	200.92320371142733
2020-03-07	infectious	new	29.457040201363846
2020-03-07	infectious	active	153.2504653013956
2020-03-07	possymp	new	1.0857939234582477
2020-03-07	possymp	active	4.534821119852154
2020-03-08	infections	start	49.52758323711972
2020-03-08	positive	start	41.28018847352532
2020-03-08	infectious	start	36.95898083666877
2020-03-08	symptoms	start	27.749495751704433
2020-03-08	infectious	end	4.0641661786354
2020-03-08	symptoms	end	2.1759511360802577
2020-03-08	positive	end	0.9401057567484434
2020-03-08	reported	end	2.397949146707323
2020-03-08	symptoms	new	25.573544615624176
2020-03-08	symptoms	active	128.6886068502483
2020-03-08	presymp	new	13.530692721820888
2020-03-08	presymp	active	106.80401307877193
2020-03-08	positive	new	40.34008271677688
2020-03-08	positive	active	241.2632864282042
2020-03-08	infectious	new	32.89481465803337
2020-03-08	infectious	active	186.14527995942896
2020-03-08	possymp	new	1.2358453793318143
2020-03-08	possymp	active	5.770666499183968
2020-03-09	infections	start	53.03717582557755
2020-03-09	positive	start	45.37603570188531
2020-03-09	infectious	start	41.12008112568212
2020-03-09	symptoms	start	32.663830320746065
2020-03-09	infectious	end	5.542689473058334
2020-03-09	symptoms	end	2.8512969137066375
2020-03-09	positive	end	1.3004508238294452
2020-03-09	reported	end	6.714257610780504
2020-03-09	symptoms	new	29.812533407039428
2020-03-09	symptoms	active	158.50114025728772
2020-03-09	presymp	new	12.712205381139242
2020-03-09	presymp	active	119.51621845991117
2020-03-09	positive	new	44.075584878055864
2020-03-09	positive	active	285.33887130626005
2020-03-09	infectious	new	35.57739165262379
2020-03-09	infectious	active	221.72267161205275
2020-03-09	possymp	new	1.5508460898771923
2020-03-09	possymp	active	7.321512589061161
2020-03-10	infections	start	55.7143160527848
2020-03-10	positive	start	49.397287783377806
2020-03-10	infectious	start	45.21504084144057
2020-03-10	symptoms	start	36.971755664730104
2020-03-10	infectious	end	7.563985008352376
2020-03-10	symptoms	end	3.822405877647103
2020-03-10	positive	end	1.707879073026286
2020-03-10	reported	end	11.030566074853686
2020-03-10	symptoms	new	33.149349787083004
2020-03-10	symptoms	active	191.65049004437074
2020-03-10	presymp	new	12.425532118647702
2020-03-10	presymp	active	131.94175057855887
2020-03-10	positive	new	47.68940871035152
2020-03-10	positive	active	333.0282800166116
2020-03-10	infectious	new	37.65105583308819
2020-03-10	infectious	active	259.37372744514096
2020-03-10	possymp	new	2.1145268046208168
2020-03-10	possymp	active	9.436039393681977
2020-03-11	infections	start	57.49318832863298
2020-03-11	positive	start	52.90913010525599
2020-03-11	infectious	start	49.226350111096316
2020-03-11	symptoms	start	40.88190102088261
2020-03-11	infectious	end	10.282113348347181
2020-03-11	symptoms	end	5.20559050794051
2020-03-11	positive	end	2.1978486010356413
2020-03-11	reported	end	25.418260955097622
2020-03-11	symptoms	new	35.676310512942095
2020-03-11	symptoms	active	227.32680055731282
2020-03-11	presymp	new	12.027229084373381
2020-03-11	presymp	active	143.96897966293227
2020-03-11	positive	new	50.71128150422035
2020-03-11	positive	active	383.73956152083196
2020-03-11	infectious	new	38.944236762749135
2020-03-11	infectious	active	298.3179642078901
2020-03-11	possymp	new	3.0077419069048688
2020-03-11	possymp	active	12.443781300586846
2020-03-12	infections	start	58.24892018930434
2020-03-12	positive	start	55.591109546407864
2020-03-12	infectious	start	52.72478638575161
2020-03-12	symptoms	start	44.64956040424865
2020-03-12	infectious	end	13.737585398159245
2020-03-12	symptoms	end	7.112907026771369
2020-03-12	positive	end	2.779086374802358
2020-03-12	reported	end	22.061132149707372
2020-03-12	symptoms	new	37.536653377477286
2020-03-12	symptoms	active	264.86345393479013
2020-03-12	presymp	new	10.94154914215921
2020-03-12	presymp	active	154.91052880509147
2020-03-12	positive	new	52.8120231716055
2020-03-12	positive	active	436.5515846924375
2020-03-12	infectious	new	38.98720098759236
2020-03-12	infectious	active	337.30516519548246
2020-03-12	possymp	new	4.3338206519690115
2020-03-12	possymp	active	16.77760195255586
2020-03-13	infections	start	58.176997893260776
2020-03-13	positive	start	57.3890453495839
2020-03-13	infectious	start	55.40381825152048
2020-03-13	symptoms	start	48.2952609763803
2020-03-13	infectious	end	17.63561443237726
2020-03-13	symptoms	end	9.650950937315505
2020-03-13	positive	end	3.495038849915331
2020-03-13	reported	end	23.499901637731764
2020-03-13	symptoms	new	38.64431003906479
2020-03-13	symptoms	active	303.5077639738549
2020-03-13	presymp	new	9.093784373203604
2020-03-13	presymp	active	164.00431317829506
2020-03-13	positive	new	53.89400649966857
2020-03-13	positive	active	490.445591192106
2020-03-13	infectious	new	37.76820381914322
2020-03-13	infectious	active	375.07336901462565
2020-03-13	possymp	new	6.155912087400174
2020-03-13	possymp	active	22.93351403995603
2020-03-14	infections	start	57.82012371313345
2020-03-14	positive	start	58.18106503285917
2020-03-14	infectious	start	57.223582737847934
2020-03-14	symptoms	start	51.490850777178885
2020-03-14	infectious	end	21.753121820379135
2020-03-14	symptoms	end	12.904062710456644
2020-03-14	positive	end	4.452530886295622
2020-03-14	reported	end	25.89785078443909
2020-03-14	symptoms	new	38.58678806672224
2020-03-14	symptoms	active	342.0945520405771
2020-03-14	presymp	new	6.690214255680289
2020-03-14	presymp	active	170.69452743397537
2020-03-14	positive	new	53.728534146563554
2020-03-14	positive	active	544.1741253386696
2020-03-14	infectious	new	35.4704609174688
2020-03-14	infectious	active	410.54382993209447
2020-03-14	possymp	new	8.451531824161023
2020-03-14	possymp	active	31.385045864117053
2020-03-15	infections	start	57.303857298415515
2020-03-15	positive	start	58.149298469657005
2020-03-15	infectious	start	58.05737089217218
2020-03-15	symptoms	start	54.004895892344976
2020-03-15	infectious	end	26.18113716002048
2020-03-15	symptoms	end	16.710076884512368
2020-03-15	positive	end	5.774093506410588
2020-03-15	reported	end	12.948925392219545
2020-03-15	symptoms	new	37.29481900783261
2020-03-15	symptoms	active	379.38937104840977
2020-03-15	presymp	new	4.144402577312029
2020-03-15	presymp	active	174.8389300112874
2020-03-15	positive	new	52.37520496324642
2020-03-15	positive	active	596.549330301916
2020-03-15	infectious	new	31.8762337321517
2020-03-15	infectious	active	442.42006366424613
2020-03-15	possymp	new	10.935983378101781
2020-03-15	possymp	active	42.321029242218835
2020-03-16	infections	start	56.757736396879736
2020-03-16	positive	start	57.8197728423079
2020-03-16	infectious	start	58.0665707956116
2020-03-16	symptoms	start	55.76540659102358
2020-03-16	infectious	end	30.8650562019882
2020-03-16	symptoms	end	20.854466370832867
2020-03-16	positive	end	7.560873726427226
2020-03-16	reported	end	55.152830374268426
2020-03-16	symptoms	new	34.91094022019071
2020-03-16	symptoms	active	414.30031126860047
2020-03-16	presymp	new	2.0543662512843213
2020-03-16	presymp	active	176.8932962625717
2020-03-16	positive	new	50.25889911588067
2020-03-16	positive	active	646.8082294177966
2020-03-16	infectious	new	27.201514593623397
2020-03-16	infectious	active	469.62157825786954
2020-03-16	possymp	new	13.293592644405642
2020-03-16	possymp	active	55.61462188662448
2020-03-17	infections	start	56.193100581927666
2020-03-17	positive	start	57.31192633638974
2020-03-17	infectious	start	57.762231553492924
2020-03-17	symptoms	start	56.5743322466254
2020-03-17	infectious	end	35.38162398848733
2020-03-17	symptoms	end	25.31897284802661
2020-03-17	positive	end	9.882679509701523
2020-03-17	reported	end	56.591599862292824
2020-03-17	symptoms	new	31.25535939859879
2020-03-17	symptoms	active	445.55567066719925
2020-03-17	presymp	new	0.737594089764336
2020-03-17	presymp	active	177.63089035233605
2020-03-17	positive	new	47.429246826688214
2020-03-17	positive	active	694.2374762444849
2020-03-17	infectious	new	22.380607565005597
2020-03-17	infectious	active	492.00218582287516
2020-03-17	possymp	new	15.436293338325088
2020-03-17	possymp	active	71.05091522494956
2020-03-18	infections	start	55.49868957940818
2020-03-18	positive	start	56.76025622580628
2020-03-18	infectious	start	57.263158319732185
2020-03-18	symptoms	start	56.55216636204593
2020-03-18	infectious	end	39.47548810076785
2020-03-18	symptoms	end	30.066136825122758
2020-03-18	positive	end	12.825739886560346
2020-03-18	reported	end	73.37724388924408
2020-03-18	symptoms	new	26.486029536923173
2020-03-18	symptoms	active	472.04170020412244
2020-03-18	presymp	new	0.20808986376034966
2020-03-18	presymp	active	177.8389802160964
2020-03-18	positive	new	43.93451633924593
2020-03-18	positive	active	738.1719925837308
2020-03-18	infectious	new	17.787670218964337
2020-03-18	infectious	active	509.78985604183947
2020-03-18	possymp	new	17.240396938562412
2020-03-18	possymp	active	88.29131216351198
2020-03-19	infections	start	54.61585047406536
2020-03-19	positive	start	56.18578862768917
2020-03-19	infectious	start	56.712053718649614
2020-03-19	symptoms	start	56.214404580947644
2020-03-19	infectious	end	43.271015253685796
2020-03-19	symptoms	end	34.77390179725052
2020-03-19	positive	end	16.471577378669632
2020-03-19	reported	end	47.95898293414646
2020-03-19	symptoms	new	21.440502783697127
2020-03-19	symptoms	active	493.48220298781956
2020-03-19	presymp	new	-0.028615953258473326
2020-03-19	presymp	active	177.81036426283794
2020-03-19	positive	new	39.71421124901954
2020-03-19	positive	active	777.8862038327503
2020-03-19	infectious	new	13.441038464963817
2020-03-19	infectious	active	523.2308945068033
2020-03-19	possymp	new	18.302324418580884
2020-03-19	possymp	active	106.59363658209286
2020-03-20	infections	start	53.4740985041924
2020-03-20	positive	start	55.48586412673796
2020-03-20	infectious	start	56.138660754605674
2020-03-20	symptoms	start	55.71096234996347
2020-03-20	infectious	end	46.81587091438574
2020-03-20	symptoms	end	39.1376448278109
2020-03-20	positive	end	20.572606634342424
2020-03-20	reported	end	60.42831849702454
2020-03-20	symptoms	new	16.573317522152564
2020-03-20	symptoms	active	510.0555205099721
2020-03-20	presymp	new	-0.22509822322550832
2020-03-20	presymp	active	177.5852660396124
2020-03-20	positive	new	34.91325749239553
2020-03-20	positive	active	812.7994613251459
2020-03-20	infectious	new	9.322789840219933
2020-03-20	infectious	active	532.5536843470232
2020-03-20	possymp	new	18.565038193468478
2020-03-20	possymp	active	125.15867477556134
2020-03-21	infections	start	52.16981958164692
2020-03-21	positive	start	54.60700159670607
2020-03-21	infectious	start	55.44694286346424
2020-03-21	symptoms	start	55.205528180340266
2020-03-21	infectious	end	49.88705471673892
2020-03-21	symptoms	end	43.17301456697901
2020-03-21	positive	end	24.83607424945544
2020-03-21	reported	end	35.48964737126838
2020-03-21	symptoms	new	12.032513613361253
2020-03-21	symptoms	active	522.0880341233334
2020-03-21	presymp	new	-0.5985265836341966
2020-03-21	presymp	active	176.9867394559782
2020-03-21	positive	new	29.77092734725063
2020-03-21	positive	active	842.5703886723965
2020-03-21	infectious	new	5.559888146725314
2020-03-21	infectious	active	538.1135724937485
2020-03-21	possymp	new	18.336940317523574
2020-03-21	possymp	active	143.49561509308492
2020-03-22	infections	start	50.84804480129206
2020-03-22	positive	start	53.47864242208977
2020-03-22	infectious	start	54.58624794753272
2020-03-22	symptoms	start	54.742492379981194
2020-03-22	infectious	end	52.18101413812179
2020-03-22	symptoms	end	46.888627182665
2020-03-22	positive	end	29.279650692743576
2020-03-22	reported	end	29.734569419170807
2020-03-22	symptoms	new	7.853865197316196
2020-03-22	symptoms	active	529.9418993206496
2020-03-22	presymp	new	-1.2638499578914235
2020-03-22	presymp	active	175.7228894980868
2020-03-22	positive	new	24.198991729346194
2020-03-22	positive	active	866.7693804017428
2020-03-22	infectious	new	2.4052338094109302
2020-03-22	infectious	active	540.5188063031595
2020-03-22	possymp	new	17.60897648992142
2020-03-22	possymp	active	161.10459158300634
2020-03-23	infections	start	49.50234975912545
2020-03-23	positive	start	52.192720647184004
2020-03-23	infectious	start	53.4821400446086
2020-03-23	symptoms	start	54.21766702282548
2020-03-23	infectious	end	53.47691734750574
2020-03-23	symptoms	end	50.04910084172826
2020-03-23	positive	end	33.91616060708087
2020-03-23	reported	end	77.2139625239758
2020-03-23	symptoms	new	4.168566181097219
2020-03-23	symptoms	active	534.1104655017468
2020-03-23	presymp	new	-2.024946375641477
2020-03-23	presymp	active	173.6979431224453
2020-03-23	positive	new	18.276560040103135
2020-03-23	positive	active	885.0459404418458
2020-03-23	infectious	new	0.005222697102858831
2020-03-23	infectious	active	540.5240290002623
2020-03-23	possymp	new	16.132940234647393
2020-03-23	possymp	active	177.23753181765372
2020-03-24	infections	start	48.129342160180045
2020-03-24	positive	start	50.89040561036167
2020-03-24	infectious	start	52.220480693096484
2020-03-24	symptoms	start	53.544002831573174
2020-03-24	infectious	end	53.85785688593417
2020-03-24	symptoms	end	52.33786555275661
2020-03-24	positive	end	38.40471248436071
2020-03-24	reported	end	63.785447302414795
2020-03-24	symptoms	new	1.2061372788165627
2020-03-24	symptoms	active	535.3166027805634
2020-03-24	presymp	new	-2.6535972212115055
2020-03-24	presymp	active	171.0443459012338
2020-03-24	positive	new	12.48569312600096
2020-03-24	positive	active	897.5316335678468
2020-03-24	infectious	new	-1.637376192837685
2020-03-24	infectious	active	538.8866528074246
2020-03-24	possymp	new	13.933153068395903
2020-03-24	possymp	active	191.17068488604963
2020-03-25	infections	start	46.35709013389994
2020-03-25	positive	start	49.56416598663832
2020-03-25	infectious	start	50.94020895838176
2020-03-25	symptoms	start	52.619252508049286
2020-03-25	infectious	end	53.994306629581416
2020-03-25	symptoms	end	53.70995248491883
2020-03-25	positive	end	42.40393551923931
2020-03-25	reported	end	62.3466778143904
2020-03-25	symptoms	new	-1.0906999768695442
2020-03-25	symptoms	active	534.2259028036938
2020-03-25	presymp	new	-3.0550865214109635
2020-03-25	presymp	active	167.98925937982284
2020-03-25	positive	new	7.1602304673990105
2020-03-25	positive	active	904.6918640352458
2020-03-25	infectious	new	-3.0540976711996564
2020-03-25	infectious	active	535.832555136225
2020-03-25	possymp	new	11.306016965679518
2020-03-25	possymp	active	202.47670185172916
2020-03-26	infections	start	43.910695525622735
2020-03-26	positive	start	48.21140934863153
2020-03-26	infectious	start	49.63383352479828
2020-03-26	symptoms	start	51.51382608660632
2020-03-26	infectious	end	54.30312317826424
2020-03-26	symptoms	end	54.21144675428594
2020-03-26	positive	end	45.95007037908014
2020-03-26	reported	end	57.07118969163429
2020-03-26	symptoms	new	-2.6976206676796153
2020-03-26	symptoms	active	531.5282821360142
2020-03-26	presymp	new	-3.302416737974795
2020-03-26	presymp	active	164.68684264184805
2020-03-26	positive	new	2.261338969551389
2020-03-26	positive	active	906.9532030047972
2020-03-26	infectious	new	-4.66928965346596
2020-03-26	infectious	active	531.163265482759
2020-03-26	possymp	new	8.2613763752058
2020-03-26	possymp	active	210.73807822693496
2020-03-27	infections	start	40.93758574180911
2020-03-27	positive	start	46.460974593207574
2020-03-27	infectious	start	48.30103797224631
2020-03-27	symptoms	start	50.36552424598444
2020-03-27	infectious	end	54.66036977330822
2020-03-27	symptoms	end	54.366366707877454
2020-03-27	positive	end	49.1008274695262
2020-03-27	reported	end	61.86708798504893
2020-03-27	symptoms	new	-4.000842461893015
2020-03-27	symptoms	active	527.5274396741212
2020-03-27	presymp	new	-3.904549652776865
2020-03-27	presymp	active	160.78229298907118
2020-03-27	positive	new	-2.6398528763186278
2020-03-27	positive	active	904.3133501284785
2020-03-27	infectious	new	-6.359331801061906
2020-03-27	infectious	active	524.8039336816971
2020-03-27	possymp	new	5.265539238351252
2020-03-27	possymp	active	216.0036174652862
2020-03-28	infections	start	37.58764682748325
2020-03-28	positive	start	44.03677093493224
2020-03-28	infectious	start	46.572420233647556
2020-03-28	symptoms	start	49.181043817296285
2020-03-28	infectious	end	54.88455924924095
2020-03-28	symptoms	end	54.636541328764956
2020-03-28	positive	end	51.7400235557577
2020-03-28	reported	end	31.1733389071952
2020-03-28	symptoms	new	-5.455497511468671
2020-03-28	symptoms	active	522.0719421626525
2020-03-28	presymp	new	-5.144272882364042
2020-03-28	presymp	active	155.63802010670716
2020-03-28	positive	new	-7.7032526208254595
2020-03-28	positive	active	896.6100975076531
2020-03-28	infectious	new	-8.312139015593395
2020-03-28	infectious	active	516.4917946661037
2020-03-28	possymp	new	2.896517773007254
2020-03-28	possymp	active	218.90013523829344
2020-03-29	infections	start	34.48627470187754
2020-03-29	positive	start	41.08282026184665
2020-03-29	infectious	start	44.170593231543464
2020-03-29	symptoms	start	47.975351267873386
2020-03-29	infectious	end	54.74641845622018
2020-03-29	symptoms	end	54.90370073838068
2020-03-29	positive	end	53.65145602218679
2020-03-29	reported	end	22.061132149707372
2020-03-29	symptoms	new	-6.9283494705072926
2020-03-29	symptoms	active	515.1435926921453
2020-03-29	presymp	new	-6.892531006026736
2020-03-29	presymp	active	148.7454891006804
2020-03-29	positive	new	-12.568635760340143
2020-03-29	positive	active	884.041461747313
2020-03-29	infectious	new	-10.575825224676713
2020-03-29	infectious	active	505.915969441427
2020-03-29	possymp	new	1.2522447161938857
2020-03-29	possymp	active	220.15237995448734
2020-03-30	infections	start	31.92538590991995
2020-03-30	positive	start	37.74367102149223
2020-03-30	infectious	start	41.235443833571864
2020-03-30	symptoms	start	46.38720090093491
2020-03-30	infectious	end	54.2719786208171
2020-03-30	symptoms	end	55.05535317761368
2020-03-30	positive	end	54.774023143280615
2020-03-30	reported	end	76.25478286529287
2020-03-30	symptoms	new	-8.668152276678775
2020-03-30	symptoms	active	506.47544041546644
2020-03-30	presymp	new	-8.643529879442674
2020-03-30	presymp	active	140.10195922123773
2020-03-30	positive	new	-17.030352121788383
2020-03-30	positive	active	867.0111096255246
2020-03-30	infectious	new	-13.036534787245238
2020-03-30	infectious	active	492.8794346541818
2020-03-30	possymp	new	0.2813300343330667
2020-03-30	possymp	active	220.4337099888204
2020-03-31	infections	start	29.569007092091177
2020-03-31	positive	start	34.64254794726359
2020-03-31	infectious	start	37.90522412569737
2020-03-31	symptoms	start	44.12506390253579
2020-03-31	infectious	end	53.68624074849652
2020-03-31	symptoms	end	54.92021940058556
2020-03-31	positive	end	55.051319427996624
2020-03-31	reported	end	55.6324202036099
2020-03-31	symptoms	new	-10.795155498049766
2020-03-31	symptoms	active	495.68028491741666
2020-03-31	presymp	new	-9.482515955272206
2020-03-31	presymp	active	130.61944326596554
2020-03-31	positive	new	-20.408771480733037
2020-03-31	positive	active	846.6023381447916
2020-03-31	infectious	new	-15.78101662279915
2020-03-31	infectious	active	477.0984180313826
2020-03-31	possymp	new	-0.1311000274110654
2020-03-31	possymp	active	220.30260996140933
2020-04-01	infections	start	27.0975957599075
2020-04-01	positive	start	32.07200422663341
2020-04-01	infectious	start	34.801365244000934
2020-04-01	symptoms	start	41.301084327452344
2020-04-01	infectious	end	53.16262409878261
2020-04-01	symptoms	end	54.5118981712167
2020-04-01	positive	end	54.955349487483446
2020-04-01	reported	end	60.907908326366005
2020-04-01	symptoms	new	-13.210813843764356
2020-04-01	symptoms	active	482.4694710736523
2020-04-01	presymp	new	-9.229080100818933
2020-04-01	presymp	active	121.3903631651466
2020-04-01	positive	new	-22.883345260850035
2020-04-01	positive	active	823.7189928839415
2020-04-01	infectious	new	-18.361258854781674
2020-04-01	infectious	active	458.737159176601
2020-04-01	possymp	new	-0.4434513162667457
2020-04-01	possymp	active	219.8591586451426
2020-04-02	infections	start	24.440945570981317
2020-04-02	positive	start	29.6976773223528
2020-04-02	infectious	start	32.21849238667616
2020-04-02	symptoms	start	38.036677546092754
2020-04-02	infectious	end	52.66769819770006
2020-04-02	symptoms	end	54.013568373083075
2020-04-02	positive	end	54.950719079061386
2020-04-02	reported	end	49.87734225151232
2020-04-02	symptoms	new	-15.97689082699032
2020-04-02	symptoms	active	466.492580246662
2020-04-02	presymp	new	-8.339000223739955
2020-04-02	presymp	active	113.05136294140665
2020-04-02	positive	new	-25.253041756708587
2020-04-02	positive	active	798.4659511272329
2020-04-02	infectious	new	-20.4492058110239
2020-04-02	infectious	active	438.28795336557704
2020-04-02	possymp	new	-0.9371507059783113
2020-04-02	possymp	active	218.92200793916427
2020-04-03	infections	start	21.921688277049448
2020-04-03	positive	start	27.204457095518993
2020-04-03	infectious	start	29.825633735753605
2020-04-03	symptoms	start	34.96057587809263
2020-04-03	infectious	end	52.04083007389904
2020-04-03	symptoms	end	53.56749238517178
2020-04-03	positive	end	54.96468794282089
2020-04-03	reported	end	57.55077952097575
2020-04-03	symptoms	new	-18.606916507079156
2020-04-03	symptoms	active	447.88566373958287
2020-04-03	presymp	new	-7.756118782573633
2020-04-03	presymp	active	105.29524415883301
2020-04-03	positive	new	-27.760230847301894
2020-04-03	positive	active	770.705720279931
2020-04-03	infectious	new	-22.215196338145432
2020-04-03	infectious	active	416.07275702743163
2020-04-03	possymp	new	-1.3971955576491055
2020-04-03	possymp	active	217.52481238151518
2020-04-04	infections	start	19.80526013084173
2020-04-04	positive	start	24.52714420737068
2020-04-04	infectious	start	27.313494541719667
2020-04-04	symptoms	start	32.40023202078895
2020-04-04	infectious	end	51.158753937449035
2020-04-04	symptoms	end	53.16667174592314
2020-04-04	positive	end	54.9233713134249
2020-04-04	reported	end	31.652928736536662
2020-04-04	symptoms	new	-20.76643972513419
2020-04-04	symptoms	active	427.11922401444866
2020-04-04	presymp	new	-7.87308781341827
2020-04-04	presymp	active	97.42215634541475
2020-04-04	positive	new	-30.396227106054223
2020-04-04	positive	active	740.3094931738768
2020-04-04	infectious	new	-23.845259395729368
2020-04-04	infectious	active	392.22749763170225
2020-04-04	possymp	new	-1.7566995675017623
2020-04-04	possymp	active	215.76811281401342
2020-04-05	infections	start	18.34405087553001
2020-04-05	positive	start	21.990635300207053
2020-04-05	infectious	start	24.620425692088222
2020-04-05	symptoms	start	30.055089740539394
2020-04-05	infectious	end	49.807769846172356
2020-04-05	symptoms	end	52.61426520785716
2020-04-05	positive	end	54.6416968440072
2020-04-05	reported	end	23.97949146707323
2020-04-05	symptoms	new	-22.559175467317765
2020-04-05	symptoms	active	404.56004854713086
2020-04-05	presymp	new	-8.06445444033234
2020-04-05	presymp	active	89.35770190508241
2020-04-05	positive	new	-32.65106154380015
2020-04-05	positive	active	707.6584316300766
2020-04-05	infectious	new	-25.187344154084133
2020-04-05	infectious	active	367.0401534776181
2020-04-05	possymp	new	-2.027431636150041
2020-04-05	possymp	active	213.74068117786337
2020-04-06	infections	start	17.42793479695517
2020-04-06	positive	start	19.858661492807357
2020-04-06	infectious	start	22.070919587481818
2020-04-06	symptoms	start	27.61877166645293
2020-04-06	infectious	end	47.747559925318924
2020-04-06	symptoms	end	51.718533835782054
2020-04-06	positive	end	54.07906042133046
2020-04-06	reported	end	65.70380661978065
2020-04-06	symptoms	new	-24.099762169329125
2020-04-06	symptoms	active	380.46028637780176
2020-04-06	presymp	new	-7.760110173645572
2020-04-06	presymp	active	81.59759173143684
2020-04-06	positive	new	-34.2203989285231
2020-04-06	positive	active	673.4380327015535
2020-04-06	infectious	new	-25.676640337837107
2020-04-06	infectious	active	341.363513139781
2020-04-06	possymp	new	-2.3605265855484063
2020-04-06	possymp	active	211.38015459231497
2020-04-07	infections	start	16.69474094291779
2020-04-07	positive	start	18.381044507092415
2020-04-07	infectious	start	19.925272450939186
2020-04-07	symptoms	start	25.005395808390876
2020-04-07	infectious	end	44.995474537384084
2020-04-07	symptoms	end	50.29691317313816
2020-04-07	positive	end	53.368176955904914
2020-04-07	reported	end	51.79570156887818
2020-04-07	symptoms	new	-25.291517364747282
2020-04-07	symptoms	active	355.1687690130545
2020-04-07	presymp	new	-6.624351301298461
2020-04-07	presymp	active	74.97324043013838
2020-04-07	positive	new	-34.9871324488125
2020-04-07	positive	active	638.450900252741
2020-04-07	infectious	new	-25.070202086444898
2020-04-07	infectious	active	316.29331105333614
2020-04-07	possymp	new	-3.0712637827667564
2020-04-07	possymp	active	208.30889080954822
2020-04-08	infections	start	16.01586442440867
2020-04-08	positive	start	17.446723218369975
2020-04-08	infectious	start	18.430437210655356
2020-04-08	symptoms	start	22.503525385626357
2020-04-08	infectious	end	41.72925671657336
2020-04-08	symptoms	end	48.12594663971806
2020-04-08	positive	end	52.62925764065341
2020-04-08	reported	end	49.39775242217085
2020-04-08	symptoms	new	-25.6224212540917
2020-04-08	symptoms	active	329.5463477589628
2020-04-08	presymp	new	-5.056802167256382
2020-04-08	presymp	active	69.91643826288198
2020-04-08	positive	new	-35.18253442228343
2020-04-08	positive	active	603.2683658304576
2020-04-08	infectious	new	-23.298819505918004
2020-04-08	infectious	active	292.99449154741814
2020-04-08	possymp	new	-4.503311000935348
2020-04-08	possymp	active	203.80557980861286
2020-04-09	infections	start	15.260591208469776
2020-04-09	positive	start	16.696948218200117
2020-04-09	infectious	start	17.47675389450044
2020-04-09	symptoms	start	20.36216902415172
2020-04-09	infectious	end	38.3997303435935
2020-04-09	symptoms	end	45.253650786403945
2020-04-09	positive	end	51.84829256001972
2020-04-09	reported	end	32.13251856587813
2020-04-09	symptoms	new	-24.891481762252226
2020-04-09	symptoms	active	304.65486599671056
2020-04-09	presymp	new	-3.665220805951602
2020-04-09	presymp	active	66.25121745693039
2020-04-09	positive	new	-35.15134434181961
2020-04-09	positive	active	568.117021488638
2020-04-09	infectious	new	-20.922976449093056
2020-04-09	infectious	active	272.07151509832505
2020-04-09	possymp	new	-6.594641773615777
2020-04-09	possymp	active	197.2109380349971
2020-04-10	infections	start	14.404700990236853
2020-04-10	positive	start	16.00877663922678
2020-04-10	infectious	start	16.711165808832806
2020-04-10	symptoms	start	18.858447775960705
2020-04-10	infectious	end	35.65752488787678
2020-04-10	symptoms	end	42.03237713770263
2020-04-10	positive	end	50.855551412171494
2020-04-10	reported	end	21.58154232036591
2020-04-10	symptoms	new	-23.173929361741926
2020-04-10	symptoms	active	281.4809366349686
2020-04-10	presymp	new	-2.8496711367339245
2020-04-10	presymp	active	63.40154632019646
2020-04-10	positive	new	-34.84677477294471
2020-04-10	positive	active	533.2702467156932
2020-04-10	infectious	new	-18.946359079043976
2020-04-10	infectious	active	253.1251560192811
2020-04-10	possymp	new	-8.823174274468862
2020-04-10	possymp	active	188.38776376052823
2020-04-11	infections	start	13.534048457946978
2020-04-11	positive	start	15.253944435503715
2020-04-11	infectious	start	16.016239131831906
2020-04-11	symptoms	start	17.91753458491118
2020-04-11	infectious	end	33.494853142916014
2020-04-11	symptoms	end	38.76390939849002
2020-04-11	positive	end	49.54092201157221
2020-04-11	reported	end	11.989745733536616
2020-04-11	symptoms	new	-20.84637481357884
2020-04-11	symptoms	active	260.6345618213898
2020-04-11	presymp	new	-2.663590149407465
2020-04-11	presymp	active	60.737956170789
2020-04-11	positive	new	-34.286977576068494
2020-04-11	positive	active	498.9832691396248
2020-04-11	infectious	new	-17.478614011084108
2020-04-11	infectious	active	235.64654200819697
2020-04-11	possymp	new	-10.777012613082192
2020-04-11	possymp	active	177.61075114744602
2020-04-12	infections	start	12.681563185959687
2020-04-12	positive	start	14.40527656312678
2020-04-12	infectious	start	15.264009951934572
2020-04-12	symptoms	start	17.19875364834206
2020-04-12	infectious	end	31.3517295039549
2020-04-12	symptoms	end	35.93218350347109
2020-04-12	positive	end	47.82068620714774
2020-04-12	reported	end	10.55097624551222
2020-04-12	symptoms	new	-18.733429855129028
2020-04-12	symptoms	active	241.90113196626075
2020-04-12	presymp	new	-2.7934770852152795
2020-04-12	presymp	active	57.94447908557372
2020-04-12	positive	new	-33.415409644020954
2020-04-12	positive	active	465.56785949560384
2020-04-12	infectious	new	-16.087719552020328
2020-04-12	infectious	active	219.55882245617664
2020-04-12	possymp	new	-11.88850270367665
2020-04-12	possymp	active	165.7222484437694
2020-04-13	infections	start	11.860704877328448
2020-04-13	positive	start	13.542629319156747
2020-04-13	infectious	start	14.42214679875065
2020-04-13	symptoms	start	16.571989627026714
2020-04-13	infectious	end	28.785019010960227
2020-04-13	symptoms	end	33.56389449153915
2020-04-13	positive	end	45.552279716950586
2020-04-13	reported	end	20.622362661682978
2020-04-13	symptoms	new	-16.99190486451244
2020-04-13	symptoms	active	224.90922710174831
2020-04-13	presymp	new	-3.0293603078699665
2020-04-13	presymp	active	54.91511877770375
2020-04-13	positive	new	-32.00965039779384
2020-04-13	positive	active	433.55820909781
2020-04-13	infectious	new	-14.362872212209577
2020-04-13	infectious	active	205.19595024396708
2020-04-13	possymp	new	-11.988385225411434
2020-04-13	possymp	active	153.73386321835795
2020-04-14	infections	start	11.143124858568834
2020-04-14	positive	start	12.694119301884893
2020-04-14	infectious	start	13.564248640120777
2020-04-14	symptoms	start	15.875918167731273
2020-04-14	infectious	end	25.896742207535652
2020-04-14	symptoms	end	31.197939294773327
2020-04-14	positive	end	42.7702339384734
2020-04-14	reported	end	25.418260955097622
2020-04-14	symptoms	new	-15.322021127042055
2020-04-14	symptoms	active	209.58720597470625
2020-04-14	presymp	new	-3.18179886584638
2020-04-14	presymp	active	51.73331991185737
2020-04-14	positive	new	-30.07611463658851
2020-04-14	positive	active	403.4820944612215
2020-04-14	infectious	new	-12.332493567414875
2020-04-14	infectious	active	192.8634566765522
2020-04-14	possymp	new	-11.572294643700076
2020-04-14	possymp	active	142.16156857465788
2020-04-15	infections	start	10.521390129081631
2020-04-15	positive	start	11.87208409774134
2020-04-15	infectious	start	12.714884690465974
2020-04-15	symptoms	start	15.047806942849189
2020-04-15	infectious	end	23.210214741723995
2020-04-15	symptoms	end	28.53094644444973
2020-04-15	positive	end	39.663352530509016
2020-04-15	reported	end	29.25497958982934
2020-04-15	symptoms	new	-13.48313950160054
2020-04-15	symptoms	active	196.10406647310572
2020-04-15	presymp	new	-3.175722845107849
2020-04-15	presymp	active	48.55759706674952
2020-04-15	positive	new	-27.791268432767676
2020-04-15	positive	active	375.69082602845384
2020-04-15	infectious	new	-10.495330051258021
2020-04-15	infectious	active	182.36812662529417
2020-04-15	possymp	new	-11.132406086059287
2020-04-15	possymp	active	131.0291624885986
2020-04-16	infections	start	9.90010308188755
2020-04-16	positive	start	11.150396479647883
2020-04-16	infectious	start	11.887580911766461
2020-04-16	symptoms	start	14.159549372997065
2020-04-16	infectious	end	21.23684403371907
2020-04-16	symptoms	end	25.660801010271577
2020-04-16	positive	end	36.399745675596876
2020-04-16	reported	end	26.377440613780553
2020-04-16	symptoms	new	-11.501251637274512
2020-04-16	symptoms	active	184.6028148358312
2020-04-16	presymp	new	-3.0091528933491816
2020-04-16	presymp	active	45.54844417340034
2020-04-16	positive	new	-25.249349195948994
2020-04-16	positive	active	350.4414768325048
2020-04-16	infectious	new	-9.349263121952609
2020-04-16	infectious	active	173.01886350334158
2020-04-16	possymp	new	-10.738944665325299
2020-04-16	possymp	active	120.29021782327328
2020-04-17	infections	start	9.27331681504398
2020-04-17	positive	start	10.524440526457994
2020-04-17	infectious	start	11.159583870691128
2020-04-17	symptoms	start	13.25569146033228
2020-04-17	infectious	end	20.21291464600037
2020-04-17	symptoms	end	23.124099701303475
2020-04-17	positive	end	33.48067323382932
2020-04-17	reported	end	21.10195249102444
2020-04-17	symptoms	new	-9.868408240971196
2020-04-17	symptoms	active	174.73440659486002
2020-04-17	presymp	new	-2.7312509338742856
2020-04-17	presymp	active	42.817193239526055
2020-04-17	positive	new	-22.956232707371328
2020-04-17	positive	active	327.4852441251335
2020-04-17	infectious	new	-9.053330775309243
2020-04-17	infectious	active	163.96553272803231
2020-04-17	possymp	new	-10.356573532525847
2020-04-17	possymp	active	109.93364429074744
2020-04-18	infections	start	8.633117232650825
2020-04-18	positive	start	9.900815863529141
2020-04-18	infectious	start	10.528689958881056
2020-04-18	symptoms	start	12.369946726807717
2020-04-18	infectious	end	19.70276583945748
2020-04-18	symptoms	end	21.235151765328297
2020-04-18	positive	end	31.078751322693343
2020-04-18	reported	end	9.591796586829291
2020-04-18	symptoms	new	-8.86520503852058
2020-04-18	symptoms	active	165.86920155633945
2020-04-18	presymp	new	-2.4691308632785756
2020-04-18	presymp	active	40.348062376247476
2020-04-18	positive	new	-21.177935459164203
2020-04-18	positive	active	306.3073086659693
2020-04-18	infectious	new	-9.174075880576424
2020-04-18	infectious	active	154.7914568474559
2020-04-18	possymp	new	-9.843599557365046
2020-04-18	possymp	active	100.0900447333824
2020-04-19	infections	start	7.996500159851602
2020-04-19	positive	start	9.27440649974425
2020-04-19	infectious	start	9.90302195428308
2020-04-19	symptoms	start	11.596283002256222
2020-04-19	infectious	end	19.178673224053433
2020-04-19	symptoms	end	20.188997390291643
2020-04-19	positive	end	28.880807067383152
2020-04-19	reported	end	4.795898293414646
2020-04-19	symptoms	new	-8.592714388035422
2020-04-19	symptoms	active	157.27648716830402
2020-04-19	presymp	new	-2.321876502511971
2020-04-19	presymp	active	38.02618587373551
2020-04-19	positive	new	-19.6064005676389
2020-04-19	positive	active	286.7009080983304
2020-04-19	infectious	new	-9.275651269770353
2020-04-19	infectious	active	145.51580557768554
2020-04-19	possymp	new	-8.69180967709151
2020-04-19	possymp	active	91.39823505629089
2020-04-20	infections	start	7.387667080587118
2020-04-20	positive	start	8.636789273090033
2020-04-20	infectious	start	9.277500535596017
2020-04-20	symptoms	start	10.937643726844057
2020-04-20	infectious	end	18.428408328888853
2020-04-20	symptoms	end	19.68008181799998
2020-04-20	positive	end	26.588914736440117
2020-04-20	reported	end	21.58154232036591
2020-04-20	symptoms	new	-8.742438091155924
2020-04-20	symptoms	active	148.5340490771481
2020-04-20	presymp	new	-2.300854453754024
2020-04-20	presymp	active	35.72533141998149
2020-04-20	positive	new	-17.952125463350086
2020-04-20	positive	active	268.74878263498033
2020-04-20	infectious	new	-9.150907793292836
2020-04-20	infectious	active	136.3648977843927
2020-04-20	possymp	new	-6.908832918440137
2020-04-20	possymp	active	84.48940213785075
2020-04-21	infections	start	6.808379755700342
2020-04-21	positive	start	8.003828750153694
2020-04-21	infectious	start	8.642633104595864
2020-04-21	symptoms	start	10.295609134637827
2020-04-21	infectious	end	17.34022061921413
2020-04-21	symptoms	end	19.1241987003633
2020-04-21	positive	end	24.154069818935444
2020-04-21	reported	end	19.183593173658583
2020-04-21	symptoms	new	-8.828589565725474
2020-04-21	symptoms	active	139.70545951142262
2020-04-21	presymp	new	-2.2917803844841327
2020-04-21	presymp	active	33.43355103549735
2020-04-21	positive	new	-16.15024106878175
2020-04-21	positive	active	252.59854156619858
2020-04-21	infectious	new	-8.697587514618265
2020-04-21	infectious	active	127.66731026977445
2020-04-21	possymp	new	-5.029871118572142
2020-04-21	possymp	active	79.4595310192786
2020-04-22	infections	start	6.261135316871616
2020-04-22	positive	start	7.398620690821741
2020-04-22	infectious	start	8.013112024513761
2020-04-22	symptoms	start	9.659577279868431
2020-04-22	infectious	end	16.107981300462697
2020-04-22	symptoms	end	18.364653415486508
2020-04-22	positive	end	21.910331955250893
2020-04-22	reported	end	13.428515221561009
2020-04-22	symptoms	new	-8.705076135618077
2020-04-22	symptoms	active	131.00038337580455
2020-04-22	presymp	new	-2.26095658904669
2020-04-22	presymp	active	31.17259444645066
2020-04-22	positive	new	-14.511711264429152
2020-04-22	positive	active	238.08683030176942
2020-04-22	infectious	new	-8.094869275948936
2020-04-22	infectious	active	119.57244099382551
2020-04-22	possymp	new	-3.545678539764385
2020-04-22	possymp	active	75.91385247951422
2020-04-23	infections	start	5.72038994646961
2020-04-23	positive	start	6.822110321524756
2020-04-23	infectious	start	7.4109061597209775
2020-04-23	symptoms	start	9.014105180515328
2020-04-23	infectious	end	14.958021053719106
2020-04-23	symptoms	end	17.30684453470122
2020-04-23	positive	end	20.118276720138052
2020-04-23	reported	end	16.78564402695126
2020-04-23	symptoms	new	-8.292739354185892
2020-04-23	symptoms	active	122.70764402161865
2020-04-23	presymp	new	-2.1919948589905722
2020-04-23	presymp	active	28.980599587460087
2020-04-23	positive	new	-13.296166398613297
2020-04-23	positive	active	224.79066390315612
2020-04-23	infectious	new	-7.5471148939981285
2020-04-23	infectious	active	112.02532609982738
2020-04-23	possymp	new	-2.811432185436832
2020-04-23	possymp	active	73.10242029407739
2020-04-24	infections	start	5.166635307047559
2020-04-24	positive	start	6.276647847632585
2020-04-24	infectious	start	6.836261947309742
2020-04-24	symptoms	start	8.368753325886965
2020-04-24	infectious	end	13.974346994831148
2020-04-24	symptoms	end	16.091437451585442
2020-04-24	positive	end	19.036498305968568
2020-04-24	reported	end	13.908105050902474
2020-04-24	symptoms	new	-7.722684125698477
2020-04-24	symptoms	active	114.98495989592017
2020-04-24	presymp	new	-2.09210547825438
2020-04-24	presymp	active	26.88849410920571
2020-04-24	positive	new	-12.759850458335983
2020-04-24	positive	active	212.03081344482013
2020-04-24	infectious	new	-7.138085047521406
2020-04-24	infectious	active	104.88724105230597
2020-04-24	possymp	new	-2.945060854383126
2020-04-24	possymp	active	70.15735943969426
2020-04-25	infections	start	4.611933208887185
2020-04-25	positive	start	5.737033319569095
2020-04-25	infectious	start	6.291857702385609
2020-04-25	symptoms	start	7.745664715325465
2020-04-25	infectious	end	13.228912707123323
2020-04-25	symptoms	end	14.977768918477276
2020-04-25	positive	end	18.44896260767599
2020-04-25	reported	end	5.755077952097575
2020-04-25	symptoms	new	-7.232104203151811
2020-04-25	symptoms	active	107.75285569276836
2020-04-25	presymp	new	-2.00863139575637
2020-04-25	presymp	active	24.879862713449338
2020-04-25	positive	new	-12.711929288106896
2020-04-25	positive	active	199.31888415671324
2020-04-25	infectious	new	-6.937055004737714
2020-04-25	infectious	active	97.95018604756825
2020-04-25	possymp	new	-3.4711936891987154
2020-04-25	possymp	active	66.68616575049555
2020-04-26	infections	start	4.067849369871262
2020-04-26	positive	start	5.183940854623402
2020-04-26	infectious	start	5.75304440344126
2020-04-26	symptoms	start	7.149662931910208
2020-04-26	infectious	end	12.623554536393172
2020-04-26	symptoms	end	14.028891814341987
2020-04-26	positive	end	17.87076844913559
2020-04-26	reported	end	5.755077952097575
2020-04-26	symptoms	new	-6.8792288824317795
2020-04-26	symptoms	active	100.87362681033657
2020-04-26	presymp	new	-1.9657220772868058
2020-04-26	presymp	active	22.914140636162532
2020-04-26	positive	new	-12.686827594512188
2020-04-26	positive	active	186.63205656220106
2020-04-26	infectious	new	-6.870510132951912
2020-04-26	infectious	active	91.07967591461635
2020-04-26	possymp	new	-3.8418766347936018
2020-04-26	possymp	active	62.84428911570195
2020-04-27	infections	start	3.5797151954714925
2020-04-27	positive	start	4.629277260667814
2020-04-27	infectious	start	5.200458294610563
2020-04-27	symptoms	start	6.586693176275413
2020-04-27	infectious	end	11.915662797984712
2020-04-27	symptoms	end	13.253286281521593
2020-04-27	positive	end	17.174369872013887
2020-04-27	reported	end	11.030566074853686
2020-04-27	symptoms	new	-6.6665931052461795
2020-04-27	symptoms	active	94.2070337050904
2020-04-27	presymp	new	-1.9574159156075996
2020-04-27	presymp	active	20.956724720554934
2020-04-27	positive	new	-12.545092611346075
2020-04-27	positive	active	174.08696395085497
2020-04-27	infectious	new	-6.715204503374149
2020-04-27	infectious	active	84.36447141124219
2020-04-27	possymp	new	-3.9210835904922945
2020-04-27	possymp	active	58.92320552520965
2020-04-28	infections	start	3.1709566400948175
2020-04-28	positive	start	4.0842733484189235
2020-04-28	infectious	start	4.645725593647351
2020-04-28	symptoms	start	6.0313885456149166
2020-04-28	infectious	end	11.081459818922808
2020-04-28	symptoms	end	12.608294257137736
2020-04-28	positive	end	16.239595817009597
2020-04-28	reported	end	11.989745733536616
2020-04-28	symptoms	new	-6.576905711522819
2020-04-28	symptoms	active	87.63012799356758
2020-04-28	presymp	new	-1.947115197195993
2020-04-28	presymp	active	19.00960952335894
2020-04-28	positive	new	-12.155322468590674
2020-04-28	positive	active	161.9316414822643
2020-04-28	infectious	new	-6.435734225275456
2020-04-28	infectious	active	77.92873718596674
2020-04-28	possymp	new	-3.6313015598718614
2020-04-28	possymp	active	55.29190396533779
2020-04-29	infections	start	2.820231533519828
2020-04-29	positive	start	3.594168012126834
2020-04-29	infectious	start	4.09965296840835
2020-04-29	symptoms	start	5.461677823767446
2020-04-29	infectious	end	10.287458655605553
2020-04-29	symptoms	end	11.914852071707553
2020-04-29	positive	end	15.155392666707677
2020-04-29	reported	end	10.55097624551222
2020-04-29	symptoms	new	-6.453174247940107
2020-04-29	symptoms	active	81.17695374562747
2020-04-29	presymp	new	-1.8675098116406121
2020-04-29	presymp	active	17.142099711718327
2020-04-29	positive	new	-11.561224654580842
2020-04-29	positive	active	150.37041682768347
2020-04-29	infectious	new	-6.187805687197203
2020-04-29	infectious	active	71.74093149876954
2020-04-29	possymp	new	-3.240540595000123
2020-04-29	possymp	active	52.05136337033767
2020-04-30	infections	start	2.5066284735149873
2020-04-30	positive	start	3.1825213776065207
2020-04-30	infectious	start	3.607405340836863
2020-04-30	symptoms	start	4.887038420878835
2020-04-30	infectious	end	9.620321903953295
2020-04-30	symptoms	end	11.116254155866184
2020-04-30	positive	end	14.124119622136059
2020-04-30	reported	end	6.714257610780504
2020-04-30	symptoms	new	-6.229215734987348
2020-04-30	symptoms	active	74.94773801064012
2020-04-30	presymp	new	-1.7045170432723147
2020-04-30	presymp	active	15.437582668446014
2020-04-30	positive	new	-10.941598244529537
2020-04-30	positive	active	139.4288185831539
2020-04-30	infectious	new	-6.012916563116432
2020-04-30	infectious	active	65.7280149356531
2020-04-30	possymp	new	-3.007865466269875
2020-04-30	possymp	active	49.04349790406779
2020-05-01	infections	start	2.233341797216749
2020-05-01	positive	start	2.8282409689855927
2020-05-01	infectious	start	3.1927747710434815
2020-05-01	symptoms	start	4.317275283692648
2020-05-01	infectious	end	9.038757512791044
2020-05-01	symptoms	end	10.346871096666113
2020-05-01	positive	end	13.194925052908806
2020-05-01	reported	end	10.55097624551222
2020-05-01	symptoms	new	-6.029595812973466
2020-05-01	symptoms	active	68.91814219766665
2020-05-01	presymp	new	-1.4890343147070548
2020-05-01	presymp	active	13.948548353738959
2020-05-01	positive	new	-10.366684083923213
2020-05-01	positive	active	129.06213449923072
2020-05-01	infectious	new	-5.845982741747562
2020-05-01	infectious	active	59.882032193905545
2020-05-01	possymp	new	-2.8480539562426923
2020-05-01	possymp	active	46.1954439478251
2020-05-02	infections	start	2.0246912225387126
2020-05-02	positive	start	2.510889039545351
2020-05-02	infectious	start	2.835023695228973
2020-05-02	symptoms	start	3.800290686615576
2020-05-02	infectious	end	8.463142686723899
2020-05-02	symptoms	end	9.682507500240575
2020-05-02	positive	end	12.41775711359591
2020-05-02	reported	end	4.795898293414646
2020-05-02	symptoms	new	-5.882216813625
2020-05-02	symptoms	active	63.03592538404166
2020-05-02	presymp	new	-1.2894016470702248
2020-05-02	presymp	active	12.659146706668734
2020-05-02	positive	new	-9.906868074050559
2020-05-02	positive	active	119.15526642518014
2020-05-02	infectious	new	-5.628118991494926
2020-05-02	infectious	active	54.253913202410615
2020-05-02	possymp	new	-2.735249613355334
2020-05-02	possymp	active	43.46019433446977
2020-05-03	infections	start	1.8915854762768354
2020-05-03	positive	start	2.2341923878606362
2020-05-03	infectious	start	2.5142547145719822
2020-05-03	symptoms	start	3.3634057410187435
2020-05-03	infectious	end	7.85968002940736
2020-05-03	symptoms	end	9.10495925525932
2020-05-03	positive	end	11.792969070176474
2020-05-03	reported	end	3.357128805390252
2020-05-03	symptoms	new	-5.741553514240577
2020-05-03	symptoms	active	57.29437186980108
2020-05-03	presymp	new	-1.1292133531581072
2020-05-03	presymp	active	11.529933353510627
2020-05-03	positive	new	-9.558776682315838
2020-05-03	positive	active	109.5964897428643
2020-05-03	infectious	new	-5.345425314835378
2020-05-03	infectious	active	48.90848788757524
2020-05-03	possymp	new	-2.6880098149171534
2020-05-03	possymp	active	40.77218451955261
2020-05-04	infections	start	1.845665700316852
2020-05-04	positive	start	2.0227218544803147
2020-05-04	infectious	start	2.234629319437065
2020-05-04	symptoms	start	2.987138739906424
2020-05-04	infectious	end	7.208271847835975
2020-05-04	symptoms	end	8.524756147923643
2020-05-04	positive	end	11.146659239123116
2020-05-04	reported	end	8.632616928146362
2020-05-04	symptoms	new	-5.537617408017219
2020-05-04	symptoms	active	51.75675446178386
2020-05-04	presymp	new	-0.9644168854261093
2020-05-04	presymp	active	10.565516468084517
2020-05-04	positive	new	-9.123937384642801
2020-05-04	positive	active	100.4725523582215
2020-05-04	infectious	new	-4.973642528398909
2020-05-04	infectious	active	43.93484535917633
2020-05-04	possymp	new	-2.6219030911994725
2020-05-04	possymp	active	38.15028142835314
2020-05-05	infections	start	1.8388236163600098
2020-05-05	positive	start	1.887293251163773
2020-05-05	infectious	start	2.020807721537846
2020-05-05	symptoms	start	2.6513482685039453
2020-05-05	infectious	end	6.5322166507812325
2020-05-05	symptoms	end	7.9143337531505535
2020-05-05	positive	end	10.395194671593417
2020-05-05	reported	end	5.27548812275611
2020-05-05	symptoms	new	-5.262985484646608
2020-05-05	symptoms	active	46.49376897713726
2020-05-05	presymp	new	-0.7640550173401723
2020-05-05	presymp	active	9.801461450744345
2020-05-05	positive	new	-8.507901420429643
2020-05-05	positive	active	91.96465093779187
2020-05-05	infectious	new	-4.5114089292433865
2020-05-05	infectious	active	39.42343642993294
2020-05-05	possymp	new	-2.480860918442864
2020-05-05	possymp	active	35.669420509910275
2020-05-06	infections	start	1.8213991834706356
2020-05-06	positive	start	1.839288927220003
2020-05-06	infectious	start	1.8834053930306074
2020-05-06	symptoms	start	2.359719397713891
2020-05-06	infectious	end	5.860461153294084
2020-05-06	symptoms	end	7.254313054337653
2020-05-06	positive	end	9.647448987777615
2020-05-06	reported	end	6.714257610780504
2020-05-06	symptoms	new	-4.894593656623762
2020-05-06	symptoms	active	41.599175320513496
2020-05-06	presymp	new	-0.5204304704938878
2020-05-06	presymp	active	9.281030980250458
2020-05-06	positive	new	-7.808160060557612
2020-05-06	positive	active	84.15649087723426
2020-05-06	infectious	new	-3.9770557602634766
2020-05-06	infectious	active	35.446380669669466
2020-05-06	possymp	new	-2.393135933439962
2020-05-06	possymp	active	33.27628457647032
2020-05-07	infections	start	1.8037380577507423
2020-05-07	positive	start	1.830663515576251
2020-05-07	infectious	start	1.8335066589783238
2020-05-07	symptoms	start	2.1365312708493995
2020-05-07	infectious	end	5.200639348798407
2020-05-07	symptoms	end	6.558017131263341
2020-05-07	positive	end	8.980336266268887
2020-05-07	reported	end	3.357128805390252
2020-05-07	symptoms	new	-4.4214858604139415
2020-05-07	symptoms	active	37.17768946009955
2020-05-07	presymp	new	-0.3058677552731486
2020-05-07	presymp	active	8.975163224977308
2020-05-07	positive	new	-7.149672750692636
2020-05-07	positive	active	77.00681812654162
2020-05-07	infectious	new	-3.367132689820083
2020-05-07	infectious	active	32.079247979849384
2020-05-07	possymp	new	-2.422319135005546
2020-05-07	possymp	active	30.85396544146477
2020-05-08	infections	start	1.7965238711916927
2020-05-08	positive	start	1.812225029144222
2020-05-08	infectious	start	1.823235649569199
2020-05-08	symptoms	start	1.9922559661180277
2020-05-08	infectious	end	4.579688735311982
2020-05-08	symptoms	end	5.86239871467186
2020-05-08	positive	end	8.388112988578905
2020-05-08	reported	end	2.397949146707323
2020-05-08	symptoms	new	-3.8701427485538327
2020-05-08	symptoms	active	33.30754671154572
2020-05-08	presymp	new	-0.1800309369738058
2020-05-08	presymp	active	8.795132288003503
2020-05-08	positive	new	-6.5758879594346835
2020-05-08	positive	active	70.43093016710694
2020-05-08	infectious	new	-2.756453085742783
2020-05-08	infectious	active	29.3227948941066
2020-05-08	possymp	new	-2.5257142739070453
2020-05-08	possymp	active	28.328251167557724
2020-05-09	infections	start	1.8136083648803287
2020-05-09	positive	start	1.7945316492483343
2020-05-09	infectious	start	1.8039767778292701
2020-05-09	symptoms	start	1.939920647852214
2020-05-09	infectious	end	4.040145936248678
2020-05-09	symptoms	end	5.1898150825359455
2020-05-09	positive	end	7.799606447161248
2020-05-09	reported	end	2.397949146707323
2020-05-09	symptoms	new	-3.2498944346837315
2020-05-09	symptoms	active	30.057652276861987
2020-05-09	presymp	new	-0.14538899860387966
2020-05-09	presymp	active	8.649743289399623
2020-05-09	positive	new	-6.005074797912914
2020-05-09	positive	active	64.425855369194025
2020-05-09	infectious	new	-2.2361691584194077
2020-05-09	infectious	active	27.086625735687193
2020-05-09	possymp	new	-2.609791364625303
2020-05-09	possymp	active	25.718459802932422
2020-05-10	infections	start	1.8494235009688296
2020-05-10	positive	start	1.7881053501951978
2020-05-10	infectious	start	1.7864372195803957
2020-05-10	symptoms	start	1.9307094328228613
2020-05-10	infectious	end	3.58702285862231
2020-05-10	symptoms	end	4.56003510048321
2020-05-10	positive	end	7.195511891391524
2020-05-10	reported	end	0.9591796586829292
2020-05-10	symptoms	new	-2.629325667660349
2020-05-10	symptoms	active	27.428326609201637
2020-05-10	presymp	new	-0.14260408262766355
2020-05-10	presymp	active	8.50713920677196
2020-05-10	positive	new	-5.407406541196326
2020-05-10	positive	active	59.018448827997695
2020-05-10	infectious	new	-1.8005856390419142
2020-05-10	infectious	active	25.28604009664528
2020-05-10	possymp	new	-2.6354767909083137
2020-05-10	possymp	active	23.08298301202411
2020-05-11	infections	start	1.8853424132576102
2020-05-11	positive	start	1.8063026670865738
2020-05-11	infectious	start	1.780778655127638
2020-05-11	symptoms	start	1.9132586068553346
2020-05-11	infectious	end	3.1936242216716537
2020-05-11	symptoms	end	4.005707348158023
2020-05-11	positive	end	6.559530854666794
2020-05-11	reported	end	2.397949146707323
2020-05-11	symptoms	new	-2.0924487413026887
2020-05-11	symptoms	active	25.33587786789895
2020-05-11	presymp	new	-0.10695593976876072
2020-05-11	presymp	active	8.400183267003198
2020-05-11	positive	new	-4.75322818758022
2020-05-11	positive	active	54.265220640417475
2020-05-11	infectious	new	-1.4128455665440156
2020-05-11	infectious	active	23.873194530101262
2020-05-11	possymp	new	-2.5538235065087704
2020-05-11	possymp	active	20.529159505515338
2020-05-12	infections	start	1.902173750549946
2020-05-12	positive	start	1.8431344259446665
2020-05-12	infectious	start	1.7997202210971988
2020-05-12	symptoms	start	1.8964781258616945
2020-05-12	infectious	end	2.8433051450801012
2020-05-12	symptoms	end	3.5359930520910132
2020-05-12	positive	end	5.906965142871052
2020-05-12	reported	end	2.8775389760487875
2020-05-12	symptoms	new	-1.6395149262293187
2020-05-12	symptoms	active	23.69636294166963
2020-05-12	presymp	new	-0.05334369991702803
2020-05-12	presymp	active	8.346839567086171
2020-05-12	positive	new	-4.063830716926386
2020-05-12	positive	active	50.20138992349109
2020-05-12	infectious	new	-1.0435849239829025
2020-05-12	infectious	active	22.82960960611836
2020-05-12	possymp	new	-2.370972090780039
2020-05-12	possymp	active	18.1581874147353
2020-05-13	infections	start	1.88174857132378
2020-05-13	positive	start	1.8798808821364947
2020-05-13	infectious	start	1.8368863760488265
2020-05-13	symptoms	start	1.8881033817659083
2020-05-13	infectious	end	2.5477275810182487
2020-05-13	symptoms	end	3.1325728383838642
2020-05-13	positive	end	5.2716279618057005
2020-05-13	reported	end	1.9183593173658584
2020-05-13	symptoms	new	-1.244469456617956
2020-05-13	symptoms	active	22.451893485051674
2020-05-13	presymp	new	-0.008222499629413571
2020-05-13	presymp	active	8.338617067456758
2020-05-13	positive	new	-3.391747079669206
2020-05-13	positive	active	46.809642843821884
2020-05-13	infectious	new	-0.7108412049694222
2020-05-13	infectious	active	22.118768401148937
2020-05-13	possymp	new	-2.1390551234218362
2020-05-13	possymp	active	16.01913229131346
2020-05-14	infections	start	1.8323348910306752
2020-05-14	positive	start	1.897684557648802
2020-05-14	infectious	start	1.87370710060266
2020-05-14	symptoms	start	1.9001459656141448
2020-05-14	infectious	end	2.3332767263361616
2020-05-14	symptoms	end	2.785425314659247
2020-05-14	positive	end	4.666108515932537
2020-05-14	reported	end	1.4387694880243938
2020-05-14	symptoms	new	-0.8852793490451023
2020-05-14	symptoms	active	21.56661413600657
2020-05-14	presymp	new	-0.0024614079653428877
2020-05-14	presymp	active	8.336155659491414
2020-05-14	positive	new	-2.7684239582837353
2020-05-14	positive	active	44.04121888553815
2020-05-14	infectious	new	-0.4595696257335016
2020-05-14	infectious	active	21.659198775415437
2020-05-14	possymp	new	-1.88068320127329
2020-05-14	possymp	active	14.138449090040172
2020-05-15	infections	start	1.7750192515670826
2020-05-15	positive	start	1.8787840801966855
2020-05-15	infectious	start	1.892031330004195
2020-05-15	symptoms	start	1.9282929098123565
2020-05-15	infectious	end	2.2235064226648946
2020-05-15	symptoms	end	2.504104133848294
2020-05-15	positive	end	4.101527167382396
2020-05-15	reported	end	2.397949146707323
2020-05-15	symptoms	new	-0.5758112240359377
2020-05-15	symptoms	active	20.990802911970636
2020-05-15	presymp	new	-0.049508829615670935
2020-05-15	presymp	active	8.286646829875744
2020-05-15	positive	new	-2.2227430871857106
2020-05-15	positive	active	41.81847579835244
2020-05-15	infectious	new	-0.3314750926606995
2020-05-15	infectious	active	21.327723682754737
2020-05-15	possymp	new	-1.5974230335341018
2020-05-15	possymp	active	12.54102605650607
2020-05-16	infections	start	1.6906965623364787
2020-05-16	positive	start	1.831297287618148
2020-05-16	infectious	start	1.8744908535099807
2020-05-16	symptoms	start	1.957238042081313
2020-05-16	infectious	end	2.2038416562283207
2020-05-16	symptoms	end	2.3096794158697525
2020-05-16	positive	end	3.6092070814026957
2020-05-16	reported	end	1.4387694880243938
2020-05-16	symptoms	new	-0.35244137378843954
2020-05-16	symptoms	active	20.638361538182195
2020-05-16	presymp	new	-0.125940754463165
2020-05-16	presymp	active	8.160706075412579
2020-05-16	positive	new	-1.7779097937845478
2020-05-16	positive	active	40.04056600456789
2020-05-16	infectious	new	-0.32935080271834005
2020-05-16	infectious	active	20.998372880036396
2020-05-16	possymp	new	-1.2995276655329433
2020-05-16	possymp	active	11.241498390973126
2020-05-17	infections	start	1.609666124181265
2020-05-17	positive	start	1.7757616578534046
2020-05-17	infectious	start	1.8287600112638254
2020-05-17	symptoms	start	1.9694193450544615
2020-05-17	infectious	end	2.1904093889454175
2020-05-17	symptoms	end	2.1999804300952364
2020-05-17	positive	end	3.203357407977796
2020-05-17	reported	end	0.9591796586829292
2020-05-17	symptoms	new	-0.23056108504077488
2020-05-17	symptoms	active	20.40780045314142
2020-05-17	presymp	new	-0.19365768720105692
2020-05-17	presymp	active	7.967048388211522
2020-05-17	positive	new	-1.4275957501243914
2020-05-17	positive	active	38.6129702544435
2020-05-17	infectious	new	-0.3616493776815921
2020-05-17	infectious	active	20.636723502354805
2020-05-17	possymp	new	-1.0033769778825596
2020-05-17	possymp	active	10.238121413090568
2020-05-18	infections	start	1.5766812214233918
2020-05-18	positive	start	1.6925852562823793
2020-05-18	infectious	start	1.7747318106043684
2020-05-18	symptoms	start	1.9455016601005233
2020-05-18	infectious	end	2.139037894347257
2020-05-18	symptoms	end	2.169327968435872
2020-05-18	positive	end	2.8685521907991984
2020-05-18	reported	end	3.836718634731717
2020-05-18	symptoms	new	-0.22382630833534867
2020-05-18	symptoms	active	20.183974144806072
2020-05-18	presymp	new	-0.25291640381814395
2020-05-18	presymp	active	7.7141319843933776
2020-05-18	positive	new	-1.175966934516819
2020-05-18	positive	active	37.43700331992668
2020-05-18	infectious	new	-0.36430608374288886
2020-05-18	infectious	active	20.272417418611916
2020-05-18	possymp	new	-0.6992242223633265
2020-05-18	possymp	active	9.53889719072724
2020-05-19	infections	start	1.5578800235932788
2020-05-19	positive	start	1.6119579544751832
2020-05-19	infectious	start	1.692415042787294
2020-05-19	symptoms	start	1.891556136229552
2020-05-19	infectious	end	2.073492843759032
2020-05-19	symptoms	end	2.1561020660092414
2020-05-19	positive	end	2.5880751639497235
2020-05-19	reported	end	2.8775389760487875
2020-05-19	symptoms	new	-0.26454592977968927
2020-05-19	symptoms	active	19.919428215026382
2020-05-19	presymp	new	-0.2795981817543689
2020-05-19	presymp	active	7.434533802639009
2020-05-19	positive	new	-0.9761172094745403
2020-05-19	positive	active	36.460886110452144
2020-05-19	infectious	new	-0.38107780097173793
2020-05-19	infectious	active	19.891339617640178
2020-05-19	possymp	new	-0.4319730979404821
2020-05-19	possymp	active	9.106924092786759
2020-05-20	infections	start	1.5314662140666768
2020-05-20	positive	start	1.5789614676834673
2020-05-20	infectious	start	1.612019901711335
2020-05-20	symptoms	start	1.8275870727993855
2020-05-20	infectious	end	2.0268484172554726
2020-05-20	symptoms	end	2.112113026199829
2020-05-20	positive	end	2.357959459607382
2020-05-20	reported	end	3.357128805390252
2020-05-20	symptoms	new	-0.2845259534004434
2020-05-20	symptoms	active	19.63490226162594
2020-05-20	presymp	new	-0.24862560511591814
2020-05-20	presymp	active	7.185908197523091
2020-05-20	positive	new	-0.7789979919239147
2020-05-20	positive	active	35.68188811852823
2020-05-20	infectious	new	-0.4148285155441376
2020-05-20	infectious	active	19.47651110209604
2020-05-20	possymp	new	-0.2458464334075532
2020-05-20	possymp	active	8.861077659379205
2020-05-21	infections	start	1.4758025126513241
2020-05-21	positive	start	1.5601058712984088
2020-05-21	infectious	start	1.5789912762637563
2020-05-21	symptoms	start	1.7342817566251663
2020-05-21	infectious	end	2.0307785121222452
2020-05-21	symptoms	end	2.063792318190641
2020-05-21	positive	end	2.190167738075421
2020-05-21	reported	end	0.9591796586829292
2020-05-21	symptoms	new	-0.32951056156547454
2020-05-21	symptoms	active	19.305391700060465
2020-05-21	presymp	new	-0.17417588532675743
2020-05-21	presymp	active	7.011732312196333
2020-05-21	positive	new	-0.6300618667770121
2020-05-21	positive	active	35.051826251751216
2020-05-21	infectious	new	-0.4517872358584889
2020-05-21	infectious	active	19.02472386623755
2020-05-21	possymp	new	-0.12637541988478018
2020-05-21	possymp	active	8.734702239494425
2020-05-22	infections	start	1.400501936652991
2020-05-22	positive	start	1.5339293240475922
2020-05-22	infectious	start	1.5602716240530445
2020-05-22	symptoms	start	1.6447478399907551
2020-05-22	infectious	end	2.0735512562517875
2020-05-22	symptoms	end	2.033084086238366
2020-05-22	positive	end	2.0914997498295964
2020-05-22	reported	end	1.4387694880243938
2020-05-22	symptoms	new	-0.38833624624761076
2020-05-22	symptoms	active	18.917055453812853
2020-05-22	presymp	new	-0.11081851594316294
2020-05-22	presymp	active	6.90091379625317
2020-05-22	positive	new	-0.5575704257820042
2020-05-22	positive	active	34.49425582596921
2020-05-22	infectious	new	-0.513279632198743
2020-05-22	infectious	active	18.51144423403881
2020-05-22	possymp	new	-0.058415663591230516
2020-05-22	possymp	active	8.676286575903195
2020-05-23	infections	start	1.336739198195246
2020-05-23	positive	start	1.4788658335903928
2020-05-23	infectious	start	1.5346893782149427
2020-05-23	symptoms	start	1.606781185025665
2020-05-23	infectious	end	2.1138819201838657
2020-05-23	symptoms	end	2.0451439379535143
2020-05-23	positive	end	2.070850700096024
2020-05-23	reported	end	0.9591796586829292
2020-05-23	symptoms	new	-0.4383627529278493
2020-05-23	symptoms	active	18.478692700885006
2020-05-23	presymp	new	-0.12791535143527222
2020-05-23	presymp	active	6.772998444817898
2020-05-23	positive	new	-0.5919848665056311
2020-05-23	positive	active	33.90227095946358
2020-05-23	infectious	new	-0.579192541968923
2020-05-23	infectious	active	17.932251692069887
2020-05-23	possymp	new	-0.025706762142509554
2020-05-23	possymp	active	8.650579813760684
2020-05-24	infections	start	1.295016903915753
2020-05-24	positive	start	1.4043490771681422
2020-05-24	infectious	start	1.4806223925672866
2020-05-24	symptoms	start	1.5868662784995324
2020-05-24	infectious	end	2.1046644780129853
2020-05-24	symptoms	end	2.0886220517955953
2020-05-24	positive	end	2.075290478162552
2020-05-24	reported	end	1.9183593173658584
2020-05-24	symptoms	new	-0.5017557732960629
2020-05-24	symptoms	active	17.97693692758894
2020-05-24	presymp	new	-0.18251720133139027
2020-05-24	presymp	active	6.590481243486508
2020-05-24	positive	new	-0.6709414009944099
2020-05-24	positive	active	33.23132955846917
2020-05-24	infectious	new	-0.6240420854456987
2020-05-24	infectious	active	17.30820960662419
2020-05-24	possymp	new	0.01333157363304327
2020-05-24	possymp	active	8.663911387393728
2020-05-25	infections	start	1.2857394774276751
2020-05-25	positive	start	1.3413098907045722
2020-05-25	infectious	start	1.4072553819377747
2020-05-25	symptoms	start	1.5630085918104826
2020-05-25	infectious	end	2.0219834639880254
2020-05-25	symptoms	end	2.121274018563939
2020-05-25	positive	end	2.054599100726989
2020-05-25	reported	end	0.9591796586829292
2020-05-25	symptoms	new	-0.5582654267534564
2020-05-25	symptoms	active	17.418671500835487
2020-05-25	presymp	new	-0.2216987011059104
2020-05-25	presymp	active	6.368782542380598
2020-05-25	positive	new	-0.7132892100224169
2020-05-25	positive	active	32.51804034844675
2020-05-25	infectious	new	-0.6147280820502508
2020-05-25	infectious	active	16.693481524573937
2020-05-25	possymp	new	0.0666749178369499
2020-05-25	possymp	active	8.730586305230679
2020-05-26	infections	start	1.3078279544145763
2020-05-26	positive	start	1.2998831167656972
2020-05-26	infectious	start	1.345199927598593
2020-05-26	symptoms	start	1.51260622201243
2020-05-26	infectious	end	1.8957073153975048
2020-05-26	symptoms	end	2.1073484119240002
2020-05-26	positive	end	2.022847368940117
2020-05-26	reported	end	2.397949146707323
2020-05-26	symptoms	new	-0.5947421899115704
2020-05-26	symptoms	active	16.823929310923916
2020-05-26	presymp	new	-0.21272310524673266
2020-05-26	presymp	active	6.156059437133865
2020-05-26	positive	new	-0.72296425217442
2020-05-26	positive	active	31.795076096272332
2020-05-26	infectious	new	-0.5505073877989117
2020-05-26	infectious	active	16.142974136775024
2020-05-26	possymp	new	0.08450104298388306
2020-05-26	possymp	active	8.815087348214561
2020-05-27	infections	start	1.349527467112544
2020-05-27	positive	start	1.2902141890664358
2020-05-27	infectious	start	1.3040283487810562
2020-05-27	symptoms	start	1.441939019763027
2020-05-27	infectious	end	1.7764152736949317
2020-05-27	symptoms	end	2.0269042449948835
2020-05-27	positive	end	1.9933307408491705
2020-05-27	reported	end	2.397949146707323
2020-05-27	symptoms	new	-0.5849652252318565
2020-05-27	symptoms	active	16.238964085692057
2020-05-27	presymp	new	-0.15172483069659126
2020-05-27	presymp	active	6.004334606437274
2020-05-27	positive	new	-0.7031165517827347
2020-05-27	positive	active	31.091959544489598
2020-05-27	infectious	new	-0.47238692491387546
2020-05-27	infectious	active	15.670587211861148
2020-05-27	possymp	new	0.03357350414571303
2020-05-27	possymp	active	8.848660852360274
2020-05-28	infections	start	1.4054914947923127
2020-05-28	positive	start	1.3114039709209695
2020-05-28	infectious	start	1.2937568705963063
2020-05-28	symptoms	start	1.3789446771082898
2020-05-28	infectious	end	1.7059804078925416
2020-05-28	symptoms	end	1.9109197420345756
2020-05-28	positive	end	1.9913583223837892
2020-05-28	reported	end	3.357128805390252
2020-05-28	symptoms	new	-0.5319750649262858
2020-05-28	symptoms	active	15.706989020765773
2020-05-28	presymp	new	-0.06754070618732033
2020-05-28	presymp	active	5.9367939002499535
2020-05-28	positive	new	-0.6799543514628197
2020-05-28	positive	active	30.41200519302678
2020-05-28	infectious	new	-0.4122235372962353
2020-05-28	infectious	active	15.258363674564913
2020-05-28	possymp	new	-0.08043858034921358
2020-05-28	possymp	active	8.76822227201106
2020-05-29	infections	start	1.4702312174448287
2020-05-29	positive	start	1.3522422311348976
2020-05-29	infectious	start	1.3140182927179442
2020-05-29	symptoms	start	1.3342651139218842
2020-05-29	infectious	end	1.6722012097351093
2020-05-29	symptoms	end	1.8011686618170801
2020-05-29	positive	end	2.0140317913428682
2020-05-29	reported	end	2.397949146707323
2020-05-29	symptoms	new	-0.46690354789519595
2020-05-29	symptoms	active	15.240085472870577
2020-05-29	presymp	new	0.017977117213013427
2020-05-29	presymp	active	5.954771017462966
2020-05-29	positive	new	-0.6617895602079706
2020-05-29	positive	active	29.750215632818808
2020-05-29	infectious	new	-0.3581829170171651
2020-05-29	infectious	active	14.900180757547748
2020-05-29	possymp	new	-0.21286312952578812
2020-05-29	possymp	active	8.555359142485273
2020-05-30	infections	start	1.5445323135128575
2020-05-30	positive	start	1.4079424852216715
2020-05-30	infectious	start	1.35422420423757
2020-05-30	symptoms	start	1.3211267546374346
2020-05-30	infectious	end	1.6332156209340694
2020-05-30	symptoms	end	1.7262603229850297
2020-05-30	positive	end	2.032728798090026
2020-05-30	reported	end	0.4795898293414646
2020-05-30	symptoms	new	-0.4051335683475952
2020-05-30	symptoms	active	14.834951904522981
2020-05-30	presymp	new	0.08681573058423697
2020-05-30	presymp	active	6.041586748047203
2020-05-30	positive	new	-0.6247863128683546
2020-05-30	positive	active	29.125429319950452
2020-05-30	infectious	new	-0.2789914166964993
2020-05-30	infectious	active	14.621189340851249
2020-05-30	possymp	new	-0.3064684751049964
2020-05-30	possymp	active	8.248890667380277
2020-05-31	infections	start	1.6357458195598027
2020-05-31	positive	start	1.4732243753384022
2020-05-31	infectious	start	1.4100509649774147
2020-05-31	symptoms	start	1.341894210683375
2020-05-31	infectious	end	1.5992566902624856
2020-05-31	symptoms	end	1.6957301511355414
2020-05-31	positive	end	2.0201453392939404
2020-05-31	reported	end	0
2020-05-31	symptoms	new	-0.35383594045216626
2020-05-31	symptoms	active	14.481115964070815
2020-05-31	presymp	new	0.13133016465502712
2020-05-31	presymp	active	6.172916912702231
2020-05-31	positive	new	-0.5469209639555381
2020-05-31	positive	active	28.578508355994913
2020-05-31	infectious	new	-0.18920572528507096
2020-05-31	infectious	active	14.431983615566178
2020-05-31	possymp	new	-0.324415188158399
2020-05-31	possymp	active	7.924475479221877
2020-06-01	infections	start	1.7478259007464976
2020-06-01	positive	start	1.5486179260201307
2020-06-01	infectious	start	1.4761550215356096
2020-06-01	symptoms	start	1.3866164510444519
2020-06-01	infectious	end	1.558193416701162
2020-06-01	symptoms	end	1.6623724803189768
2020-06-01	positive	end	1.9533711786279706
2020-06-01	reported	end	0.4795898293414646
2020-06-01	symptoms	new	-0.2757560292745249
2020-06-01	symptoms	active	14.20535993479629
2020-06-01	presymp	new	0.16200147497567885
2020-06-01	presymp	active	6.334918387677909
2020-06-01	positive	new	-0.4047532526078399
2020-06-01	positive	active	28.173755103387073
2020-06-01	infectious	new	-0.08203839516555234
2020-06-01	infectious	active	14.349945220400626
2020-06-01	possymp	new	-0.29099869830899383
2020-06-01	possymp	active	7.633476780912883
2020-06-02	infections	start	1.885007308183437
2020-06-02	positive	start	1.6410172428549294
2020-06-02	infectious	start	1.5526299715512595
2020-06-02	symptoms	start	1.4493706013310799
2020-06-02	infectious	end	1.4715939009799124
2020-06-02	symptoms	end	1.617866511433917
2020-06-02	positive	end	1.850194126710713
2020-06-02	reported	end	1.9183593173658584
2020-06-02	symptoms	new	-0.16849591010283715
2020-06-02	symptoms	active	14.036864024693454
2020-06-02	presymp	new	0.19164664152384958
2020-06-02	presymp	active	6.526565029201759
2020-06-02	positive	new	-0.20917688385578348
2020-06-02	positive	active	27.96457821953129
2020-06-02	infectious	new	0.0810360705713471
2020-06-02	infectious	active	14.430981290971973
2020-06-02	possymp	new	-0.2323276152767959
2020-06-02	possymp	active	7.401149165636087
2020-06-03	infections	start	2.0582146090834597
2020-06-03	positive	start	1.7539568740711204
2020-06-03	infectious	start	1.6459451512694387
2020-06-03	symptoms	start	1.5225203545193113
2020-06-03	infectious	end	1.363840542824761
2020-06-03	symptoms	end	1.5688035302390841
2020-06-03	positive	end	1.7441451061092004
2020-06-03	reported	end	2.397949146707323
2020-06-03	symptoms	new	-0.04628317571977281
2020-06-03	symptoms	active	13.99058084897368
2020-06-03	presymp	new	0.2314365195518091
2020-06-03	presymp	active	6.758001548753568
2020-06-03	positive	new	0.00981176796192007
2020-06-03	positive	active	27.97438998749321
2020-06-03	infectious	new	0.28210460844467766
2020-06-03	infectious	active	14.713085899416651
2020-06-03	possymp	new	-0.17534157587011623
2020-06-03	possymp	active	7.225807589765971
2020-06-04	infections	start	2.2727928439378187
2020-06-04	positive	start	1.891422913186846
2020-06-04	infectious	start	1.7592879223000775
2020-06-04	symptoms	start	1.60420623387384
2020-06-04	infectious	end	1.2767488172270878
2020-06-04	symptoms	end	1.4847765096299814
2020-06-04	positive	end	1.6669352132014585
2020-06-04	reported	end	1.4387694880243938
2020-06-04	symptoms	new	0.11942972424385867
2020-06-04	symptoms	active	14.110010573217538
2020-06-04	presymp	new	0.287216679313006
2020-06-04	presymp	active	7.045218228066574
2020-06-04	positive	new	0.22448769998538753
2020-06-04	positive	active	28.1988776874786
2020-06-04	infectious	new	0.4825391050729897
2020-06-04	infectious	active	15.19562500448964
2020-06-04	possymp	new	-0.18215870357147712
2020-06-04	possymp	active	7.043648886194494
2020-06-05	infections	start	2.5254247391310765
2020-06-05	positive	start	2.0643468779620084
2020-06-05	infectious	start	1.896555862485774
2020-06-05	symptoms	start	1.7001820097513003
2020-06-05	infectious	end	1.2283673058971556
2020-06-05	symptoms	end	1.3808408801667096
2020-06-05	positive	end	1.6290298710052615
2020-06-05	reported	end	0.9591796586829292
2020-06-05	symptoms	new	0.3193411295845907
2020-06-05	symptoms	active	14.42935170280213
2020-06-05	presymp	new	0.36416486821070815
2020-06-05	presymp	active	7.409383096277282
2020-06-05	positive	new	0.4353170069567469
2020-06-05	positive	active	28.634194694435344
2020-06-05	infectious	new	0.6681885565886183
2020-06-05	infectious	active	15.86381356107826
2020-06-05	possymp	new	-0.24818899083855195
2020-06-05	possymp	active	6.7954598953559415
2020-06-06	infections	start	2.8132165697233344
2020-06-06	positive	start	2.2781822678660206
2020-06-06	infectious	start	2.0688222835342764
2020-06-06	symptoms	start	1.8142353304011003
2020-06-06	infectious	end	1.2270096012796776
2020-06-06	symptoms	end	1.3003929753237455
2020-06-06	positive	end	1.5864568914219064
2020-06-06	reported	end	0.9591796586829292
2020-06-06	symptoms	new	0.5138423550773548
2020-06-06	symptoms	active	14.943194057879484
2020-06-06	presymp	new	0.46394693746492033
2020-06-06	presymp	active	7.873330033742203
2020-06-06	positive	new	0.6917253764441142
2020-06-06	positive	active	29.32592007087946
2020-06-06	infectious	new	0.8418126822545988
2020-06-06	infectious	active	16.70562624333286
2020-06-06	possymp	new	-0.28606391609816084
2020-06-06	possymp	active	6.509395979257781
2020-06-07	infections	start	3.1546940816063613
2020-06-07	positive	start	2.5296836880814255
2020-06-07	infectious	start	2.281688978704982
2020-06-07	symptoms	start	1.9514168711249509
2020-06-07	infectious	end	1.2567265373658347
2020-06-07	symptoms	end	1.2553828866644696
2020-06-07	positive	end	1.5406199524605084
2020-06-07	reported	end	0.9591796586829292
2020-06-07	symptoms	new	0.6960339844604813
2020-06-07	symptoms	active	15.639228042339965
2020-06-07	presymp	new	0.5782668169564746
2020-06-07	presymp	active	8.451596850698678
2020-06-07	positive	new	0.9890637356209171
2020-06-07	positive	active	30.314983806500376
2020-06-07	infectious	new	1.0249624413391472
2020-06-07	infectious	active	17.730588684672004
2020-06-07	possymp	new	-0.2852370657960388
2020-06-07	possymp	active	6.224158913461742
2020-06-08	infections	start	3.5690110531052075
2020-06-08	positive	start	2.815916367771009
2020-06-08	infectious	start	2.532001179555473
2020-06-08	symptoms	start	2.124128018370145
2020-06-08	infectious	end	1.2971658372604737
2020-06-08	symptoms	end	1.2526893955623408
2020-06-08	positive	end	1.5032411259679663
2020-06-08	reported	end	2.397949146707323
2020-06-08	symptoms	new	0.8714386228078044
2020-06-08	symptoms	active	16.51066666514777
2020-06-08	presymp	new	0.6917883494008636
2020-06-08	presymp	active	9.14338520009954
2020-06-08	positive	new	1.3126752418030425
2020-06-08	positive	active	31.627659048303418
2020-06-08	infectious	new	1.2348353422949991
2020-06-08	infectious	active	18.965424026967003
2020-06-08	possymp	new	-0.2505517304056255
2020-06-08	possymp	active	5.973607183056116
2020-06-09	infections	start	4.054662980767888
2020-06-09	positive	start	3.1551790085783673
2020-06-09	infectious	start	2.8167400595353262
2020-06-09	symptoms	start	2.338555114299895
2020-06-09	infectious	end	1.3393972172799102
2020-06-09	symptoms	end	1.2804561986083947
2020-06-09	positive	end	1.4414225160049305
2020-06-09	reported	end	0.9591796586829292
2020-06-09	symptoms	new	1.0580989156915002
2020-06-09	symptoms	active	17.56876558083927
2020-06-09	presymp	new	0.8166238942784725
2020-06-09	presymp	active	9.960009094378014
2020-06-09	positive	new	1.7137564925734368
2020-06-09	positive	active	33.34141554087685
2020-06-09	infectious	new	1.477342842255416
2020-06-09	infectious	active	20.44276686922242
2020-06-09	possymp	new	-0.16096631739653589
2020-06-09	possymp	active	5.8126408656595805
2020-06-10	infections	start	4.610422757869225
2020-06-10	positive	start	3.5662021470194913
2020-06-10	infectious	start	3.1539354647633444
2020-06-10	symptoms	start	2.591021634400425
2020-06-10	infectious	end	1.3802096595556201
2020-06-10	symptoms	end	1.3173404216042108
2020-06-10	positive	end	1.3620219106501452
2020-06-10	reported	end	1.9183593173658584
2020-06-10	symptoms	new	1.2736812127962143
2020-06-10	symptoms	active	18.842446793635485
2020-06-10	presymp	new	0.9751805126190662
2020-06-10	presymp	active	10.93518960699708
2020-06-10	positive	new	2.2041802363693463
2020-06-10	positive	active	35.545595777246206
2020-06-10	infectious	new	1.7737258052077243
2020-06-10	infectious	active	22.216492674430143
2020-06-10	possymp	new	-0.044681489045934386
2020-06-10	possymp	active	5.767959376613646
2020-06-11	infections	start	5.293071470818503
2020-06-11	positive	start	4.04699386617399
2020-06-11	infectious	start	3.5619250849392987
2020-06-11	symptoms	start	2.877536660483939
2020-06-11	infectious	end	1.4302093372066362
2020-06-11	symptoms	end	1.3573055002023737
2020-06-11	positive	end	1.3010208330855981
2020-06-11	reported	end	1.9183593173658584
2020-06-11	symptoms	new	1.5202311602815655
2020-06-11	symptoms	active	20.36267795391705
2020-06-11	presymp	new	1.1694572056900507
2020-06-11	presymp	active	12.10464681268713
2020-06-11	positive	new	2.745973033088392
2020-06-11	positive	active	38.291568810334596
2020-06-11	infectious	new	2.1317157477326623
2020-06-11	infectious	active	24.348208422162806
2020-06-11	possymp	new	0.0562846671167756
2020-06-11	possymp	active	5.824244043730422
2020-06-12	infections	start	6.151841570513816
2020-06-12	positive	start	4.595966776784688
2020-06-12	infectious	start	4.038238949496873
2020-06-12	symptoms	start	3.2151359963611776
2020-06-12	infectious	end	1.4981936397440907
2020-06-12	symptoms	end	1.396396478306036
2020-06-12	positive	end	1.2695124842580319
2020-06-12	reported	end	2.397949146707323
2020-06-12	symptoms	new	1.8187395180551416
2020-06-12	symptoms	active	22.181417471972193
2020-06-12	presymp	new	1.3808307804235103
2020-06-12	presymp	active	13.485477593110641
2020-06-12	positive	new	3.3264542925266563
2020-06-12	positive	active	41.61802310286125
2020-06-12	infectious	new	2.540045309752782
2020-06-12	infectious	active	26.88825373191559
2020-06-12	possymp	new	0.1268839940480042
2020-06-12	possymp	active	5.951128037778426
2020-06-13	infections	start	7.173235546147259
2020-06-13	positive	start	5.269753072739309
2020-06-13	infectious	start	4.580932101387332
2020-06-13	symptoms	start	3.620455368469776
2020-06-13	infectious	end	1.5829891681717976
2020-06-13	symptoms	end	1.4414363581707557
2020-06-13	positive	end	1.2777856875606821
2020-06-13	reported	end	0.9591796586829292
2020-06-13	symptoms	new	2.17901901029902
2020-06-13	symptoms	active	24.36043648227121
2020-06-13	presymp	new	1.6492977042695336
2020-06-13	presymp	active	15.134775297380175
2020-06-13	positive	new	3.9919673851786275
2020-06-13	positive	active	45.60999048803988
2020-06-13	infectious	new	2.9979429332155343
2020-06-13	infectious	active	29.886196665131123
2020-06-13	possymp	new	0.16365067061007355
2020-06-13	possymp	active	6.1147787083885
2020-06-14	infections	start	8.340807660992335
2020-06-14	positive	start	6.117968774381359
2020-06-14	infectious	start	5.246585857886613
2020-06-14	symptoms	start	4.089526688109997
2020-06-14	infectious	end	1.6898849884583176
2020-06-14	symptoms	end	1.502166080775182
2020-06-14	positive	end	1.3176268723702853
2020-06-14	reported	end	1.4387694880243938
2020-06-14	symptoms	new	2.5873606073348148
2020-06-14	symptoms	active	26.947797089606027
2020-06-14	presymp	new	2.0284420862713626
2020-06-14	presymp	active	17.16321738365154
2020-06-14	positive	new	4.800341902011074
2020-06-14	positive	active	50.410332390050954
2020-06-14	infectious	new	3.5567008694282953
2020-06-14	infectious	active	33.44289753455942
2020-06-14	possymp	new	0.18453920840489668
2020-06-14	possymp	active	6.299317916793396
2020-06-15	infections	start	9.475629896428845
2020-06-15	positive	start	7.128461923466941
2020-06-15	infectious	start	6.085247712072685
2020-06-15	symptoms	start	4.620648282766661
2020-06-15	infectious	end	1.8349291756615507
2020-06-15	symptoms	end	1.5806929263193148
2020-06-15	positive	end	1.3702491703839077
2020-06-15	reported	end	4.795898293414646
2020-06-15	symptoms	new	3.0399553564473463
2020-06-15	symptoms	active	29.987752446053374
2020-06-15	presymp	new	2.50781364070028
2020-06-15	presymp	active	19.671031024351816
2020-06-15	positive	new	5.758212753083033
2020-06-15	positive	active	56.16854514313398
2020-06-15	infectious	new	4.250318536411134
2020-06-15	infectious	active	37.69321607097055
2020-06-15	possymp	new	0.2104437559354071
2020-06-15	possymp	active	6.5097616727288035
2020-06-16	infections	start	10.503341574995805
2020-06-16	positive	start	8.28668735502133
2020-06-16	infectious	start	7.085881914685846
2020-06-16	symptoms	start	5.271670512319543
2020-06-16	infectious	end	2.0245117285113956
2020-06-16	symptoms	end	1.6795259393115185
2020-06-16	positive	end	1.4300655778337492
2020-06-16	reported	end	1.9183593173658584
2020-06-16	symptoms	new	3.5921445730080244
2020-06-16	symptoms	active	33.5798970190614
2020-06-16	presymp	new	3.0150168427017876
2020-06-16	presymp	active	22.686047867053606
2020-06-16	positive	new	6.856621777187581
2020-06-16	positive	active	63.02516692032157
2020-06-16	infectious	new	5.06137018617445
2020-06-16	infectious	active	42.754586257145
2020-06-16	possymp	new	0.2494603614777693
2020-06-16	possymp	active	6.759222034206573
2020-06-17	infections	start	11.564731592156768
2020-06-17	positive	start	9.416909845527737
2020-06-17	infectious	start	8.235455135683695
2020-06-17	symptoms	start	6.092183144286287
2020-06-17	infectious	end	2.251362070336289
2020-06-17	symptoms	end	1.8101167552507098
2020-06-17	positive	end	1.49203563058506
2020-06-17	reported	end	1.9183593173658584
2020-06-17	symptoms	new	4.2820663890355775
2020-06-17	symptoms	active	37.861963408096976
2020-06-17	presymp	new	3.32472670124145
2020-06-17	presymp	active	26.010774568295055
2020-06-17	positive	new	7.924874214942677
2020-06-17	positive	active	70.95004113526424
2020-06-17	infectious	new	5.984093065347406
2020-06-17	infectious	active	48.73867932249241
2020-06-17	possymp	new	0.31808112466564986
2020-06-17	possymp	active	7.077303158872223
2020-06-18	infections	start	12.276087293129324
2020-06-18	positive	start	10.446768132140935
2020-06-18	infectious	start	9.361275709548307
2020-06-18	symptoms	start	7.071133815026131
2020-06-18	infectious	end	2.516075275046481
2020-06-18	symptoms	end	1.9798793608248768
2020-06-18	positive	end	1.5633842922209673
2020-06-18	reported	end	2.8775389760487875
2020-06-18	symptoms	new	5.091254454201254
2020-06-18	symptoms	active	42.95321786229823
2020-06-18	presymp	new	3.3756343171148044
2020-06-18	presymp	active	29.38640888540986
2020-06-18	positive	new	8.883383839919968
2020-06-18	positive	active	79.83342497518422
2020-06-18	infectious	new	6.845200434501827
2020-06-18	infectious	active	55.583879756994236
2020-06-18	possymp	new	0.4164950686039095
2020-06-18	possymp	active	7.493798227476132
2020-06-19	infections	start	12.68274708036402
2020-06-19	positive	start	11.516258181316152
2020-06-19	infectious	start	10.392872445812102
2020-06-19	symptoms	start	8.19887055191843
2020-06-19	infectious	end	2.837286196944581
2020-06-19	symptoms	end	2.186429195582461
2020-06-19	positive	end	1.6549703367976563
2020-06-19	reported	end	4.795898293414646
2020-06-19	symptoms	new	6.0124413563359695
2020-06-19	symptoms	active	48.9656592186342
2020-06-19	presymp	new	3.3173876293977216
2020-06-19	presymp	active	32.70379651480758
2020-06-19	positive	new	9.861287844518495
2020-06-19	positive	active	89.6947128197027
2020-06-19	infectious	new	7.555586248867522
2020-06-19	infectious	active	63.139466005861756
2020-06-19	possymp	new	0.5314588587848046
2020-06-19	possymp	active	8.025257086260936
2020-06-20	infections	start	13.152956179892236
2020-06-20	positive	start	12.240941625359218
2020-06-20	infectious	start	11.46883059000386
2020-06-20	symptoms	start	9.305948362382452
2020-06-20	infectious	end	3.2290010254967987
2020-06-20	symptoms	end	2.4295764237951265
2020-06-20	positive	end	1.767770606240617
2020-06-20	reported	end	4.316308464073181
2020-06-20	symptoms	new	6.876371938587326
2020-06-20	symptoms	active	55.84203115722153
2020-06-20	presymp	new	2.934993262976766
2020-06-20	presymp	active	35.638789777784346
2020-06-20	positive	new	10.4731710191186
2020-06-20	positive	active	100.16788383882131
2020-06-20	infectious	new	8.239829564507062
2020-06-20	infectious	active	71.379295570368825
2020-06-20	possymp	new	0.6618058175545094
2020-06-20	possymp	active	8.687062903815447
2020-06-21	infections	start	13.449658625253138
2020-06-21	positive	start	12.661993447100576
2020-06-21	infectious	start	12.203361814204708
2020-06-21	symptoms	start	10.316190327585927
2020-06-21	infectious	end	3.6897931608150243
2020-06-21	symptoms	end	2.7233347172216282
2020-06-21	positive	end	1.9029689498352131
2020-06-21	reported	end	2.8775389760487875
2020-06-21	symptoms	new	7.592855610364299
2020-06-21	symptoms	active	63.43488676758582
2020-06-21	presymp	new	2.345803119514649
2020-06-21	presymp	active	37.984592897298995
2020-06-21	positive	new	10.759024497265363
2020-06-21	positive	active	110.92690833608667
2020-06-21	infectious	new	8.513568653389683
2020-06-21	infectious	active	79.89286422375851
2020-06-21	possymp	new	0.8203657673864151
2020-06-21	possymp	active	9.507428671201861
2020-06-22	infections	start	13.475870805796848
2020-06-22	positive	start	13.14501659059026
2020-06-22	infectious	start	12.634290759332226
2020-06-22	symptoms	start	11.357122377933273
2020-06-22	infectious	end	4.249959743351352
2020-06-22	symptoms	end	3.086851506720616
2020-06-22	positive	end	2.0742885627970864
2020-06-22	reported	end	9.112206757487828
2020-06-22	symptoms	new	8.270270871212656
2020-06-22	symptoms	active	71.70515763879848
2020-06-22	presymp	new	1.7878942126569868
2020-06-22	presymp	active	39.77248710995598
2020-06-22	positive	new	11.070728027793173
2020-06-22	positive	active	121.99763636387985
2020-06-22	infectious	new	8.384331015980873
2020-06-22	infectious	active	88.27719523973937
2020-06-22	possymp	new	1.0125629439235295
2020-06-22	possymp	active	10.519991615125392
2020-06-23	infections	start	13.144424374262261
2020-06-23	positive	start	13.453486321084211
2020-06-23	infectious	start	13.125647178057491
2020-06-23	symptoms	start	12.04395530593044
2020-06-23	infectious	end	4.996728860782934
2020-06-23	symptoms	end	3.537559388701811
2020-06-23	positive	end	2.2923110781433698
2020-06-23	reported	end	2.8775389760487875
2020-06-23	symptoms	new	8.50639591722863
2020-06-23	symptoms	active	80.21155355602711
2020-06-23	presymp	new	1.409531015153771
2020-06-23	presymp	active	41.18201812510976
2020-06-23	positive	new	11.161175242940843
2020-06-23	positive	active	133.15881160682068
2020-06-23	infectious	new	8.128918317274557
2020-06-23	infectious	active	96.40611355701394
2020-06-23	possymp	new	1.2452483105584413
2020-06-23	possymp	active	11.765239925683833
2020-06-24	infections	start	12.577655514274824
2020-06-24	positive	start	13.491256187815491
2020-06-24	infectious	start	13.442631535429696
2020-06-24	symptoms	start	12.421812701176705
2020-06-24	infectious	end	5.97864113134595
2020-06-24	symptoms	end	4.10054260173589
2020-06-24	positive	end	2.5545829013869574
2020-06-24	reported	end	8.153027098804898
2020-06-24	symptoms	new	8.321270099440815
2020-06-24	symptoms	active	88.53282365546792
2020-06-24	presymp	new	1.0694434866387859
2020-06-24	presymp	active	42.25146161174854
2020-06-24	positive	new	10.936673286428533
2020-06-24	positive	active	144.09548489324922
2020-06-24	infectious	new	7.463990404083746
2020-06-24	infectious	active	103.87010396109768
2020-06-24	possymp	new	1.545959700348933
2020-06-24	possymp	active	13.311199626032765
2020-06-25	infections	start	11.970497523615835
2020-06-25	positive	start	13.170863676075202
2020-06-25	infectious	start	13.490704833992226
2020-06-25	symptoms	start	12.864072956386332
2020-06-25	infectious	end	7.189662187333583
2020-06-25	symptoms	end	4.852314337853643
2020-06-25	positive	end	2.860323596483667
2020-06-25	reported	end	7.193847440121969
2020-06-25	symptoms	new	8.011758618532689
2020-06-25	symptoms	active	96.54458227400062
2020-06-25	presymp	new	0.30679071968886973
2020-06-25	presymp	active	42.55825233143741
2020-06-25	positive	new	10.310540079591535
2020-06-25	positive	active	154.40602497284075
2020-06-25	infectious	new	6.301042646658643
2020-06-25	infectious	active	110.17114660775633
2020-06-25	possymp	new	1.9919907413699756
2020-06-25	possymp	active	15.30319036740274
2020-06-26	infections	start	11.350783327009099
2020-06-26	positive	start	12.613305606664245
2020-06-26	infectious	start	13.181185696767395
2020-06-26	symptoms	start	13.148143360416547
2020-06-26	infectious	end	8.508128364167872
2020-06-26	symptoms	end	5.844254990848834
2020-06-26	positive	end	3.2279135976402022
2020-06-26	reported	end	13.428515221561009
2020-06-26	symptoms	new	7.303888369567713
2020-06-26	symptoms	active	103.84847064356832
2020-06-26	presymp	new	-0.5348377537523028
2020-06-26	presymp	active	42.02341457768511
2020-06-26	positive	new	9.385392009024041
2020-06-26	positive	active	163.79141698186478
2020-06-26	infectious	new	4.673057332599523
2020-06-26	infectious	active	114.84420394035584
2020-06-26	possymp	new	2.616341393208632
2020-06-26	possymp	active	17.919531760611374
2020-06-27	infections	start	10.744312585318205
2020-06-27	positive	start	12.013195350381823
2020-06-27	infectious	start	12.63376272324489
2020-06-27	symptoms	start	13.181410069554262
2020-06-27	infectious	end	9.614148861664935
2020-06-27	symptoms	end	7.02650242618831
2020-06-27	positive	end	3.6800742325037263
2020-06-27	reported	end	6.23466778143904
2020-06-27	symptoms	new	6.154907643365952
2020-06-27	symptoms	active	110.00337828693428
2020-06-27	presymp	new	-1.1682147191724397
2020-06-27	presymp	active	40.85519985851267
2020-06-27	positive	new	8.333121117878097
2020-06-27	positive	active	172.1245380997429
2020-06-27	infectious	new	3.0196138615799555
2020-06-27	infectious	active	117.8638178019358
2020-06-27	possymp	new	3.346428193684584
2020-06-27	possymp	active	21.26595995429596
2020-06-28	infections	start	10.268116382308476
2020-06-28	positive	start	11.396792249243786
2020-06-28	infectious	start	12.04318798205307
2020-06-28	symptoms	start	12.889652447019825
2020-06-28	infectious	end	10.402099089121277
2020-06-28	symptoms	end	8.322792308365896
2020-06-28	positive	end	4.2243266816943565
2020-06-28	reported	end	2.8775389760487875
2020-06-28	symptoms	new	4.566860138653929
2020-06-28	symptoms	active	114.5702384255882
2020-06-28	presymp	new	-1.4928601977760394
2020-06-28	presymp	active	39.36233966073663
2020-06-28	positive	new	7.1724655675494295
2020-06-28	positive	active	179.29700366729233
2020-06-28	infectious	new	1.6410888929317924
2020-06-28	infectious	active	119.5049066948676
2020-06-28	possymp	new	4.09846562667154
2020-06-28	possymp	active	25.364425580967495
2020-06-29	infections	start	9.996447977452425
2020-06-29	positive	start	10.787562301748665
2020-06-29	infectious	start	11.431331444255731
2020-06-29	symptoms	start	12.380742263513417
2020-06-29	infectious	end	11.04394203883006
2020-06-29	symptoms	end	9.485284022757943
2020-06-29	positive	end	4.865636425285446
2020-06-29	reported	end	27.81621010180495
2020-06-29	symptoms	new	2.895458240755474
2020-06-29	symptoms	active	117.46569666634367
2020-06-29	presymp	new	-1.5931799617647524
2020-06-29	presymp	active	37.769159698971876
2020-06-29	positive	new	5.921925876463218
2020-06-29	positive	active	185.21892954375554
2020-06-29	infectious	new	0.3873894054256706
2020-06-29	infectious	active	119.89229610029327
2020-06-29	possymp	new	4.619647597472497
2020-06-29	possymp	active	29.984073178439992
2020-06-30	infections	start	9.891082069614978
2020-06-30	positive	start	10.30412142983644
2020-06-30	infectious	start	10.81954226700077
2020-06-30	symptoms	start	11.817788888747065
2020-06-30	infectious	end	11.659232248657158
2020-06-30	symptoms	end	10.378013227294067
2020-06-30	positive	end	5.664444734373633
2020-06-30	reported	end	18.70400334431712
2020-06-30	symptoms	new	1.4397756614529982
2020-06-30	symptoms	active	118.90547232779667
2020-06-30	presymp	new	-1.513667458910625
2020-06-30	presymp	active	36.25549224006125
2020-06-30	positive	new	4.639676695462808
2020-06-30	positive	active	189.85860623921835
2020-06-30	infectious	new	-0.8396899816563881
2020-06-30	infectious	active	119.05260611863687
2020-06-30	possymp	new	4.713568492920435
2020-06-30	possymp	active	34.69764167136043
2020-07-01	infections	start	9.914470535112123
2020-07-01	positive	start	10.02449588084581
2020-07-01	infectious	start	10.330507510996556
2020-07-01	symptoms	start	11.223318112333525
2020-07-01	infectious	end	12.133218954501375
2020-07-01	symptoms	end	11.100887292074251
2020-07-01	positive	end	6.656766699330534
2020-07-01	reported	end	11.989745733536616
2020-07-01	symptoms	new	0.12243082025927343
2020-07-01	symptoms	active	119.02790314805596
2020-07-01	presymp	new	-1.1988222314877142
2020-07-01	presymp	active	35.05667000857353
2020-07-01	positive	new	3.3677291815152763
2020-07-01	positive	active	193.22633542073362
2020-07-01	infectious	new	-1.802711443504819
2020-07-01	infectious	active	117.24989467513205
2020-07-01	possymp	new	4.444120592743717
2020-07-01	possymp	active	39.141762264104145
2020-07-02	infections	start	9.946136420045612
2020-07-02	positive	start	9.91288502141989
2020-07-02	infectious	start	10.045744745981853
2020-07-02	symptoms	start	10.633332752573782
2020-07-02	infectious	end	12.397447362982456
2020-07-02	symptoms	end	11.749585047292586
2020-07-02	positive	end	7.801874445678214
2020-07-02	reported	end	20.142772832341514
2020-07-02	symptoms	new	-1.1162522947188034
2020-07-02	symptoms	active	117.91165085333715
2020-07-02	presymp	new	-0.720447731153893
2020-07-02	presymp	active	34.336222277419644
2020-07-02	positive	new	2.111010575741675
2020-07-02	positive	active	195.3373459964753
2020-07-02	infectious	new	-2.351702617000603
2020-07-02	infectious	active	114.89819205813146
2020-07-02	possymp	new	3.9477106016143715
2020-07-02	possymp	active	43.08947286571852
2020-07-03	infections	start	9.94370779845913
2020-07-03	positive	start	9.93252007902083
2020-07-03	infectious	start	9.931091866024465
2020-07-03	symptoms	start	10.177997020070308
2020-07-03	infectious	end	12.672027316433994
2020-07-03	symptoms	end	12.332206765540626
2020-07-03	positive	end	9.053034641301778
2020-07-03	reported	end	12.46933556287808
2020-07-03	symptoms	new	-2.154209745470318
2020-07-03	symptoms	active	115.75744110786682
2020-07-03	presymp	new	-0.24547694104947837
2020-07-03	presymp	active	34.09074533637016
2020-07-03	positive	new	0.8794854377190511
2020-07-03	positive	active	196.21683143419435
2020-07-03	infectious	new	-2.7409354504095287
2020-07-03	infectious	active	112.15725660772192
2020-07-03	possymp	new	3.2791721242388476
2020-07-03	possymp	active	46.36864498995737
2020-07-04	infections	start	9.983475906188296
2020-07-04	positive	start	9.962274690175734
2020-07-04	infectious	start	9.949498298911443
2020-07-04	symptoms	start	9.936515313133558
2020-07-04	infectious	end	12.787710647494348
2020-07-04	symptoms	end	12.673006247990404
2020-07-04	positive	end	10.153002160462929
2020-07-04	reported	end	4.316308464073181
2020-07-04	symptoms	new	-2.736490934856846
2020-07-04	symptoms	active	113.02095017300998
2020-07-04	presymp	new	0.025759377042176013
2020-07-04	presymp	active	34.11650471341234
2020-07-04	positive	new	-0.19072747028719483
2020-07-04	positive	active	196.02610396390716
2020-07-04	infectious	new	-2.838212348582905
2020-07-04	infectious	active	109.31904425913902
2020-07-04	possymp	new	2.520004087527475
2020-07-04	possymp	active	48.88864907748484
2020-07-05	infections	start	10.140701356282621
2020-07-05	positive	start	9.958975677153902
2020-07-05	infectious	start	9.979068691135575
2020-07-05	symptoms	start	9.869142808869379
2020-07-05	infectious	end	12.386450484260262
2020-07-05	symptoms	end	12.872879511727755
2020-07-05	positive	end	10.945442156209735
2020-07-05	reported	end	4.795898293414646
2020-07-05	symptoms	new	-3.003736702858376
2020-07-05	symptoms	active	110.0172134701516
2020-07-05	presymp	new	0.08983286828452286
2020-07-05	presymp	active	34.206337581696864
2020-07-05	positive	new	-0.9864664790558333
2020-07-05	positive	active	195.0396374848513
2020-07-05	infectious	new	-2.407381793124687
2020-07-05	infectious	active	106.91166246601433
2020-07-05	possymp	new	1.9274373555180198
2020-07-05	possymp	active	50.81608643300286
2020-07-06	infections	start	10.536661352660191
2020-07-06	positive	start	9.997819988450555
2020-07-06	infectious	start	9.976269646483638
2020-07-06	symptoms	start	9.93769328269652
2020-07-06	infectious	end	11.666373313456479
2020-07-06	symptoms	end	12.922851056681337
2020-07-06	positive	end	11.540794576827034
2020-07-06	reported	end	12.46933556287808
2020-07-06	symptoms	new	-2.9851577739848167
2020-07-06	symptoms	active	107.0320556961668
2020-07-06	presymp	new	0.060126705754035115
2020-07-06	presymp	active	34.2664642874509
2020-07-06	positive	new	-1.5429745883764792
2020-07-06	positive	active	193.49666289647485
2020-07-06	infectious	new	-1.6901036669728402
2020-07-06	infectious	active	105.22155879904149
2020-07-06	possymp	new	1.3820564798543025
2020-07-06	possymp	active	52.198142912857165
2020-07-07	infections	start	11.167809900725151
2020-07-07	positive	start	10.152134431388976
2020-07-07	infectious	start	10.01485673978828
2020-07-07	symptoms	start	10.018436034063212
2020-07-07	infectious	end	10.96302536030002
2020-07-07	symptoms	end	12.522412126292988
2020-07-07	positive	end	12.055030145673566
2020-07-07	reported	end	12.948925392219545
2020-07-07	symptoms	new	-2.5039760922297756
2020-07-07	symptoms	active	104.52807960393702
2020-07-07	presymp	new	0.13369839732576416
2020-07-07	presymp	active	34.40016268477666
2020-07-07	positive	new	-1.9028957142845897
2020-07-07	positive	active	191.59376718219025
2020-07-07	infectious	new	-0.9481686205117388
2020-07-07	infectious	active	104.27339017852975
2020-07-07	possymp	new	0.4673819806194217
2020-07-07	possymp	active	52.66552489347659
2020-07-08	infections	start	11.924549646013714
2020-07-08	positive	start	10.541471459299792
2020-07-08	infectious	start	10.165814781830596
2020-07-08	symptoms	start	10.057150990953783
2020-07-08	infectious	end	10.387703989903573
2020-07-08	symptoms	end	11.779155983032652
2020-07-08	positive	end	12.465925595648905
2020-07-08	reported	end	10.55097624551222
2020-07-08	symptoms	new	-1.722004992078869
2020-07-08	symptoms	active	102.80607461185815
2020-07-08	presymp	new	0.4843204683460094
2020-07-08	presymp	active	34.88448315312267
2020-07-08	positive	new	-1.9244541363491123
2020-07-08	positive	active	189.66931304584114
2020-07-08	infectious	new	-0.22188920807297663
2020-07-08	infectious	active	104.05150097045677
2020-07-08	possymp	new	-0.6867696126162528
2020-07-08	possymp	active	51.978755280860334
2020-07-09	infections	start	12.697095578329522
2020-07-09	positive	start	11.161815495869345
2020-07-09	infectious	start	10.547507239508667
2020-07-09	symptoms	start	10.117191371602768
2020-07-09	infectious	end	10.026247067296852
2020-07-09	symptoms	end	11.06465843998242
2020-07-09	positive	end	12.593700367389745
2020-07-09	reported	end	11.51015590419515
2020-07-09	symptoms	new	-0.9474670683796518
2020-07-09	symptoms	active	101.8586075434785
2020-07-09	presymp	new	1.0446241242665764
2020-07-09	presymp	active	35.92910727738925
2020-07-09	positive	new	-1.431884871520401
2020-07-09	positive	active	188.23742817432074
2020-07-09	infectious	new	0.5212601722118144
2020-07-09	infectious	active	104.5727611426686
2020-07-09	possymp	new	-1.5290419274073255
2020-07-09	possymp	active	50.449713353453006
2020-07-10	infections	start	13.515162975315501
2020-07-10	positive	start	11.905085410796955
2020-07-10	infectious	start	11.156428443360301
2020-07-10	symptoms	start	10.268596933319781
2020-07-10	infectious	end	9.857612159230651
2020-07-10	symptoms	end	10.480509901079696
2020-07-10	positive	end	12.62305620218066
2020-07-10	reported	end	11.51015590419515
2020-07-10	symptoms	new	-0.21191296775991475
2020-07-10	symptoms	active	101.64669457571858
2020-07-10	presymp	new	1.6364884774771742
2020-07-10	presymp	active	37.56559575486642
2020-07-10	positive	new	-0.7179707913837046
2020-07-10	positive	active	187.51945738293705
2020-07-10	infectious	new	1.29881628412965
2020-07-10	infectious	active	105.87157742679824
2020-07-10	possymp	new	-2.142546301100964
2020-07-10	possymp	active	48.30716705235204
2020-07-11	infections	start	14.526678822991844
2020-07-11	positive	start	12.66476628802724
2020-07-11	infectious	start	11.886833053697664
2020-07-11	symptoms	start	10.637688092487211
2020-07-11	infectious	end	9.798405506720693
2020-07-11	symptoms	end	10.096523891016773
2020-07-11	positive	end	12.600288184264347
2020-07-11	reported	end	4.316308464073181
2020-07-11	symptoms	new	0.5411642014704388
2020-07-11	symptoms	active	102.18785877718902
2020-07-11	presymp	new	2.027078195540028
2020-07-11	presymp	active	39.59267395040645
2020-07-11	positive	new	0.06447810376289276
2020-07-11	positive	active	187.58393548669991
2020-07-11	infectious	new	2.0884275469769715
2020-07-11	infectious	active	107.96000497377521
2020-07-11	possymp	new	-2.503764293247574
2020-07-11	possymp	active	45.803402759104465
2020-07-12	infections	start	15.795613022614747
2020-07-12	positive	start	13.473313051811195
2020-07-12	infectious	start	12.63583065703471
2020-07-12	symptoms	start	11.234448082102126
2020-07-12	infectious	end	9.786311822585716
2020-07-12	symptoms	end	9.90388716731481
2020-07-12	positive	end	12.216000513441927
2020-07-12	reported	end	4.795898293414646
2020-07-12	symptoms	new	1.3305609147873163
2020-07-12	symptoms	active	103.51841969197633
2020-07-12	presymp	new	2.238864969709068
2020-07-12	presymp	active	41.83153892011552
2020-07-12	positive	new	1.257312538369268
2020-07-12	positive	active	188.8412480250692
2020-07-12	infectious	new	2.8495188344489932
2020-07-12	infectious	active	110.80952380822421
2020-07-12	possymp	new	-2.3121133461271164
2020-07-12	possymp	active	43.49128941297735
2020-07-13	infections	start	17.3843474149991
2020-07-13	positive	start	14.478752003775224
2020-07-13	infectious	start	13.437432118891218
2020-07-13	symptoms	start	11.963866662824255
2020-07-13	infectious	end	9.758076440745457
2020-07-13	symptoms	end	9.811585472846996
2020-07-13	positive	end	11.53830840607453
2020-07-13	reported	end	10.071386416170757
2020-07-13	symptoms	new	2.152281189977259
2020-07-13	symptoms	active	105.67070088195359
2020-07-13	presymp	new	2.5148853409509684
2020-07-13	presymp	active	44.34642426106649
2020-07-13	positive	new	2.9404435977006944
2020-07-13	positive	active	191.7816916227699
2020-07-13	infectious	new	3.679355678145761
2020-07-13	infectious	active	114.48887948636997
2020-07-13	possymp	new	-1.7267229332275331
2020-07-13	possymp	active	41.76456647974982
2020-07-14	infections	start	18.94309367203434
2020-07-14	positive	start	15.743818656870541
2020-07-14	infectious	start	14.43813424816036
2020-07-14	symptoms	start	12.721595634021215
2020-07-14	infectious	end	9.69412233037657
2020-07-14	symptoms	end	9.757699067412762
2020-07-14	positive	end	10.891488919002022
2020-07-14	reported	end	13.908105050902474
2020-07-14	symptoms	new	2.9638965666084527
2020-07-14	symptoms	active	108.63459744856205
2020-07-14	presymp	new	3.0222230228493263
2020-07-14	presymp	active	47.36864728391581
2020-07-14	positive	new	4.852329737868519
2020-07-14	positive	active	196.6340213606384
2020-07-14	infectious	new	4.744011917783789
2020-07-14	infectious	active	119.23289140415376
2020-07-14	possymp	new	-1.1337898515892597
2020-07-14	possymp	active	40.63077662816056
2020-07-15	infections	start	20.128077605079135
2020-07-15	positive	start	17.330131815156438
2020-07-15	infectious	start	15.698525985391509
2020-07-15	symptoms	start	13.529818714972171
2020-07-15	infectious	end	9.646246506387142
2020-07-15	symptoms	end	9.695753563804589
2020-07-15	positive	end	10.354771061170814
2020-07-15	reported	end	17.265233856292724
2020-07-15	symptoms	new	3.8340651511675823
2020-07-15	symptoms	active	112.46866259972963
2020-07-15	presymp	new	3.800313100184267
2020-07-15	presymp	active	51.16896038410008
2020-07-15	positive	new	6.975360753985624
2020-07-15	positive	active	203.60938211462403
2020-07-15	infectious	new	6.052279479004367
2020-07-15	infectious	active	125.28517088315812
2020-07-15	possymp	new	-0.6590174973662251
2020-07-15	possymp	active	39.97175913079433
2020-07-16	infections	start	21.013067253694096
2020-07-16	positive	start	18.89079473220663
2020-07-16	infectious	start	17.279532145699562
2020-07-16	symptoms	start	14.52039464376785
2020-07-16	infectious	end	9.685752894501393
2020-07-16	symptoms	end	9.608344160852168
2020-07-16	positive	end	9.998310966391381
2020-07-16	reported	end	12.46933556287808
2020-07-16	symptoms	new	4.9120504829156815
2020-07-16	symptoms	active	117.38071308264531
2020-07-16	presymp	new	4.37040008843878
2020-07-16	presymp	active	55.53936047253886
2020-07-16	positive	new	8.892483765815248
2020-07-16	positive	active	212.50186588043928
2020-07-16	infectious	new	7.593779251198169
2020-07-16	infectious	active	132.8789501343563
2020-07-16	possymp	new	-0.38996680553921337
2020-07-16	possymp	active	39.58179232525512
2020-07-17	infections	start	21.67588645161056
2020-07-17	positive	start	20.08673270387083
2020-07-17	infectious	start	18.838727182973305
2020-07-17	symptoms	start	15.75067002438546
2020-07-17	infectious	end	9.894314761128074
2020-07-17	symptoms	end	9.549196585644792
2020-07-17	positive	end	9.82401995560295
2020-07-17	reported	end	8.632616928146362
2020-07-17	symptoms	new	6.201473438740669
2020-07-17	symptoms	active	123.58218652138598
2020-07-17	presymp	new	4.336062679485369
2020-07-17	presymp	active	59.87542315202423
2020-07-17	positive	new	10.26271274826788
2020-07-17	positive	active	222.76457862870717
2020-07-17	infectious	new	8.94441242184523
2020-07-17	infectious	active	141.82336255620152
2020-07-17	possymp	new	-0.2748233699581579
2020-07-17	possymp	active	39.30696895529696
2020-07-18	infections	start	22.11136876418877
2020-07-18	positive	start	20.993293705579497
2020-07-18	infectious	start	20.043086648266343
2020-07-18	symptoms	start	17.296777439145494
2020-07-18	infectious	end	10.324934297889103
2020-07-18	symptoms	end	9.589960795954578
2020-07-18	positive	end	9.758228303081523
2020-07-18	reported	end	9.112206757487828
2020-07-18	symptoms	new	7.7068166431909155
2020-07-18	symptoms	active	131.28900316457688
2020-07-18	presymp	new	3.6965162664340028
2020-07-18	presymp	active	63.571939418458236
2020-07-18	positive	new	11.235065402497973
2020-07-18	positive	active	233.99964403120512
2020-07-18	infectious	new	9.71815235037724
2020-07-18	infectious	active	151.54151490657875
2020-07-18	possymp	new	-0.16826750712694505
2020-07-18	possymp	active	39.13870144817002
2020-07-19	infections	start	22.230384303295104
2020-07-19	positive	start	21.684754900982394
2020-07-19	infectious	start	20.96875368883494
2020-07-19	symptoms	start	18.837479684777428
2020-07-19	infectious	end	10.931443520632948
2020-07-19	symptoms	end	9.786332546247715
2020-07-19	positive	end	9.756448255991385
2020-07-19	reported	end	4.795898293414646
2020-07-19	symptoms	new	9.051147138529712
2020-07-19	symptoms	active	140.3401503031066
2020-07-19	presymp	new	2.8472752162049666
2020-07-19	presymp	active	66.4192146346632
2020-07-19	positive	new	11.92830664499101
2020-07-19	positive	active	245.92795067619613
2020-07-19	infectious	new	10.037310168201993
2020-07-19	infectious	active	161.57882507478075
2020-07-19	possymp	new	0.029884290256330104
2020-07-19	possymp	active	39.168585738426344
2020-07-20	infections	start	21.998342533241836
2020-07-20	positive	start	22.14811869280384
2020-07-20	infectious	start	21.68434594431664
2020-07-20	symptoms	start	20.04417605225988
2020-07-20	infectious	end	11.614882790086861
2020-07-20	symptoms	end	10.181936884697347
2020-07-20	positive	end	9.778939743133895
2020-07-20	reported	end	10.071386416170757
2020-07-20	symptoms	new	9.862239167562532
2020-07-20	symptoms	active	150.20238947066915
2020-07-20	presymp	new	2.1039426405439627
2020-07-20	presymp	active	68.52315727520717
2020-07-20	positive	new	12.369178949669946
2020-07-20	positive	active	258.2971296258661
2020-07-20	infectious	new	10.069463154229778
2020-07-20	infectious	active	171.64828822901055
2020-07-20	possymp	new	0.4029971415634517
2020-07-20	possymp	active	39.5715828799898
2020-07-21	infections	start	22.00183734025234
2020-07-21	positive	start	22.28631277428442
2020-07-21	infectious	start	22.168425706370027
2020-07-21	symptoms	start	20.971240723219672
2020-07-21	infectious	end	12.33805795000836
2020-07-21	symptoms	end	10.744272769854623
2020-07-21	positive	end	9.801821567505677
2020-07-21	reported	end	18.70400334431712
2020-07-21	symptoms	new	10.22696795336505
2020-07-21	symptoms	active	160.42935742403418
2020-07-21	presymp	new	1.315072051064746
2020-07-21	presymp	active	69.83822932627191
2020-07-21	positive	new	12.484491206778742
2020-07-21	positive	active	270.7816208326448
2020-07-21	infectious	new	9.830367756361667
2020-07-21	infectious	active	181.4786559853722
2020-07-21	possymp	new	0.9424512023489466
2020-07-21	possymp	active	40.514034082338746
2020-07-22	infections	start	21.908680416712397
2020-07-22	positive	start	22.061167906706068
2020-07-22	infectious	start	22.317955576278177
2020-07-22	symptoms	start	21.661594542460353
2020-07-22	infectious	end	13.224530477805269
2020-07-22	symptoms	end	11.422948663223476
2020-07-22	positive	end	9.86139915097971
2020-07-22	reported	end	12.46933556287808
2020-07-22	symptoms	new	10.238645879236877
2020-07-22	symptoms	active	170.66800330327106
2020-07-22	presymp	new	0.39957336424571466
2020-07-22	presymp	active	70.23780269051763
2020-07-22	positive	new	12.199768755726359
2020-07-22	positive	active	282.9813895883712
2020-07-22	infectious	new	9.093425098472908
2020-07-22	infectious	active	190.57208108384512
2020-07-22	possymp	new	1.5615495122437668
2020-07-22	possymp	active	42.07558359458251
2020-07-23	infections	start	21.536192268713414
2020-07-23	positive	start	22.06307297029152
2020-07-23	infectious	start	22.094470458390276
2020-07-23	symptoms	start	22.08613749888088
2020-07-23	infectious	end	14.414970455299539
2020-07-23	symptoms	end	12.194445926615163
2020-07-23	positive	end	10.009654337939761
2020-07-23	reported	end	20.622362661682978
2020-07-23	symptoms	new	9.891691572265717
2020-07-23	symptoms	active	180.5596948755368
2020-07-23	presymp	new	-0.023064528589362254
2020-07-23	presymp	active	70.21473816192827
2020-07-23	positive	new	12.053418632351757
2020-07-23	positive	active	295.03480822072294
2020-07-23	infectious	new	7.679500003090737
2020-07-23	infectious	active	198.25158108693586
2020-07-23	possymp	new	2.1847915886754024
2020-07-23	possymp	active	44.26037518325791
2020-07-24	infections	start	21.623202848513337
2020-07-24	positive	start	21.96247383263814
2020-07-24	infectious	start	22.09422497563509
2020-07-24	symptoms	start	22.169544128781588
2020-07-24	infectious	end	15.986582386075634
2020-07-24	symptoms	end	13.161656403160672
2020-07-24	positive	end	10.29798041380157
2020-07-24	reported	end	23.97949146707323
2020-07-24	symptoms	new	9.007887725620916
2020-07-24	symptoms	active	189.5675826011577
2020-07-24	presymp	new	-0.20707029614344918
2020-07-24	presymp	active	70.00766786578481
2020-07-24	positive	new	11.66449341883657
2020-07-24	positive	active	306.6993016395595
2020-07-24	infectious	new	6.107642589559456
2020-07-24	infectious	active	204.3592236764953
2020-07-24	possymp	new	2.863675989359102
2020-07-24	possymp	active	47.124051172617015
2020-07-25	infections	start	22.17513285628953
2020-07-25	positive	start	21.57710717664715
2020-07-25	infectious	start	21.989277723279777
2020-07-25	symptoms	start	21.906295445145417
2020-07-25	infectious	end	17.790376752933916
2020-07-25	symptoms	end	14.455991415308885
2020-07-25	positive	end	10.78706917424134
2020-07-25	reported	end	14.387694880243938
2020-07-25	symptoms	new	7.450304029836532
2020-07-25	symptoms	active	197.01788663099424
2020-07-25	presymp	new	-0.32918826849826743
2020-07-25	presymp	active	69.67847959728654
2020-07-25	positive	new	10.79003800240581
2020-07-25	positive	active	317.48933964196533
2020-07-25	infectious	new	4.198900970345861
2020-07-25	infectious	active	208.55812464684115
2020-07-25	possymp	new	3.668922241067545
2020-07-25	possymp	active	50.792973413684564
2020-07-26	infections	start	23.19893374449427
2020-07-26	positive	start	21.64675297449182
2020-07-26	infectious	start	21.595149277061626
2020-07-26	symptoms	start	21.888557031341136
2020-07-26	infectious	end	19.230944109843826
2020-07-26	symptoms	end	16.031735394857453
2020-07-26	positive	end	11.46467759655434
2020-07-26	reported	end	9.591796586829291
2020-07-26	symptoms	new	5.856821636483684
2020-07-26	symptoms	active	202.87470826747793
2020-07-26	presymp	new	-0.24180405684931472
2020-07-26	presymp	active	69.43667554043724
2020-07-26	positive	new	10.182075377937482
2020-07-26	positive	active	327.6714150199028
2020-07-26	infectious	new	2.3642051672178006
2020-07-26	infectious	active	210.92232981405897
2020-07-26	possymp	new	4.567057798303113
2020-07-26	possymp	active	55.360031211987675
2020-07-27	infections	start	24.570355309940417
2020-07-27	positive	start	22.177139845480273
2020-07-27	infectious	start	21.651558296054983
2020-07-27	symptoms	start	21.77928139909933
2020-07-27	infectious	end	20.02345097071513
2020-07-27	symptoms	end	17.79718847765895
2020-07-27	positive	end	12.274271265505837
2020-07-27	reported	end	25.418260955097622
2020-07-27	symptoms	new	3.9820929214403797
2020-07-27	symptoms	active	206.8568011889183
2020-07-27	presymp	new	0.39785844638094403
2020-07-27	presymp	active	69.83453398681817
2020-07-27	positive	new	9.902868579974436
2020-07-27	positive	active	337.5742835998772
2020-07-27	infectious	new	1.6281073253398546
2020-07-27	infectious	active	212.5504371393988
2020-07-27	possymp	new	5.5229172121531125
2020-07-27	possymp	active	60.882948424140785
2020-07-28	infections	start	26.197888180625483
2020-07-28	positive	start	23.177056268378813
2020-07-28	infectious	start	22.165444504858574
2020-07-28	symptoms	start	21.39251316262491
2020-07-28	infectious	end	20.367925486399926
2020-07-28	symptoms	end	19.27731278409873
2020-07-28	positive	end	13.152666098052729
2020-07-28	reported	end	31.1733389071952
2020-07-28	symptoms	new	2.115200378526179
2020-07-28	symptoms	active	208.97200156744447
2020-07-28	presymp	new	1.7845431057539045
2020-07-28	presymp	active	71.61907709257208
2020-07-28	positive	new	10.024390170326084
2020-07-28	positive	active	347.59867377020333
2020-07-28	infectious	new	1.7975190184586474
2020-07-28	infectious	active	214.34795615785745
2020-07-28	possymp	new	6.124646686046001
2020-07-28	possymp	active	67.00759511018678
2020-07-29	infections	start	28.13507078384762
2020-07-29	positive	start	24.52433923287257
2020-07-29	infectious	start	23.147489928532693
2020-07-29	symptoms	start	21.465096556299663
2020-07-29	infectious	end	20.535595468000228
2020-07-29	symptoms	end	20.14236808219998
2020-07-29	positive	end	14.150722531215473
2020-07-29	reported	end	36.44882702995131
2020-07-29	symptoms	new	1.3227284740996836
2020-07-29	symptoms	active	210.29473004154417
2020-07-29	presymp	new	3.0592426765729073
2020-07-29	presymp	active	74.67831976914499
2020-07-29	positive	new	10.373616701657097
2020-07-29	positive	active	357.97229047186045
2020-07-29	infectious	new	2.611894460532465
2020-07-29	infectious	active	216.95985061838994
2020-07-29	possymp	new	5.991645550984506
2020-07-29	possymp	active	72.9992406611713
2020-07-30	infections	start	30.42932626786851
2020-07-30	positive	start	26.129569487120015
2020-07-30	infectious	start	24.47604497003224
2020-07-30	symptoms	start	22.002674741349498
2020-07-30	infectious	end	20.763788963818474
2020-07-30	symptoms	end	20.58814823650593
2020-07-30	positive	end	15.363119967721659
2020-07-30	reported	end	32.13251856587813
2020-07-30	symptoms	new	1.4145265048435682
2020-07-30	symptoms	active	211.70925654638773
2020-07-30	presymp	new	4.126894745770517
2020-07-30	presymp	active	78.8052145149155
2020-07-30	positive	new	10.766449519398357
2020-07-30	positive	active	368.7387399912588
2020-07-30	infectious	new	3.7122560062137673
2020-07-30	infectious	active	220.67210662460369
2020-07-30	possymp	new	5.225028268784271
2020-07-30	possymp	active	78.22426892995557
2020-07-31	infections	start	32.82545481459423
2020-07-31	positive	start	28.050701723627775
2020-07-31	infectious	start	26.06330245538803
2020-07-31	symptoms	start	23.00109853455259
2020-07-31	infectious	end	20.945959487183767
2020-07-31	symptoms	end	20.79024933588677
2020-07-31	positive	end	16.779644310098966
2020-07-31	reported	end	19.66318300300005
2020-07-31	symptoms	new	2.2108491986658194
2020-07-31	symptoms	active	213.92010574505355
2020-07-31	presymp	new	5.049603189075185
2020-07-31	presymp	active	83.85481770399069
2020-07-31	positive	new	11.271057413528808
2020-07-31	positive	active	380.0097974047876
2020-07-31	infectious	new	5.117342968204262
2020-07-31	infectious	active	225.78944959280796
2020-07-31	possymp	new	4.010605025787804
2020-07-31	possymp	active	82.23487395574337
2020-08-01	infections	start	35.068708505470156
2020-08-01	positive	start	30.33923628631036
2020-08-01	infectious	start	27.974945694595966
2020-08-01	symptoms	start	24.35769980145443
2020-08-01	infectious	end	20.749718726295335
2020-08-01	symptoms	end	20.92672796568356
2020-08-01	positive	end	18.390207562389968
2020-08-01	reported	end	10.55097624551222
2020-08-01	symptoms	new	3.430971835770869
2020-08-01	symptoms	active	217.3510775808244
2020-08-01	presymp	new	5.98153648485593
2020-08-01	presymp	active	89.83635418884661
2020-08-01	positive	new	11.949028723920392
2020-08-01	positive	active	391.958826128708
2020-08-01	infectious	new	7.225226968300632
2020-08-01	infectious	active	233.0146765611086
2020-08-01	possymp	new	2.5365204032935935
2020-08-01	possymp	active	84.77139435903696
2020-08-02	infections	start	37.20085563648177
2020-08-02	positive	start	32.73765293516139
2020-08-02	infectious	start	30.262666095378673
2020-08-02	symptoms	start	26.005743919432962
2020-08-02	infectious	end	20.12392183967452
2020-08-02	symptoms	end	20.930160323149355
2020-08-02	positive	end	19.75519025405274
2020-08-02	reported	end	7.673437269463434
2020-08-02	symptoms	new	5.075583596283607
2020-08-02	symptoms	active	222.42666117710803
2020-08-02	presymp	new	6.73190901572843
2020-08-02	presymp	active	96.56826320457505
2020-08-02	positive	new	12.982462681108654
2020-08-02	positive	active	404.9412888098166
2020-08-02	infectious	new	10.138744255704154
2020-08-02	infectious	active	243.15342081681274
2020-08-02	possymp	new	1.1749700690966165
2020-08-02	possymp	active	85.94636442813358
2020-08-03	infections	start	39.268311211039276
2020-08-03	positive	start	34.986601165953765
2020-08-03	infectious	start	32.661672830004555
2020-08-03	symptoms	start	27.976039189865382
2020-08-03	infectious	end	19.602245492845142
2020-08-03	symptoms	end	20.655072989690073
2020-08-03	positive	end	20.53628462510497
2020-08-03	reported	end	21.58154232036591
2020-08-03	symptoms	new	7.3209662001753095
2020-08-03	symptoms	active	229.74762737728332
2020-08-03	presymp	new	7.010561976088383
2020-08-03	presymp	active	103.57882518066343
2020-08-03	positive	new	14.450316540848796
2020-08-03	positive	active	419.39160535066543
2020-08-03	infectious	new	13.059427337159413
2020-08-03	infectious	active	256.2128481539722
2020-08-03	possymp	new	0.11878836458510378
2020-08-03	possymp	active	86.06515279271868
2020-08-04	infections	start	41.225294479336064
2020-08-04	positive	start	37.12635233483346
2020-08-04	infectious	start	34.91149777039943
2020-08-04	symptoms	start	30.28911687446951
2020-08-04	infectious	end	19.591767481375793
2020-08-04	symptoms	end	20.04972192425659
2020-08-04	positive	end	20.88558899384343
2020-08-04	reported	end	22.540721979048836
2020-08-04	symptoms	new	10.239394950212919
2020-08-04	symptoms	active	239.98702232749625
2020-08-04	presymp	new	6.837235460363953
2020-08-04	presymp	active	110.41606064102739
2020-08-04	positive	new	16.240763340990032
2020-08-04	positive	active	435.6323686916555
2020-08-04	infectious	new	15.319730289023635
2020-08-04	infectious	active	271.53257844299577
2020-08-04	possymp	new	-0.8358670695868398
2020-08-04	possymp	active	85.22928572313184
2020-08-05	infections	start	42.91743059371735
2020-08-05	positive	start	39.20356553933031
2020-08-05	infectious	start	37.053013502842084
2020-08-05	symptoms	start	32.675508048500895
2020-08-05	infectious	end	20.09901947177024
2020-08-05	symptoms	end	19.50835451178324
2020-08-05	positive	end	20.96666861029003
2020-08-05	reported	end	16.306054197609797
2020-08-05	symptoms	new	13.167153536717656
2020-08-05	symptoms	active	253.1541758642139
2020-08-05	presymp	new	6.528057490829418
2020-08-05	presymp	active	116.9441181318568
2020-08-05	positive	new	18.236896929040284
2020-08-05	positive	active	453.8692656206957
2020-08-05	infectious	new	16.953994031071844
2020-08-05	infectious	active	288.48657247406766
2020-08-05	possymp	new	-1.45831409850679
2020-08-05	possymp	active	83.77097162462505
2020-08-06	infections	start	44.23875052276629
2020-08-06	positive	start	41.17233711553008
2020-08-06	infectious	start	39.134155407767274
2020-08-06	symptoms	start	34.88470301452712
2020-08-06	infectious	end	21.07610404224123
2020-08-06	symptoms	end	19.467018140068852
2020-08-06	positive	end	21.02797494963082
2020-08-06	reported	end	22.061132149707372
2020-08-06	symptoms	new	15.417684874458267
2020-08-06	symptoms	active	268.57186073867217
2020-08-06	presymp	new	6.287634101002958
2020-08-06	presymp	active	123.23175223285976
2020-08-06	positive	new	20.144362165899256
2020-08-06	positive	active	474.013627786595
2020-08-06	infectious	new	18.058051365526044
2020-08-06	infectious	active	306.54462383959367
2020-08-06	possymp	new	-1.5609568095619686
2020-08-06	possymp	active	82.21001481506309
2020-08-07	infections	start	45.0917960886516
2020-08-07	positive	start	42.876623202109734
2020-08-07	infectious	start	41.108334712884755
2020-08-07	symptoms	start	36.967097541397685
2020-08-07	infectious	end	22.364416667861143
2020-08-07	symptoms	end	19.909565388834064
2020-08-07	positive	end	21.095144802003826
2020-08-07	reported	end	27.81621010180495
2020-08-07	symptoms	new	17.05753215256362
2020-08-07	symptoms	active	285.6293928912358
2020-08-07	presymp	new	5.909525660712049
2020-08-07	presymp	active	129.1412778935718
2020-08-07	positive	new	21.781478400105907
2020-08-07	positive	active	495.79510618670093
2020-08-07	infectious	new	18.743918045023612
2020-08-07	infectious	active	325.2885418846173
2020-08-07	possymp	new	-1.1855794131697621
2020-08-07	possymp	active	81.02443540189333
2020-08-08	infections	start	45.600636151686565
2020-08-08	positive	start	44.20901863971703
2020-08-08	infectious	start	42.81747381356846
2020-08-08	symptoms	start	38.9670171421156
2020-08-08	infectious	end	23.91427350838945
2020-08-08	symptoms	end	20.820566045753324
2020-08-08	positive	end	21.01658147396157
2020-08-08	reported	end	21.58154232036591
2020-08-08	symptoms	new	18.146451096362277
2020-08-08	symptoms	active	303.7758439875981
2020-08-08	presymp	new	5.242001497601429
2020-08-08	presymp	active	134.38327939117323
2020-08-08	positive	new	23.19243716575546
2020-08-08	positive	active	518.9875433524563
2020-08-08	infectious	new	18.903200305179013
2020-08-08	infectious	active	344.1917421897963
2020-08-08	possymp	new	-0.1960154282082449
2020-08-08	possymp	active	80.82841997368507
2020-08-09	infections	start	46.007521921288074
2020-08-09	positive	start	45.07302715112531
2020-08-09	infectious	start	44.15471780959489
2020-08-09	symptoms	start	40.836661193617324
2020-08-09	infectious	end	25.83502777498508
2020-08-09	symptoms	end	22.095261690358374
2020-08-09	positive	end	20.64846546349372
2020-08-09	reported	end	16.78564402695126
2020-08-09	symptoms	new	18.74139950325895
2020-08-09	symptoms	active	322.517243490857
2020-08-09	presymp	new	4.236365957507985
2020-08-09	presymp	active	138.61964534868122
2020-08-09	positive	new	24.424561687631588
2020-08-09	positive	active	543.4121050400879
2020-08-09	infectious	new	18.319690034609813
2020-08-09	infectious	active	362.5114322244061
2020-08-09	possymp	new	1.4467962268646524
2020-08-09	possymp	active	82.27521620054974
2020-08-10	infections	start	46.39951980430856
2020-08-10	positive	start	45.593622288625745
2020-08-10	infectious	start	45.02683552316595
2020-08-10	symptoms	start	42.44119893192911
2020-08-10	infectious	end	28.092961939956613
2020-08-10	symptoms	end	23.666061080123182
2020-08-10	positive	end	20.32410509234573
2020-08-10	reported	end	44.60185412875621
2020-08-10	symptoms	new	18.775137851805926
2020-08-10	symptoms	active	341.29238134266296
2020-08-10	presymp	new	3.1524233566966373
2020-08-10	presymp	active	141.77206870537785
2020-08-10	positive	new	25.269517196280017
2020-08-10	positive	active	568.681622236368
2020-08-10	infectious	new	16.933873583209337
2020-08-10	infectious	active	379.44530580761545
2020-08-10	possymp	new	3.341955987777453
2020-08-10	possymp	active	85.61717218832719
2020-08-11	infections	start	46.86366618179196
2020-08-11	positive	start	46.011047811691746
2020-08-11	infectious	start	45.55831828292241
2020-08-11	symptoms	start	43.700219383112426
2020-08-11	infectious	end	30.357333498278752
2020-08-11	symptoms	end	25.555881076762603
2020-08-11	positive	end	20.472473703794503
2020-08-11	reported	end	44.60185412875621
2020-08-11	symptoms	new	18.144338306349823
2020-08-11	symptoms	active	359.4367196490128
2020-08-11	presymp	new	2.3108284285793204
2020-08-11	presymp	active	144.08289713395718
2020-08-11	positive	new	25.538574107897244
2020-08-11	positive	active	594.2201963442652
2020-08-11	infectious	new	15.200984784643655
2020-08-11	infectious	active	394.6462905922591
2020-08-11	possymp	new	5.0834073729681
2020-08-11	possymp	active	90.70057956129529
2020-08-12	infections	start	47.26727406115886
2020-08-12	positive	start	46.40955990448281
2020-08-12	infectious	start	45.98488273068488
2020-08-12	symptoms	start	44.520047644323505
2020-08-12	infectious	end	32.44729233480167
2020-08-12	symptoms	end	27.765677560365987
2020-08-12	positive	end	21.093184688316324
2020-08-12	reported	end	41.72431515270742
2020-08-12	symptoms	new	16.754370083957518
2020-08-12	symptoms	active	376.1910897329703
2020-08-12	presymp	new	1.8895122601593073
2020-08-12	presymp	active	145.97240939411648
2020-08-12	positive	new	25.316375216166488
2020-08-12	positive	active	619.5365715604318
2020-08-12	infectious	new	13.537590395883207
2020-08-12	infectious	active	408.18388098814233
2020-08-12	possymp	new	6.672492872049663
2020-08-12	possymp	active	97.37307243334494
2020-08-13	infections	start	47.41673747605844
2020-08-13	positive	start	46.87601466369512
2020-08-13	infectious	start	46.388176844691095
2020-08-13	symptoms	start	45.00831800204883
2020-08-13	infectious	end	34.476438898293516
2020-08-13	symptoms	end	30.058438616508305
2020-08-13	positive	end	22.18478709598116
2020-08-13	reported	end	48.91816259282939
2020-08-13	symptoms	new	14.949879385540527
2020-08-13	symptoms	active	391.14096911851084
2020-08-13	presymp	new	1.867696661646292
2020-08-13	presymp	active	147.8401060557628
2020-08-13	positive	new	24.691227567713963
2020-08-13	positive	active	644.2277991281456
2020-08-13	infectious	new	11.91173794639758
2020-08-13	infectious	active	420.0956189345399
2020-08-13	possymp	new	7.873651520527144
2020-08-13	possymp	active	105.24672395387209
2020-08-14	infections	start	47.30563925867023
2020-08-14	positive	start	47.28036574743485
2020-08-14	infectious	start	46.85638561626243
2020-08-14	symptoms	start	45.392285921485175
2020-08-14	infectious	end	36.5203334521173
2020-08-14	symptoms	end	32.230812602360714
2020-08-14	positive	end	23.615793181694976
2020-08-14	reported	end	48.438572763487926
2020-08-14	symptoms	new	13.161473319124461
2020-08-14	symptoms	active	404.30244243763525
2020-08-14	presymp	new	1.8880798259496743
2020-08-14	presymp	active	149.72818588171245
2020-08-14	positive	new	23.664572565739874
2020-08-14	positive	active	667.8923716938856
2020-08-14	infectious	new	10.33605216414513
2020-08-14	infectious	active	430.431671098685
2020-08-14	possymp	new	8.615019420665739
2020-08-14	possymp	active	113.86174337453782
2020-08-15	infections	start	46.92321500729539
2020-08-15	positive	start	47.43213339723528
2020-08-15	infectious	start	47.2633385662179
2020-08-15	symptoms	start	45.763001378556076
2020-08-15	infectious	end	38.50101183410522
2020-08-15	symptoms	end	34.34847613415011
2020-08-15	positive	end	25.281983772455423
2020-08-15	reported	end	25.418260955097622
2020-08-15	symptoms	new	11.414525244405965
2020-08-15	symptoms	active	415.71696768204123
2020-08-15	presymp	new	1.669132018679207
2020-08-15	presymp	active	151.39731790039167
2020-08-15	positive	new	22.15014962477986
2020-08-15	positive	active	690.0425213186654
2020-08-15	infectious	new	8.762326732112676
2020-08-15	infectious	active	439.1939978307977
2020-08-15	possymp	new	9.066492361694689
2020-08-15	possymp	active	122.92823573623252
2020-08-16	infections	start	46.67799928204915
2020-08-16	positive	start	47.32580824782263
2020-08-16	infectious	start	47.421579350574774
2020-08-16	symptoms	start	46.22402274014571
2020-08-16	infectious	end	40.23920492576728
2020-08-16	symptoms	end	36.45109570506451
2020-08-16	positive	end	27.22078552196685
2020-08-16	reported	end	16.306054197609797
2020-08-16	symptoms	new	9.772927035081203
2020-08-16	symptoms	active	425.48989471712247
2020-08-16	presymp	new	1.1017855076769152
2020-08-16	presymp	active	152.49910340806858
2020-08-16	positive	new	20.10502272585578
2020-08-16	positive	active	710.1475440445212
2020-08-16	infectious	new	7.182374424807492
2020-08-16	infectious	active	446.3763722556052
2020-08-16	possymp	new	9.23031018309766
2020-08-16	possymp	active	132.15854591933018
2020-08-17	infections	start	46.89413473962766
2020-08-17	positive	start	46.94789926038594
2020-08-17	infectious	start	47.32509488418011
2020-08-17	symptoms	start	46.66209350707674
2020-08-17	infectious	end	41.5669755797469
2020-08-17	symptoms	end	38.464213809778855
2020-08-17	positive	end	29.470208378467365
2020-08-17	reported	end	50.35693208085378
2020-08-17	symptoms	new	8.197879697297886
2020-08-17	symptoms	active	433.68777441442035
2020-08-17	presymp	new	0.285805753309198
2020-08-17	presymp	active	152.78490916137778
2020-08-17	positive	new	17.477690881918573
2020-08-17	positive	active	727.6252349264398
2020-08-17	infectious	new	5.758119304433208
2020-08-17	infectious	active	452.1344915600384
2020-08-17	possymp	new	8.99400543131149
2020-08-17	possymp	active	141.15255135064166
2020-08-18	infections	start	47.434446808892226
2020-08-18	positive	start	46.70243919312711
2020-08-18	infectious	start	46.955426867354035
2020-08-18	symptoms	start	46.88315976047679
2020-08-18	infectious	end	42.41454625079496
2020-08-18	symptoms	end	40.19994441170702
2020-08-18	positive	end	31.782701376852653
2020-08-18	reported	end	46.99980327546353
2020-08-18	symptoms	new	6.683215348769764
2020-08-18	symptoms	active	440.3709897631901
2020-08-18	presymp	new	-0.1807205673496739
2020-08-18	presymp	active	152.6041885940281
2020-08-18	positive	new	14.91973781627446
2020-08-18	positive	active	742.5449727427142
2020-08-18	infectious	new	4.540880616559072
2020-08-18	infectious	active	456.6753721765975
2020-08-18	possymp	new	8.41724303485437
2020-08-18	possymp	active	149.56979438549604
2020-08-19	infections	start	48.16628680159329
2020-08-19	positive	start	46.91068597451425
2020-08-19	infectious	start	46.711180700494644
2020-08-19	symptoms	start	46.85429525512737
2020-08-19	infectious	end	42.99086522413386
2020-08-19	symptoms	end	41.55193320758414
2020-08-19	positive	end	33.918480177225604
2020-08-19	reported	end	55.6324202036099
2020-08-19	symptoms	new	5.302362047543227
2020-08-19	symptoms	active	445.6733518107333
2020-08-19	presymp	new	0.05639071938688289
2020-08-19	presymp	active	152.66057931341498
2020-08-19	positive	new	12.992205797288648
2020-08-19	positive	active	755.5371785400029
2020-08-19	infectious	new	3.7203154763607813
2020-08-19	infectious	active	460.39568765295826
2020-08-19	possymp	new	7.633453030358538
2020-08-19	possymp	active	157.20324741585458
2020-08-20	infections	start	48.72723804420014
2020-08-20	positive	start	47.435988616971045
2020-08-20	infectious	start	46.911614370517654
2020-08-20	symptoms	start	46.53312418055814
2020-08-20	infectious	end	43.54694064859374
2020-08-20	symptoms	end	42.465939262748996
2020-08-20	positive	end	35.92758735595567
2020-08-20	reported	end	68.58134559582943
2020-08-20	symptoms	new	4.0671849178091435
2020-08-20	symptoms	active	449.74053672854245
2020-08-20	presymp	new	0.902864436412905
2020-08-20	presymp	active	153.56344374982788
2020-08-20	positive	new	11.508401261015372
2020-08-20	positive	active	767.0455798010182
2020-08-20	infectious	new	3.3646737219239142
2020-08-20	infectious	active	463.76036137488217
2020-08-20	possymp	new	6.538351906793324
2020-08-20	possymp	active	163.7415993226479
2020-08-21	infections	start	49.02642043357075
2020-08-21	positive	start	48.15023318885975
2020-08-21	infectious	start	47.42216865671582
2020-08-21	symptoms	start	46.304864387238595
2020-08-21	infectious	end	44.210357435779265
2020-08-21	symptoms	end	43.105321454671476
2020-08-21	positive	end	37.863155238195596
2020-08-21	reported	end	49.87734225151232
2020-08-21	symptoms	new	3.1995429325671196
2020-08-21	symptoms	active	452.94007966110956
2020-08-21	presymp	new	1.8453688016211558
2020-08-21	presymp	active	155.40881255144905
2020-08-21	positive	new	10.287077950664155
2020-08-21	positive	active	777.3326577516824
2020-08-21	infectious	new	3.2118112209365535
2020-08-21	infectious	active	466.97217259581873
2020-08-21	possymp	new	5.24216621647588
2020-08-21	possymp	active	168.98376553912377
2020-08-22	infections	start	49.334309415715055
2020-08-22	positive	start	48.69766829183161
2020-08-22	infectious	start	48.12127096885738
2020-08-22	symptoms	start	46.49988814331132
2020-08-22	infectious	end	44.997424289503634
2020-08-22	symptoms	end	43.73023057571936
2020-08-22	positive	end	39.6901903887652
2020-08-22	reported	end	29.734569419170807
2020-08-22	symptoms	new	2.769657567591956
2020-08-22	symptoms	active	455.70973722870156
2020-08-22	presymp	new	2.1977801485202946
2020-08-22	presymp	active	157.60659269996933
2020-08-22	positive	new	9.007477903066409
2020-08-22	positive	active	786.3401356547488
2020-08-22	infectious	new	3.123846679353747
2020-08-22	infectious	active	470.09601927517247
2020-08-22	possymp	new	4.040040186954158
2020-08-22	possymp	active	173.02380572607794
2020-08-23	infections	start	49.856713518620616
2020-08-23	positive	start	48.99170363370823
2020-08-23	infectious	start	48.66010848538853
2020-08-23	symptoms	start	47.01395789573362
2020-08-23	infectious	end	45.654682937323685
2020-08-23	symptoms	end	44.397019615008134
2020-08-23	positive	end	41.27347787624043
2020-08-23	reported	end	22.540721979048836
2020-08-23	symptoms	new	2.616938280725485
2020-08-23	symptoms	active	458.32667550942705
2020-08-23	presymp	new	1.9777457379746082
2020-08-23	presymp	active	159.58433843794396
2020-08-23	positive	new	7.718225757467799
2020-08-23	positive	active	794.0583614122166
2020-08-23	infectious	new	3.005425548064842
2020-08-23	infectious	active	473.10144482323733
2020-08-23	possymp	new	3.123541738767706
2020-08-23	possymp	active	176.14734746484564
2020-08-24	infections	start	50.69624304290425
2020-08-24	positive	start	49.30155607419212
2020-08-24	infectious	start	48.9544381773569
2020-08-24	symptoms	start	47.74901668269089
2020-08-24	infectious	end	45.94463213448689
2020-08-24	symptoms	end	45.11455333353693
2020-08-24	positive	end	42.52778784332596
2020-08-24	reported	end	50.836521910195245
2020-08-24	symptoms	new	2.634463349153961
2020-08-24	symptoms	active	460.96113885858097
2020-08-24	presymp	new	1.5525393915012273
2020-08-24	presymp	active	161.13687782944518
2020-08-24	positive	new	6.77376823086616
2020-08-24	positive	active	800.8321296430828
2020-08-24	infectious	new	3.009806042870011
2020-08-24	infectious	active	476.1112508661073
2020-08-24	possymp	new	2.586765490210972
2020-08-24	possymp	active	178.73411295505662
2020-08-25	infections	start	51.65522751609774
2020-08-25	positive	start	49.82727333131157
2020-08-25	infectious	start	49.26937651089904
2020-08-25	symptoms	start	48.3599715878193
2020-08-25	infectious	end	45.78004038159163
2020-08-25	symptoms	end	45.672795723642196
2020-08-25	positive	end	43.371884932859686
2020-08-25	reported	end	55.6324202036099
2020-08-25	symptoms	new	2.6871758641771066
2020-08-25	symptoms	active	463.6483147227581
2020-08-25	presymp	new	1.4673017434922642
2020-08-25	presymp	active	162.60417957293743
2020-08-25	positive	new	6.4553883984518805
2020-08-25	positive	active	807.2875180415347
2020-08-25	infectious	new	3.4893361293074108
2020-08-25	infectious	active	479.60058699541474
2020-08-25	possymp	new	2.3009107907825097
2020-08-25	possymp	active	181.0350237458391
2020-08-26	infections	start	52.37579848480346
2020-08-26	positive	start	50.66610962582471
2020-08-26	infectious	start	49.79672744093561
2020-08-26	symptoms	start	48.72807583746091
2020-08-26	infectious	end	45.3251167261263
2020-08-26	symptoms	end	45.839671881514484
2020-08-26	positive	end	43.92560403699061
2020-08-26	reported	end	46.520213446122064
2020-08-26	symptoms	new	2.88840395594643
2020-08-26	symptoms	active	466.5367186787045
2020-08-26	presymp	new	1.9380337883637964
2020-08-26	presymp	active	164.54221336130124
2020-08-26	positive	new	6.740505588834097
2020-08-26	positive	active	814.0280236303687
2020-08-26	infectious	new	4.471610714809309
2020-08-26	infectious	active	484.07219771022403
2020-08-26	possymp	new	1.9140678445238706
2020-08-26	possymp	active	182.949091590363
2020-08-27	infections	start	52.73094639364095
2020-08-27	positive	start	51.620801643978545
2020-08-27	infectious	start	50.63013189694458
2020-08-27	symptoms	start	49.07636435643643
2020-08-27	infectious	end	45.161571711337594
2020-08-27	symptoms	end	45.67907105462536
2020-08-27	positive	end	44.409760367868564
2020-08-27	reported	end	54.1936507155855
2020-08-27	symptoms	new	3.397293301811068
2020-08-27	symptoms	active	469.9340119805156
2020-08-27	presymp	new	2.5444372875421166
2020-08-27	presymp	active	167.08665064884335
2020-08-27	positive	new	7.211041276109981
2020-08-27	positive	active	821.2390649064787
2020-08-27	infectious	new	5.468560185606989
2020-08-27	infectious	active	489.540757895831
2020-08-27	possymp	new	1.2693106867567963
2020-08-27	possymp	active	184.2184022771198
2020-08-28	infections	start	52.5933071896615
2020-08-28	positive	start	52.33908400009187
2020-08-28	infectious	start	51.576504931622935
2020-08-28	symptoms	start	49.590132953047636
2020-08-28	infectious	end	45.56022943871596
2020-08-28	symptoms	end	45.297769849808674
2020-08-28	positive	end	44.889836364463605
2020-08-28	reported	end	61.86708798504893
2020-08-28	symptoms	new	4.292363103238962
2020-08-28	symptoms	active	474.22637508375453
2020-08-28	presymp	new	2.748951047044237
2020-08-28	presymp	active	169.8356016958876
2020-08-28	positive	new	7.449247635628268
2020-08-28	positive	active	828.688312542107
2020-08-28	infectious	new	6.016275492906978
2020-08-28	infectious	active	495.55703338873803
2020-08-28	possymp	new	0.4079334853450689
2020-08-28	possymp	active	184.62633576246486
2020-08-29	infections	start	52.134371844503974
2020-08-29	positive	start	52.69998888222753
2020-08-29	infectious	start	52.2914141621884
2020-08-29	symptoms	start	50.386873548325795
2020-08-29	infectious	end	46.36134348815237
2020-08-29	symptoms	end	45.147278208276
2020-08-29	positive	end	45.43515540833604
2020-08-29	reported	end	30.693749077853735
2020-08-29	symptoms	new	5.239595340049796
2020-08-29	symptoms	active	479.4659704238043
2020-08-29	presymp	new	2.3131153339017345
2020-08-29	presymp	active	172.1487170297893
2020-08-29	positive	new	7.264833473891493
2020-08-29	positive	active	835.9531460159985
2020-08-29	infectious	new	5.930070674036031
2020-08-29	infectious	active	501.48710406277405
2020-08-29	possymp	new	-0.2878772000600378
2020-08-29	possymp	active	184.3384585624048
2020-08-30	infections	start	51.63775441782258
2020-08-30	positive	start	52.577338357894654
2020-08-30	infectious	start	52.66029529235719
2020-08-30	symptoms	start	51.314832113471944
2020-08-30	infectious	end	47.25206089413262
2020-08-30	symptoms	end	45.5225149645065
2020-08-30	positive	end	45.91250530356554
2020-08-30	reported	end	21.10195249102444
2020-08-30	symptoms	new	5.792317148965445
2020-08-30	symptoms	active	485.2582875727698
2020-08-30	presymp	new	1.2625062444227098
2020-08-30	presymp	active	173.41122327421203
2020-08-30	positive	new	6.664833054329115
2020-08-30	positive	active	842.6179790703276
2020-08-30	infectious	new	5.408234398224572
2020-08-30	infectious	active	506.89533846099863
2020-08-30	possymp	new	-0.38999033905903957
2020-08-30	possymp	active	183.94846822334577
2020-08-31	infections	start	51.145510370577874
2020-08-31	positive	start	52.13683881861928
2020-08-31	infectious	start	52.55495675050602
2020-08-31	symptoms	start	52.053755224571866
2020-08-31	infectious	end	47.78988512998666
2020-08-31	symptoms	end	46.19822259830275
2020-08-31	positive	end	46.139333260292965
2020-08-31	reported	end	53.23447105690257
2020-08-31	symptoms	new	5.855532626269117
2020-08-31	symptoms	active	491.1138201990389
2020-08-31	presymp	new	0.08308359404741594
2020-08-31	presymp	active	173.49430686825946
2020-08-31	positive	new	5.997505558326317
2020-08-31	positive	active	848.6154846286539
2020-08-31	infectious	new	4.765071620519365
2020-08-31	infectious	active	511.66041008151797
2020-08-31	possymp	new	0.05888933800978435
2020-08-31	possymp	active	184.00735756135558
2020-09-01	infections	start	50.7054751493703
2020-09-01	positive	start	51.654597668534656
2020-09-01	infectious	start	52.132384548780415
2020-09-01	symptoms	start	52.47104351566582
2020-09-01	infectious	end	47.986958918042454
2020-09-01	symptoms	end	46.96821948876433
2020-09-01	positive	end	46.11834932499821
2020-09-01	reported	end	47.479393104805
2020-09-01	symptoms	new	5.502824026901486
2020-09-01	symptoms	active	496.6166442259404
2020-09-01	presymp	new	-0.8164458471311633
2020-09-01	presymp	active	172.67786102112828
2020-09-01	positive	new	5.5362483435364425
2020-09-01	positive	active	854.1517329721903
2020-09-01	infectious	new	4.145425630737961
2020-09-01	infectious	active	515.8058357122559
2020-09-01	possymp	new	0.8498701637661199
2020-09-01	possymp	active	184.85722772512167
2020-09-02	infections	start	50.21540020202445
2020-09-02	positive	start	51.16922372274355
2020-09-02	infectious	start	51.66146109612914
2020-09-02	symptoms	start	52.402136011163215
2020-09-02	infectious	end	48.23613882868466
2020-09-02	symptoms	end	47.494785025243644
2020-09-02	positive	end	45.84268764504071
2020-09-02	reported	end	63.785447302414795
2020-09-02	symptoms	new	4.907350985919571
2020-09-02	symptoms	active	501.52399521186
2020-09-02	presymp	new	-1.2329122884196622
2020-09-02	presymp	active	171.4449487327086
2020-09-02	positive	new	5.3265360777028405
2020-09-02	positive	active	859.4782690498932
2020-09-02	infectious	new	3.4253222674444785
2020-09-02	infectious	active	519.2311579797005
2020-09-02	possymp	new	1.6520973802029317
2020-09-02	possymp	active	186.50932510532462
2020-09-03	infections	start	49.52148637199769
2020-09-03	positive	start	50.73123779706722
2020-09-03	infectious	start	51.179575294615276
2020-09-03	symptoms	start	51.979473591984174
2020-09-03	infectious	end	48.89289168260184
2020-09-03	symptoms	end	47.77093045019954
2020-09-03	positive	end	45.706907512239276
2020-09-03	reported	end	63.785447302414795
2020-09-03	symptoms	new	4.208543141784631
2020-09-03	symptoms	active	505.7325383536446
2020-09-03	presymp	new	-1.2482357949169511
2020-09-03	presymp	active	170.19671293779166
2020-09-03	positive	new	5.024330284827947
2020-09-03	positive	active	864.5025993347211
2020-09-03	infectious	new	2.2866836120134337
2020-09-03	infectious	active	521.5178415917138
2020-09-03	possymp	new	2.0640229379602673
2020-09-03	possymp	active	188.57334804328488
2020-09-04	infections	start	48.59610437874707
2020-09-04	positive	start	50.24518782949258
2020-09-04	infectious	start	50.742647743662495
2020-09-04	symptoms	start	51.47966269822116
2020-09-04	infectious	end	50.06713136904773
2020-09-04	symptoms	end	48.146357852380355
2020-09-04	positive	end	46.021655040772664
2020-09-04	reported	end	64.74462696109772
2020-09-04	symptoms	new	3.333304845840807
2020-09-04	symptoms	active	509.0658431994854
2020-09-04	presymp	new	-1.234474868728583
2020-09-04	presymp	active	168.9622380690631
2020-09-04	positive	new	4.223532788719915
2020-09-04	positive	active	868.7261321234411
2020-09-04	infectious	new	0.6755163746147659
2020-09-04	infectious	active	522.1933579663286
2020-09-04	possymp	new	2.1247028116076905
2020-09-04	possymp	active	190.69805085489259
2020-09-05	infections	start	47.40702427990017
2020-09-05	positive	start	49.563589246225426
2020-09-05	infectious	start	50.262752789771106
2020-09-05	symptoms	start	50.97254439892862
2020-09-05	infectious	end	51.44216201368446
2020-09-05	symptoms	end	48.895910237653375
2020-09-05	positive	end	46.64917994814979
2020-09-05	reported	end	37.40800668863424
2020-09-05	symptoms	new	2.076634161275244
2020-09-05	symptoms	active	511.14247736076067
2020-09-05	presymp	new	-1.408955152703193
2020-09-05	presymp	active	167.5532829163599
2020-09-05	positive	new	2.9144092980756326
2020-09-05	positive	active	871.6405414215167
2020-09-05	infectious	new	-1.1794092239133533
2020-09-05	infectious	active	521.0139487424152
2020-09-05	possymp	new	2.2467302895035814
2020-09-05	possymp	active	192.94478114439616
2020-09-06	infections	start	46.00307622626968
2020-09-06	positive	start	48.66133150930128
2020-09-06	infectious	start	49.597238523243675
2020-09-06	symptoms	start	50.54388938207399
2020-09-06	infectious	end	52.43943723837524
2020-09-06	symptoms	end	50.05746884400259
2020-09-06	positive	end	47.4618419854841
2020-09-06	reported	end	19.183593173658583
2020-09-06	symptoms	new	0.48642053807139973
2020-09-06	symptoms	active	511.62889789883207
2020-09-06	presymp	new	-1.8825578727727148
2020-09-06	presymp	active	165.67072504358717
2020-09-06	positive	new	1.1994895238171779
2020-09-06	positive	active	872.8400309453339
2020-09-06	infectious	new	-2.842198715131566
2020-09-06	infectious	active	518.1717500272837
2020-09-06	possymp	new	2.595626858518493
2020-09-06	possymp	active	195.54040800291466
2020-09-07	infections	start	44.482593941613835
2020-09-07	positive	start	47.50367340823507
2020-09-07	infectious	start	48.721443403837455
2020-09-07	symptoms	start	50.12252901724283
2020-09-07	infectious	end	52.761398309668365
2020-09-07	symptoms	end	51.37284787002663
2020-09-07	positive	end	48.11031602647762
2020-09-07	reported	end	59.469138838341614
2020-09-07	symptoms	new	-1.2503188527837992
2020-09-07	symptoms	active	510.37857904604823
2020-09-07	presymp	new	-2.6188556090077597
2020-09-07	presymp	active	163.05186943457943
2020-09-07	positive	new	-0.606642618242546
2020-09-07	positive	active	872.2333883270913
2020-09-07	infectious	new	-4.0399549058309105
2020-09-07	infectious	active	514.1317951214528
2020-09-07	possymp	new	3.262531843549013
2020-09-07	possymp	active	198.80293984646366
2020-09-08	infections	start	42.88773963197358
2020-09-08	positive	start	46.133713762246906
2020-09-08	infectious	start	47.595657083109145
2020-09-08	symptoms	start	49.55731784806968
2020-09-08	infectious	end	52.55198441896456
2020-09-08	symptoms	end	52.3547414853188
2020-09-08	positive	end	48.49844053844621
2020-09-08	reported	end	57.55077952097575
2020-09-08	symptoms	new	-2.7974236372491177
2020-09-08	symptoms	active	507.58115540879913
2020-09-08	presymp	new	-3.423604085822774
2020-09-08	presymp	active	159.62826534875666
2020-09-08	positive	new	-2.364726776199305
2020-09-08	positive	active	869.86866155089206
2020-09-08	infectious	new	-4.956327335855413
2020-09-08	infectious	active	509.1754677855974
2020-09-08	possymp	new	3.8563009468725866
2020-09-08	possymp	active	202.65924079333624
2020-09-09	infections	start	41.26593870846762
2020-09-09	positive	start	44.6447236327707
2020-09-09	infectious	start	46.25688918340499
2020-09-09	symptoms	start	48.7965008221655
2020-09-09	infectious	end	52.14276100630834
2020-09-09	symptoms	end	52.723488934894156
2020-09-09	positive	end	48.87342200451988
2020-09-09	reported	end	69.0609354251709
2020-09-09	symptoms	new	-3.926988112728658
2020-09-09	symptoms	active	503.65416729607045
2020-09-09	presymp	new	-4.1517771893947994
2020-09-09	presymp	active	155.47648815936185
2020-09-09	positive	new	-4.228698371749182
2020-09-09	positive	active	865.6399631791428
2020-09-09	infectious	new	-5.885871822903354
2020-09-09	infectious	active	503.289595962694
2020-09-09	possymp	new	3.8500669303742754
2020-09-09	possymp	active	206.50930772371052
2020-09-10	infections	start	39.651589485925264
2020-09-10	positive	start	43.07592435772893
2020-09-10	infectious	start	44.79477552643241
2020-09-10	symptoms	start	47.77874240762608
2020-09-10	infectious	end	51.774896418877965
2020-09-10	symptoms	end	52.59870860790878
2020-09-10	positive	end	49.47231106920367
2020-09-10	reported	end	68.10175576648797
2020-09-10	symptoms	new	-4.8199662002827
2020-09-10	symptoms	active	498.83420109578776
2020-09-10	presymp	new	-4.702818049897154
2020-09-10	presymp	active	150.7736701094647
2020-09-10	positive	new	-6.39638671147474
2020-09-10	positive	active	859.243576467668
2020-09-10	infectious	new	-6.980120892445555
2020-09-10	infectious	active	496.3094750702485
2020-09-10	possymp	new	3.1263975387051133
2020-09-10	possymp	active	209.63570526241563
2020-09-11	infections	start	38.0510166997437
2020-09-11	positive	start	41.47388341272284
2020-09-11	infectious	start	43.24691975961747
2020-09-11	symptoms	start	46.53040105201816
2020-09-11	infectious	end	51.53800487997871
2020-09-11	symptoms	end	52.274494166628905
2020-09-11	positive	end	50.394408964440906
2020-09-11	reported	end	58.50995917965868
2020-09-11	symptoms	new	-5.744093114610742
2020-09-11	symptoms	active	493.090107981177
2020-09-11	presymp	new	-5.056517639295322
2020-09-11	presymp	active	145.71715247016937
2020-09-11	positive	new	-8.920525551718065
2020-09-11	positive	active	850.32305091595
2020-09-11	infectious	new	-8.291085120361238
2020-09-11	infectious	active	488.01838994988725
2020-09-11	possymp	new	1.880085202187999
2020-09-11	possymp	active	211.51579046460364
2020-09-12	infections	start	36.47505696158477
2020-09-12	positive	start	39.87318040368657
2020-09-12	infectious	start	41.660485880184254
2020-09-12	symptoms	start	45.144119701417914
2020-09-12	infectious	end	51.44251435526716
2020-09-12	symptoms	end	52.02012198858582
2020-09-12	positive	end	51.48331218898538
2020-09-12	reported	end	29.25497958982934
2020-09-12	symptoms	new	-6.876002287167907
2020-09-12	symptoms	active	486.2141056940091
2020-09-12	presymp	new	-5.270939297731346
2020-09-12	presymp	active	140.44621317243804
2020-09-12	positive	new	-11.610131785298812
2020-09-12	positive	active	838.7129191306512
2020-09-12	infectious	new	-9.782028475082903
2020-09-12	infectious	active	478.2363614748043
2020-09-12	possymp	new	0.5368097996004408
2020-09-12	possymp	active	212.05260026420407
2020-09-13	infections	start	34.935711892714906
2020-09-13	positive	start	38.2796594420668
2020-09-13	infectious	start	40.070805455684315
2020-09-13	symptoms	start	43.66834643893042
2020-09-13	infectious	end	51.29618513896323
2020-09-13	symptoms	end	51.88170823899905
2020-09-13	positive	end	52.31559788680093
2020-09-13	reported	end	21.10195249102444
2020-09-13	symptoms	new	-8.213361800068633
2020-09-13	symptoms	active	478.00074389394047
2020-09-13	presymp	new	-5.388686996863619
2020-09-13	presymp	active	135.0575261755744
2020-09-13	positive	new	-14.035938444734128
2020-09-13	positive	active	824.6769806859171
2020-09-13	infectious	new	-11.225379683278916
2020-09-13	infectious	active	467.0109817915254
2020-09-13	possymp	new	-0.4338896478018768
2020-09-13	possymp	active	211.6187106164022
2020-09-14	infections	start	34.1234764147243
2020-09-14	positive	start	36.70271343235546
2020-09-14	infectious	start	38.48308548518739
2020-09-14	symptoms	start	42.15750460920928
2020-09-14	infectious	end	50.9095837492595
2020-09-14	symptoms	end	51.867608693800406
2020-09-14	positive	end	52.608473119917704
2020-09-14	reported	end	51.316111739536716
2020-09-14	symptoms	new	-9.710104084591123
2020-09-14	symptoms	active	468.2906398093494
2020-09-14	presymp	new	-5.454791176853824
2020-09-14	presymp	active	129.6027349987206
2020-09-14	positive	new	-15.905759687562245
2020-09-14	positive	active	808.7712209983548
2020-09-14	infectious	new	-12.426498264072109
2020-09-14	infectious	active	454.5844835274533
2020-09-14	possymp	new	-0.7408644261172981
2020-09-14	possymp	active	210.8778461902849
2020-09-15	infections	start	34.52006839066573
2020-09-15	positive	start	35.152474494347096
2020-09-15	infectious	start	36.90512757863991
2020-09-15	symptoms	start	40.64836651402936
2020-09-15	infectious	end	50.20257859206407
2020-09-15	symptoms	end	51.82074146616812
2020-09-15	positive	end	52.43424633921089
2020-09-15	reported	end	51.316111739536716
2020-09-15	symptoms	new	-11.17237495213876
2020-09-15	symptoms	active	457.1182648572106
2020-09-15	presymp	new	-5.495892019682266
2020-09-15	presymp	active	124.10684297903832
2020-09-15	positive	new	-17.28177184486379
2020-09-15	positive	active	791.489449153491
2020-09-15	infectious	new	-13.297451013424158
2020-09-15	infectious	active	441.28703251402914
2020-09-15	possymp	new	-0.6135048730427641
2020-09-15	possymp	active	210.26434131724213
2020-09-16	infections	start	35.8421526405817
2020-09-16	positive	start	34.32219957045914
2020-09-16	infectious	start	35.34479476407691
2020-09-16	symptoms	start	39.14016831034087
2020-09-16	infectious	end	49.13136583144856
2020-09-16	symptoms	end	51.52695642243732
2020-09-16	positive	end	52.03537167428764
2020-09-16	reported	end	55.6324202036099
2020-09-16	symptoms	new	-12.386788112096454
2020-09-16	symptoms	active	444.73147674511415
2020-09-16	presymp	new	-4.817968739881728
2020-09-16	presymp	active	119.28887423915658
2020-09-16	positive	new	-17.713172103828498
2020-09-16	positive	active	773.7762770496626
2020-09-16	infectious	new	-13.786571067371653
2020-09-16	infectious	active	427.5004614466575
2020-09-16	possymp	new	-0.508415251850316
2020-09-16	possymp	active	209.75592606539183
2020-09-17	infections	start	37.8278816194674
2020-09-17	positive	start	34.69545451266345
2020-09-17	infectious	start	34.4975370085998
2020-09-17	symptoms	start	37.62980073211147
2020-09-17	infectious	end	47.77024087962772
2020-09-17	symptoms	end	50.92157240367943
2020-09-17	positive	end	51.63789083081345
2020-09-17	reported	end	62.3466778143904
2020-09-17	symptoms	new	-13.291771671567957
2020-09-17	symptoms	active	431.4397050735462
2020-09-17	presymp	new	-2.9343462194480168
2020-09-17	presymp	active	116.35452801970857
2020-09-17	positive	new	-16.942436318149994
2020-09-17	positive	active	756.8338407315125
2020-09-17	infectious	new	-13.272703871027922
2020-09-17	infectious	active	414.22775757562954
2020-09-17	possymp	new	-0.7163184271340199
2020-09-17	possymp	active	209.0396076382578
2020-09-18	infections	start	40.6706726573998
2020-09-18	positive	start	35.98727906500194
2020-09-18	infectious	start	34.848926821541305
2020-09-18	symptoms	start	36.11649327781517
2020-09-18	infectious	end	46.209669591072064
2020-09-18	symptoms	end	49.95830944953773
2020-09-18	positive	end	51.28258865016302
2020-09-18	reported	end	51.79570156887818
2020-09-18	symptoms	new	-13.841816171722563
2020-09-18	symptoms	active	417.59788890182364
2020-09-18	presymp	new	-0.1292142128132241
2020-09-18	presymp	active	116.22531380689534
2020-09-18	positive	new	-15.295309585161078
2020-09-18	positive	active	741.5385311463515
2020-09-18	infectious	new	-11.36074276953076
2020-09-18	infectious	active	402.8670148060988
2020-09-18	possymp	new	-1.3242792006252913
2020-09-18	possymp	active	207.7153284376325
2020-09-19	infections	start	44.88622371453863
2020-09-19	positive	start	37.93726303635448
2020-09-19	infectious	start	36.11338517288196
2020-09-19	symptoms	start	35.30976220045438
2020-09-19	infectious	end	44.47907307047226
2020-09-19	symptoms	end	48.67882549724773
2020-09-19	positive	end	51.003917315481495
2020-09-19	reported	end	38.367186347317165
2020-09-19	symptoms	new	-13.36906329679335
2020-09-19	symptoms	active	404.2288256050303
2020-09-19	presymp	new	2.6275008359001006
2020-09-19	presymp	active	118.85281464279545
2020-09-19	positive	new	-13.066654279127015
2020-09-19	positive	active	728.4718768672245
2020-09-19	infectious	new	-8.365687897590298
2020-09-19	infectious	active	394.50132690850853
2020-09-19	possymp	new	-2.3250918182337657
2020-09-19	possymp	active	205.39023661939873
2020-09-20	infections	start	50.7172332723424
2020-09-20	positive	start	40.74463987832543
2020-09-20	infectious	start	38.033142222878425
2020-09-20	symptoms	start	35.71825912414757
2020-09-20	infectious	end	42.595769756573674
2020-09-20	symptoms	end	47.17020165044927
2020-09-20	positive	end	50.67747570460262
2020-09-20	reported	end	23.499901637731764
2020-09-20	symptoms	new	-11.4519425263017
2020-09-20	symptoms	active	392.7768830787286
2020-09-20	presymp	new	5.026380754177858
2020-09-20	presymp	active	123.8791953969733
2020-09-20	positive	new	-9.932835826277191
2020-09-20	positive	active	718.5390410409473
2020-09-20	infectious	new	-4.562627533695249
2020-09-20	infectious	active	389.93869937481327
2020-09-20	possymp	new	-3.507274054153349
2020-09-20	possymp	active	201.8829625652454
2020-09-21	infections	start	58.41582026931063
2020-09-21	positive	start	44.931168982866396
2020-09-21	infectious	start	40.81381388686179
2020-09-21	symptoms	start	37.07269616502791
2020-09-21	infectious	end	40.53091641510418
2020-09-21	symptoms	end	45.440817398528246
2020-09-21	positive	end	50.124263048038635
2020-09-21	reported	end	45.561033787439136
2020-09-21	symptoms	new	-8.36812123350034
2020-09-21	symptoms	active	384.40876184522824
2020-09-21	presymp	new	7.858472817838489
2020-09-21	presymp	active	131.7376682148118
2020-09-21	positive	new	-5.1930940651722395
2020-09-21	positive	active	713.3459469757751
2020-09-21	infectious	new	0.2828974717576074
2020-09-21	infectious	active	390.2215968465709
2020-09-21	possymp	new	-4.683445649510389
2020-09-21	possymp	active	197.19951691573502
2020-09-22	infections	start	67.68095860851011
2020-09-22	positive	start	50.74130358978919
2020-09-22	infectious	start	44.98219155616694
2020-09-22	symptoms	start	39.13442143471896
2020-09-22	infectious	end	38.21248409128541
2020-09-22	symptoms	end	43.47775681294351
2020-09-22	positive	end	49.29652564170825
2020-09-22	reported	end	45.08144395809767
2020-09-22	symptoms	new	-4.343335378224552
2020-09-22	symptoms	active	380.0654264670037
2020-09-22	presymp	new	11.606882155070231
2020-09-22	presymp	active	143.34455036988203
2020-09-22	positive	new	1.4447779480809402
2020-09-22	positive	active	714.790724923856
2020-09-22	infectious	new	6.769707464881527
2020-09-22	infectious	active	396.9913043114524
2020-09-22	possymp	new	-5.818768828764739
2020-09-22	possymp	active	191.38074808697027
2020-09-23	infections	start	78.0397912692531
2020-09-23	positive	start	58.42308059265923
2020-09-23	infectious	start	50.78025224022279
2020-09-23	symptoms	start	42.12034377197275
2020-09-23	infectious	end	35.554910608736044
2020-09-23	symptoms	end	41.234921585018135
2020-09-23	positive	end	48.14863022132069
2020-09-23	reported	end	40.28554566468303
2020-09-23	symptoms	new	0.8854221869546137
2020-09-23	symptoms	active	380.9508486539583
2020-09-23	presymp	new	16.302736820686484
2020-09-23	presymp	active	159.6472871905685
2020-09-23	positive	new	10.274450371338546
2020-09-23	positive	active	725.0651752951945
2020-09-23	infectious	new	15.225341631486742
2020-09-23	infectious	active	412.2166459429391
2020-09-23	possymp	new	-6.913708636302552
2020-09-23	possymp	active	184.46703945066773
2020-09-24	infections	start	89.47736762387194
2020-09-24	positive	start	67.67106323571333
2020-09-24	infectious	start	58.446063204443576
2020-09-24	symptoms	start	46.52631804382436
2020-09-24	infectious	end	32.918572005908196
2020-09-24	symptoms	end	38.708768386668545
2020-09-24	positive	end	46.72117287251018
2020-09-24	reported	end	34.53046771258545
2020-09-24	symptoms	new	7.817549657155816
2020-09-24	symptoms	active	388.76839831111414
2020-09-24	presymp	new	21.144745191888973
2020-09-24	presymp	active	180.79203238245748
2020-09-24	positive	new	20.949890363203153
2020-09-24	positive	active	746.0150656583977
2020-09-24	infectious	new	25.52749119853538
2020-09-24	infectious	active	437.74413714147454
2020-09-24	possymp	new	-8.012404485841635
2020-09-24	possymp	active	176.45463496482608
2020-09-25	infections	start	101.95758154091772
2020-09-25	positive	start	78.018393373353
2020-09-25	infectious	start	67.67239338013604
2020-09-25	symptoms	start	52.544219314541785
2020-09-25	infectious	end	31.233102428072023
2020-09-25	symptoms	end	36.08464183642834
2020-09-25	positive	end	45.10471226029088
2020-09-25	reported	end	38.367186347317165
2020-09-25	symptoms	new	16.459577478113445
2020-09-25	symptoms	active	405.22797578922757
2020-09-25	presymp	new	25.474174058811222
2020-09-25	presymp	active	206.2662064412687
2020-09-25	positive	new	32.913681113062125
2020-09-25	positive	active	778.9287467714598
2020-09-25	infectious	new	36.43929095206402
2020-09-25	infectious	active	474.1834280935385
2020-09-25	possymp	new	-9.020070423862542
2020-09-25	possymp	active	167.43456454096355
2020-09-26	infections	start	115.88531313580852
2020-09-26	positive	start	89.4615890214857
2020-09-26	infectious	start	78.00594625449875
2020-09-26	symptoms	start	60.42400968336302
2020-09-26	infectious	end	30.76196681859552
2020-09-26	symptoms	end	33.563890319439615
2020-09-26	positive	end	43.33572740518223
2020-09-26	reported	end	16.306054197609797
2020-09-26	symptoms	new	26.860119363923403
2020-09-26	symptoms	active	432.08809515315096
2020-09-26	presymp	new	29.037579338122676
2020-09-26	presymp	active	235.30378577939138
2020-09-26	positive	new	46.12586161630346
2020-09-26	positive	active	825.0546083877632
2020-09-26	infectious	new	47.24397943590323
2020-09-26	infectious	active	521.4274075294418
2020-09-26	possymp	new	-9.771837085742618
2020-09-26	possymp	active	157.66272745522093
2020-09-27	infections	start	131.5834569281889
2020-09-27	positive	start	101.96521237508912
2020-09-27	infectious	start	89.45337968363555
2020-09-27	symptoms	start	69.89342340613571
2020-09-27	infectious	end	31.03162304072859
2020-09-27	symptoms	end	31.828502361807317
2020-09-27	positive	end	41.469232390451644
2020-09-27	reported	end	13.428515221561009
2020-09-27	symptoms	new	38.06492104432839
2020-09-27	symptoms	active	470.15301619747936
2020-09-27	presymp	new	32.07178896895341
2020-09-27	presymp	active	267.3755747483448
2020-09-27	positive	new	60.49597998463748
2020-09-27	positive	active	885.5505883724007
2020-09-27	infectious	new	58.421756642906956
2020-09-27	infectious	active	579.8491641723488
2020-09-27	possymp	new	-9.640730028644327
2020-09-27	possymp	active	148.0219974265766
2020-09-28	infections	start	148.8712787358822
2020-09-28	positive	start	115.91960295817924
2020-09-28	infectious	start	101.97088719057544
2020-09-28	symptoms	start	80.48841544993438
2020-09-28	infectious	end	31.803965206443053
2020-09-28	symptoms	end	31.22460154810015
2020-09-28	positive	end	39.56294317375846
2020-09-28	reported	end	34.53046771258545
2020-09-28	symptoms	new	49.263813901834226
2020-09-28	symptoms	active	519.4168300993136
2020-09-28	presymp	new	35.43118750824486
2020-09-28	presymp	active	302.80676225658965
2020-09-28	positive	new	76.35665978442077
2020-09-28	positive	active	961.9072481568215
2020-09-28	infectious	new	70.16692198413239
2020-09-28	infectious	active	650.0160861564812
2020-09-28	possymp	new	-8.338341625658312
2020-09-28	possymp	active	139.68365580091827
2020-09-29	infections	start	167.57890297291289
2020-09-29	positive	start	131.62975959258264
2020-09-29	infectious	start	115.92888366238896
2020-09-29	symptoms	start	92.14650718643799
2020-09-29	infectious	end	33.40350069377983
2020-09-29	symptoms	end	31.42822312443838
2020-09-29	positive	end	37.65322918157575
2020-09-29	reported	end	46.0406236167806
2020-09-29	symptoms	new	60.71828406199961
2020-09-29	symptoms	active	580.1351141613133
2020-09-29	presymp	new	39.48325240614466
2020-09-29	presymp	active	342.29001466273434
2020-09-29	positive	new	93.97653041100689
2020-09-29	positive	active	1055.8837785678284
2020-09-29	infectious	new	82.52538296860912
2020-09-29	infectious	active	732.5414691250902
2020-09-29	possymp	new	-6.225006057137374
2020-09-29	possymp	active	133.4586497437809
2020-09-30	infections	start	186.79851409397006
2020-09-30	positive	start	148.90612143578022
2020-09-30	infectious	start	131.61793259173658
2020-09-30	symptoms	start	104.73765212202349
2020-09-30	infectious	end	36.31436128014861
2020-09-30	symptoms	end	32.23760449950666
2020-09-30	positive	end	35.77730003643906
2020-09-30	reported	end	56.591599862292824
2020-09-30	symptoms	new	72.50004762251683
2020-09-30	symptoms	active	652.6351617838301
2020-09-30	presymp	new	44.16846931375673
2020-09-30	presymp	active	386.45848397649104
2020-09-30	positive	new	113.12882139934116
2020-09-30	positive	active	1169.0125999671695
2020-09-30	infectious	new	95.30357131158797
2020-09-30	infectious	active	827.8450404366782
2020-09-30	possymp	new	-3.539695536932399
2020-09-30	possymp	active	129.9189542068485
2020-10-01	infections	start	206.12253837494526
2020-10-01	positive	start	167.58461531559317
2020-10-01	infectious	start	148.84772535450747
2020-10-01	symptoms	start	118.59336648868144
2020-10-01	infectious	end	40.822591476067046
2020-10-01	symptoms	end	33.8758793092042
2020-10-01	positive	end	33.96629704648714
2020-10-01	reported	end	73.85683371858555
2020-10-01	symptoms	new	84.71748717947725
2020-10-01	symptoms	active	737.3526489633073
2020-10-01	presymp	new	48.99124882691173
2020-10-01	presymp	active	435.44973280340275
2020-10-01	positive	new	133.61831826910603
2020-10-01	positive	active	1302.6309182362756
2020-10-01	infectious	new	108.02513387844043
2020-10-01	infectious	active	935.8701743151187
2020-10-01	possymp	new	-0.09041773728294089
2020-10-01	possymp	active	129.82853646956556
2020-10-02	infections	start	226.16816851990518
2020-10-02	positive	start	186.77069576623725
2020-10-02	infectious	start	167.47158152607187
2020-10-02	symptoms	start	134.04752111341475
2020-10-02	infectious	end	47.031036154135286
2020-10-02	symptoms	end	36.80717424233318
2020-10-02	positive	end	32.900139610638554
2020-10-02	reported	end	79.61191167068313
2020-10-02	symptoms	new	97.24034687108156
2020-10-02	symptoms	active	834.5929958343888
2020-10-02	presymp	new	52.72317465282251
2020-10-02	presymp	active	488.1729074562253
2020-10-02	positive	new	153.8705561555987
2020-10-02	positive	active	1456.5014743918744
2020-10-02	infectious	new	120.4405453719366
2020-10-02	infectious	active	1056.3107196870553
2020-10-02	possymp	new	3.9070346316946285
2020-10-02	possymp	active	133.7355711012602
2020-10-03	infections	start	247.57585910187143
2020-10-03	positive	start	206.05910492840334
2020-10-03	infectious	start	186.61135000883803
2020-10-03	symptoms	start	151.00456151168189
2020-10-03	infectious	end	54.48794181957319
2020-10-03	symptoms	end	41.18919422876809
2020-10-03	positive	end	33.035789153951356
2020-10-03	reported	end	51.79570156887818
2020-10-03	symptoms	new	109.8153672829138
2020-10-03	symptoms	active	944.4083631173027
2020-10-03	presymp	new	55.05454341672146
2020-10-03	presymp	active	543.2274508729467
2020-10-03	positive	new	173.023315774452
2020-10-03	positive	active	1629.5247901663263
2020-10-03	infectious	new	132.12340818926484
2020-10-03	infectious	active	1188.43412787632
2020-10-03	possymp	new	8.153405074816732
2020-10-03	possymp	active	141.88897617607694
2020-10-04	infections	start	273.00683257436174
2020-10-04	positive	start	226.05003687682088
2020-10-04	infectious	start	205.85813551654502
2020-10-04	symptoms	start	169.38369387493148
2020-10-04	infectious	end	62.75979495599191
2020-10-04	symptoms	end	47.13918601193807
2020-10-04	positive	end	34.090804866361175
2020-10-04	reported	end	35.01005754192692
2020-10-04	symptoms	new	122.2445078629934
2020-10-04	symptoms	active	1066.652870980296
2020-10-04	presymp	new	56.6663430018894
2020-10-04	presymp	active	599.8937938748361
2020-10-04	positive	new	191.95923201045971
2020-10-04	positive	active	1821.484022176786
2020-10-04	infectious	new	143.0983405605531
2020-10-04	infectious	active	1331.5324684368732
2020-10-04	possymp	new	13.048381145576897
2020-10-04	possymp	active	154.93735732165382
2020-10-05	infections	start	303.72006217116376
2020-10-05	positive	start	247.35475912027744
2020-10-05	infectious	start	225.7888516770276
2020-10-05	symptoms	start	188.30066375030543
2020-10-05	infectious	end	71.78629052317986
2020-10-05	symptoms	end	54.338420013808765
2020-10-05	positive	end	35.80772487911347
2020-10-05	reported	end	107.90771160182953
2020-10-05	symptoms	new	133.96224373649667
2020-10-05	symptoms	active	1200.6151147167927
2020-10-05	presymp	new	59.054095369972
2020-10-05	presymp	active	658.9478892448082
2020-10-05	positive	new	211.54703424116397
2020-10-05	positive	active	2033.03105641795
2020-10-05	infectious	new	154.00256115384775
2020-10-05	infectious	active	1485.535029590721
2020-10-05	possymp	new	18.530695134695293
2020-10-05	possymp	active	173.4680524563491
2020-10-06	infections	start	338.27896182601575
2020-10-06	positive	start	272.6072625790001
2020-10-06	infectious	start	246.97990046877146
2020-10-06	symptoms	start	207.26516253312946
2020-10-06	infectious	end	81.5857889869136
2020-10-06	symptoms	end	62.355880286772425
2020-10-06	positive	end	38.3545286706183
2020-10-06	reported	end	110.30566074853685
2020-10-06	symptoms	new	144.90928224635704
2020-10-06	symptoms	active	1345.5243969631497
2020-10-06	presymp	new	65.34210004587067
2020-10-06	presymp	active	724.2899892906788
2020-10-06	positive	new	234.25273390838183
2020-10-06	positive	active	2267.2837903263317
2020-10-06	infectious	new	165.39411148185786
2020-10-06	infectious	active	1650.9291410725789
2020-10-06	possymp	new	24.001351616154125
2020-10-06	possymp	active	197.46940407250324
2020-10-07	infections	start	375.2332462637844
2020-10-07	positive	start	303.06192045585493
2020-10-07	infectious	start	272.0402851391258
2020-10-07	symptoms	start	226.74845593109063
2020-10-07	infectious	end	92.43808252647838
2020-10-07	symptoms	end	71.17918830657763
2020-10-07	positive	end	42.1892337983198
2020-10-07	reported	end	161.62177248807356
2020-10-07	symptoms	new	155.569267624513
2020-10-07	symptoms	active	1501.0936645876627
2020-10-07	presymp	new	76.3134645247643
2020-10-07	presymp	active	800.6034538154431
2020-10-07	positive	new	260.87268665753516
2020-10-07	positive	active	2528.156476983867
2020-10-07	infectious	new	179.6022026126474
2020-10-07	infectious	active	1830.5313436852261
2020-10-07	possymp	new	28.98995450825783
2020-10-07	possymp	active	226.45935858076106
2020-10-08	infections	start	411.6713777202352
2020-10-08	positive	start	337.31534129580837
2020-10-08	infectious	start	302.2290467554479
2020-10-08	symptoms	start	247.2788948722854
2020-10-08	infectious	end	104.90915598971442
2020-10-08	symptoms	end	80.86471793578163
2020-10-08	positive	end	47.50124277564463
2020-10-08	reported	end	191.83593173658585
2020-10-08	symptoms	new	166.4141769365038
2020-10-08	symptoms	active	1667.5078415241665
2020-10-08	presymp	new	90.03644642352296
2020-10-08	presymp	active	890.6399002389661
2020-10-08	positive	new	289.8140985201637
2020-10-08	positive	active	2817.970575504031
2020-10-08	infectious	new	197.31989076573348
2020-10-08	infectious	active	2027.8512344509597
2020-10-08	possymp	new	33.363475160137
2020-10-08	possymp	active	259.8228337408981
2020-10-09	infections	start	447.232109023751
2020-10-09	positive	start	373.9809466497829
2020-10-09	infectious	start	336.1870994407203
2020-10-09	symptoms	start	271.50640289367266
2020-10-09	infectious	end	119.45998548770305
2020-10-09	symptoms	end	91.69373940825346
2020-10-09	positive	end	54.485677678002276
2020-10-09	reported	end	203.34608764078098
2020-10-09	symptoms	new	179.8126634854192
2020-10-09	symptoms	active	1847.3205050095858
2020-10-09	presymp	new	102.47454375611022
2020-10-09	presymp	active	993.1144439950763
2020-10-09	positive	new	319.4952689717806
2020-10-09	positive	active	3137.465844475811
2020-10-09	infectious	new	216.72711395301727
2020-10-09	infectious	active	2244.578348403977
2020-10-09	possymp	new	37.20806173025119
2020-10-09	possymp	active	297.0308954711493
2020-10-10	infections	start	484.2090906862992
2020-10-10	positive	start	410.2150857585174
2020-10-10	infectious	start	372.59865528971335
2020-10-10	symptoms	start	300.8363011684915
2020-10-10	infectious	end	135.44856197185928
2020-10-10	symptoms	end	103.96195348966327
2020-10-10	positive	end	62.82960010513344
2020-10-10	reported	end	125.17294545812226
2020-10-10	symptoms	new	196.87434767882823
2020-10-10	symptoms	active	2044.194852688414
2020-10-10	presymp	new	109.37878459002587
2020-10-10	presymp	active	1102.493228585102
2020-10-10	positive	new	347.38548565338397
2020-10-10	positive	active	3484.851330129195
2020-10-10	infectious	new	237.15009331785407
2020-10-10	infectious	active	2481.728441721831
2020-10-10	possymp	new	41.132353384529836
2020-10-10	possymp	active	338.1632488556791
2020-10-11	infections	start	524.8691322665971
2020-10-11	positive	start	445.6736917156106
2020-10-11	infectious	start	408.67430929451723
2020-10-11	symptoms	start	334.0948047339158
2020-10-11	infectious	end	151.6729066736267
2020-10-11	symptoms	end	117.95163317373236
2020-10-11	positive	end	72.08396522716487
2020-10-11	reported	end	88.24452859882949
2020-10-11	symptoms	new	216.14317156018342
2020-10-11	symptoms	active	2260.3380242485973
2020-10-11	presymp	new	111.57888698169478
2020-10-11	presymp	active	1214.072115566797
2020-10-11	positive	new	373.5897264884457
2020-10-11	positive	active	3858.441056617641
2020-10-11	infectious	new	257.00140262089053
2020-10-11	infectious	active	2738.7298443427217
2020-10-11	possymp	new	45.867667946567494
2020-10-11	possymp	active	384.03091680224657
2020-10-12	infections	start	567.0513701057611
2020-10-12	positive	start	482.6059682231924
2020-10-12	infectious	start	444.0607072493472
2020-10-12	symptoms	start	370.03554424518813
2020-10-12	infectious	end	167.93497402670033
2020-10-12	symptoms	end	133.24160605342834
2020-10-12	positive	end	82.24563082820627
2020-10-12	reported	end	240.75409432941524
2020-10-12	symptoms	new	236.7939381917598
2020-10-12	symptoms	active	2497.1319624403573
2020-10-12	presymp	new	112.57042397800427
2020-10-12	presymp	active	1326.6425395448011
2020-10-12	positive	new	400.3603373949861
2020-10-12	positive	active	4258.8013940126275
2020-10-12	infectious	new	276.1257332226469
2020-10-12	infectious	active	3014.8555775653685
2020-10-12	possymp	new	50.99597522522207
2020-10-12	possymp	active	435.02689202746865
2020-10-13	infections	start	606.0188573011784
2020-10-13	positive	start	523.2090160998365
2020-10-13	infectious	start	480.9378525105569
2020-10-13	symptoms	start	405.7467297131015
2020-10-13	infectious	end	185.09364341706416
2020-10-13	symptoms	end	148.90539590815015
2020-10-13	positive	end	93.3007867059891
2020-10-13	reported	end	258.9785078443909
2020-10-13	symptoms	new	256.8413338049513
2020-10-13	symptoms	active	2753.9732962453086
2020-10-13	presymp	new	117.462286386735
2020-10-13	presymp	active	1444.1048259315362
2020-10-13	positive	new	429.9082293938474
2020-10-13	positive	active	4688.709623406475
2020-10-13	infectious	new	295.84420909349274
2020-10-13	infectious	active	3310.6997866588613
2020-10-13	possymp	new	55.60460920216106
2020-10-13	possymp	active	490.6315012296297
2020-10-14	infections	start	640.2122527500934
2020-10-14	positive	start	565.2959677179928
2020-10-14	infectious	start	521.4215927313772
2020-10-14	symptoms	start	440.4902670833317
2020-10-14	infectious	end	204.0665404410089
2020-10-14	symptoms	end	164.67243001265268
2020-10-14	positive	end	105.41321905302917
2020-10-14	reported	end	297.34569419170805
2020-10-14	symptoms	new	275.817837070679
2020-10-14	symptoms	active	3029.7911333159873
2020-10-14	presymp	new	124.8057006346611
2020-10-14	presymp	active	1568.9105265661974
2020-10-14	positive	new	459.88274866496363
2020-10-14	positive	active	5148.592372071438
2020-10-14	infectious	new	317.35505229036835
2020-10-14	infectious	active	3628.0548389492296
2020-10-14	possymp	new	59.259210959623516
2020-10-14	possymp	active	549.8907121892532
2020-10-15	infections	start	668.0978564393145
2020-10-15	positive	start	604.1838704131889
2020-10-15	infectious	start	563.3322497346011
2020-10-15	symptoms	start	476.12382783474396
2020-10-15	infectious	end	226.18990456044284
2020-10-15	symptoms	end	181.42250663332783
2020-10-15	positive	end	118.86294858267833
2020-10-15	reported	end	351.0597550779521
2020-10-15	symptoms	new	294.70132120141614
2020-10-15	symptoms	active	3324.4924545174035
2020-10-15	presymp	new	128.0600425784449
2020-10-15	presymp	active	1696.9705691446422
2020-10-15	positive	new	485.32092183051054
2020-10-15	positive	active	5633.913293901948
2020-10-15	infectious	new	337.1423451741582
2020-10-15	infectious	active	3965.1971841233876
2020-10-15	possymp	new	62.5595580506495
2020-10-15	possymp	active	612.4502702399027
2020-10-16	infections	start	688.611143702002
2020-10-16	positive	start	638.4013971382682
2020-10-16	infectious	start	602.0832750183554
2020-10-16	symptoms	start	514.822680368359
2020-10-16	infectious	end	252.8409521253617
2020-10-16	symptoms	end	200.18715019164426
2020-10-16	positive	end	134.12915906505063
2020-10-16	reported	end	347.7026262725618
2020-10-16	symptoms	new	314.6355301767147
2020-10-16	symptoms	active	3639.1279846941184
2020-10-16	presymp	new	123.57871676990919
2020-10-16	presymp	active	1820.5492859145513
2020-10-16	positive	new	504.2722380732175
2020-10-16	positive	active	6138.185531975166
2020-10-16	infectious	new	349.2423228929937
2020-10-16	infectious	active	4314.439507016381
2020-10-16	possymp	new	66.05799112659363
2020-10-16	possymp	active	678.5082613664964
2020-10-17	infections	start	702.4821612648134
2020-10-17	positive	start	666.4796619493212
2020-10-17	infectious	start	636.3052848942054
2020-10-17	symptoms	start	554.799173574089
2020-10-17	infectious	end	283.7786618020159
2020-10-17	symptoms	end	221.94945257136578
2020-10-17	positive	end	150.96703656036843
2020-10-17	reported	end	226.3663994491713
2020-10-17	symptoms	new	332.8497210027232
2020-10-17	symptoms	active	3971.9777056968414
2020-10-17	presymp	new	111.68048837523224
2020-10-17	presymp	active	1932.2297742897836
2020-10-17	positive	new	515.5126253889528
2020-10-17	positive	active	6653.698157364119
2020-10-17	infectious	new	352.52662309218954
2020-10-17	infectious	active	4666.966130108571
2020-10-17	possymp	new	70.98241601099735
2020-10-17	possymp	active	749.4906773774937
2020-10-18	infections	start	710.9157629437401
2020-10-18	positive	start	687.3353534802762
2020-10-18	infectious	start	664.5815116997401
2020-10-18	symptoms	start	592.0021580374647
2020-10-18	infectious	end	317.6356942137111
2020-10-18	symptoms	end	247.90227019804564
2020-10-18	positive	end	168.46245147755556
2020-10-18	reported	end	178.40741651502483
2020-10-18	symptoms	new	344.09988783941907
2020-10-18	symptoms	active	4316.077593536261
2020-10-18	presymp	new	95.33319544281153
2020-10-18	presymp	active	2027.562969732595
2020-10-18	positive	new	518.8729020027207
2020-10-18	positive	active	7172.57105936684
2020-10-18	infectious	new	346.945817486029
2020-10-18	infectious	active	5013.9119475946
2020-10-18	possymp	new	79.43981872049008
2020-10-18	possymp	active	828.9304960979838
2020-10-19	infections	start	715.2204986987111
2020-10-19	positive	start	701.5956319835539
2020-10-19	infectious	start	685.7639421926104
2020-10-19	symptoms	start	625.2333309246063
2020-10-19	infectious	end	352.7219812428261
2020-10-19	symptoms	end	277.9401476274395
2020-10-19	positive	end	186.32190973952203
2020-10-19	reported	end	490.6203954163183
2020-10-19	symptoms	new	347.2931832971668
2020-10-19	symptoms	active	4663.370776833427
2020-10-19	presymp	new	76.36230105894754
2020-10-19	presymp	active	2103.9252707915425
2020-10-19	positive	new	515.2737222440319
2020-10-19	positive	active	7687.844781610872
2020-10-19	infectious	new	333.04196094978437
2020-10-19	infectious	active	5346.953908544384
2020-10-19	possymp	new	91.61823788791747
2020-10-19	possymp	active	920.5487339859013
2020-10-20	infections	start	715.435037045238
2020-10-20	positive	start	710.3667809146232
2020-10-20	infectious	start	700.3528084480254
2020-10-20	symptoms	start	652.7638911518018
2020-10-20	infectious	end	387.93037963955277
2020-10-20	symptoms	end	310.85088547224575
2020-10-20	positive	end	205.36883526648805
2020-10-20	reported	end	503.56932080853784
2020-10-20	symptoms	new	341.913005679556
2020-10-20	symptoms	active	5005.283782512984
2020-10-20	presymp	new	57.602889762821405
2020-10-20	presymp	active	2161.528160554364
2020-10-20	positive	new	504.9979456481351
2020-10-20	positive	active	8192.842727259007
2020-10-20	infectious	new	312.4224288084726
2020-10-20	infectious	active	5659.376337352857
2020-10-20	possymp	new	105.4820502057577
2020-10-20	possymp	active	1026.030784191659
2020-10-21	infections	start	709.8449337249676
2020-10-21	positive	start	714.937805305522
2020-10-21	infectious	start	709.3840486407097
2020-10-21	symptoms	start	673.0478734042752
2020-10-21	infectious	end	424.50915411764413
2020-10-21	symptoms	end	345.6219688201985
2020-10-21	positive	end	226.39147839702233
2020-10-21	reported	end	609.0790832636601
2020-10-21	symptoms	new	327.42590458407665
2020-10-21	symptoms	active	5332.70968709706
2020-10-21	presymp	new	41.88993190124688
2020-10-21	presymp	active	2203.418092455611
2020-10-21	positive	new	488.54632690849974
2020-10-21	positive	active	8681.389054167506
2020-10-21	infectious	new	284.87489452306556
2020-10-21	infectious	active	5944.251231875923
2020-10-21	possymp	new	119.23049042317618
2020-10-21	possymp	active	1145.2612746148352
2020-10-22	infections	start	697.2688153557212
2020-10-22	positive	start	715.3939879245935
2020-10-22	infectious	start	714.1770291875126
2020-10-22	symptoms	start	686.5770905631987
2020-10-22	infectious	end	465.254928819685
2020-10-22	symptoms	end	381.5702297548015
2020-10-22	positive	end	250.16343233283428
2020-10-22	reported	end	639.7728323415138
2020-10-22	symptoms	new	305.00686080839716
2020-10-22	symptoms	active	5637.716547905457
2020-10-22	presymp	new	28.81689736139481
2020-10-22	presymp	active	2232.234989817006
2020-10-22	positive	new	465.2305555917592
2020-10-22	positive	active	9146.619609759266
2020-10-22	infectious	new	248.92210036782762
2020-10-22	infectious	active	6193.17333224375
2020-10-22	possymp	new	131.40679742196724
2020-10-22	possymp	active	1276.6680720368024
2020-10-23	infections	start	676.5606220517265
2020-10-23	positive	start	710.0661443427178
2020-10-23	infectious	start	714.8779582121157
2020-10-23	symptoms	start	694.7194595031252
2020-10-23	infectious	end	510.2075231400484
2020-10-23	symptoms	end	419.68234307752994
2020-10-23	positive	end	277.91516028808786
2020-10-23	reported	end	709.3133575960261
2020-10-23	symptoms	new	275.0371164255953
2020-10-23	symptoms	active	5912.753664331052
2020-10-23	presymp	new	15.346684839592626
2020-10-23	presymp	active	2247.5816746565984
2020-10-23	positive	new	432.15098405463
2020-10-23	positive	active	9578.770593813895
2020-10-23	infectious	new	204.67043507206728
2020-10-23	infectious	active	6397.843767315818
2020-10-23	possymp	new	141.76718278944207
2020-10-23	possymp	active	1418.4352548262445
2020-10-24	infections	start	650.6219954591342
2020-10-24	positive	start	697.7850202838805
2020-10-24	infectious	start	709.846881860245
2020-10-24	symptoms	start	699.0449651569735
2020-10-24	infectious	end	552.7696936086568
2020-10-24	symptoms	end	460.9608596880987
2020-10-24	positive	end	309.6639895717645
2020-10-24	reported	end	414.84520238036686
2020-10-24	symptoms	new	238.08410546887478
2020-10-24	symptoms	active	6150.837769799928
2020-10-24	presymp	new	-1.2599448730929907
2020-10-24	presymp	active	2246.3217297835054
2020-10-24	positive	new	388.121030712116
2020-10-24	positive	active	9966.891624526012
2020-10-24	infectious	new	157.07718825158827
2020-10-24	infectious	active	6554.920955567406
2020-10-24	possymp	new	151.29687011633422
2020-10-24	possymp	active	1569.7321249425786
2020-10-25	infections	start	624.4081375409643
2020-10-25	positive	start	677.38296364879875
2020-10-25	infectious	start	697.9182516502481
2020-10-25	symptoms	start	699.8526980462904
2020-10-25	infectious	end	587.9260762989163
2020-10-25	symptoms	end	505.71110674172013
2020-10-25	positive	end	344.3441321971711
2020-10-25	reported	end	315.0905178773422
2020-10-25	symptoms	new	194.14159130457023
2020-10-25	symptoms	active	6344.979361104498
2020-10-25	presymp	new	-22.469734397491607
2020-10-25	presymp	active	2223.8519953860136
2020-10-25	positive	new	333.03883145162763
2020-10-25	positive	active	10299.93045597764
2020-10-25	infectious	new	109.99217535133175
2020-10-25	infectious	active	6664.913130918738
2020-10-25	possymp	new	161.366974544549
2020-10-25	possymp	active	1731.0990994871277
2020-10-26	infections	start	599.8312329219716
2020-10-26	positive	start	651.7138397538475
2020-10-26	infectious	start	677.8882265954157
2020-10-26	symptoms	start	695.5856290882821
2020-10-26	infectious	end	615.8000127839067
2020-10-26	symptoms	end	548.9263637652434
2020-10-26	positive	end	380.82334318401934
2020-10-26	reported	end	876.2106182068559
2020-10-26	symptoms	new	146.65926532303865
2020-10-26	symptoms	active	6491.638626427536
2020-10-26	presymp	new	-43.87178933443454
2020-10-26	presymp	active	2179.9802060515794
2020-10-26	positive	new	270.8904965698282
2020-10-26	positive	active	10570.820952547467
2020-10-26	infectious	new	62.088213811509036
2020-10-26	infectious	active	6727.001344730246
2020-10-26	possymp	new	168.1030205812241
2020-10-26	possymp	active	1899.2021200683519
2020-10-27	infections	start	577.7676234976649
2020-10-27	positive	start	625.6871574106682
2020-10-27	infectious	start	652.5432629346137
2020-10-27	symptoms	start	684.9502973330593
2020-10-27	infectious	end	637.7838366042992
2020-10-27	symptoms	end	585.1711380977879
2020-10-27	positive	end	417.6885873952522
2020-10-27	reported	end	841.200560664929
2020-10-27	symptoms	new	99.77915923527144
2020-10-27	symptoms	active	6591.417785662808
2020-10-27	presymp	new	-59.26313992239113
2020-10-27	presymp	active	2120.717066129188
2020-10-27	positive	new	207.99857001541596
2020-10-27	positive	active	10778.819522562884
2020-10-27	infectious	new	14.759426330314568
2020-10-27	infectious	active	6741.760771060561
2020-10-27	possymp	new	167.48255070253566
2020-10-27	possymp	active	2066.6846707708874
2020-10-28	infections	start	553.6598664250173
2020-10-28	positive	start	601.1941092764058
2020-10-28	infectious	start	626.7401971183414
2020-10-28	symptoms	start	666.4671735123836
2020-10-28	infectious	end	657.1057200550613
2020-10-28	symptoms	end	614.9460238719413
2020-10-28	positive	end	455.118036334405
2020-10-28	reported	end	797.0782963655141
2020-10-28	symptoms	new	51.52114964044233
2020-10-28	symptoms	active	6642.93893530325
2020-10-28	presymp	new	-65.27306423597781
2020-10-28	presymp	active	2055.4440018932105
2020-10-28	positive	new	146.0760729420008
2020-10-28	positive	active	10924.895595504884
2020-10-28	infectious	new	-30.365522936719913
2020-10-28	infectious	active	6711.395248123841
2020-10-28	possymp	new	159.82798753753627
2020-10-28	possymp	active	2226.512658308424
2020-10-29	infections	start	525.5264347234878
2020-10-29	positive	start	579.1304671345673
2020-10-29	infectious	start	602.3578025800151
2020-10-29	symptoms	start	642.5929572457441
2020-10-29	infectious	end	674.73486329622
2020-10-29	symptoms	end	639.0642526304805
2020-10-29	positive	end	494.25743207665295
2020-10-29	reported	end	843.1189199822948
2020-10-29	symptoms	new	3.528704615263564
2020-10-29	symptoms	active	6646.467639918514
2020-10-29	presymp	new	-63.46249011117675
2020-10-29	presymp	active	1991.9815117820335
2020-10-29	positive	new	84.87303505791436
2020-10-29	positive	active	11009.768630562798
2020-10-29	infectious	new	-72.37706071620494
2020-10-29	infectious	active	6639.018187407636
2020-10-29	possymp	new	144.80682055382755
2020-10-29	possymp	active	2371.3194788622513
2020-10-30	infections	start	496.755101459276
2020-10-30	positive	start	554.9787008001758
2020-10-30	infectious	start	580.3303139406304
2020-10-30	symptoms	start	618.0350522923928
2020-10-30	infectious	end	689.1031835623463
2020-10-30	symptoms	end	660.0262683805736
2020-10-30	positive	end	536.3041559579058
2020-10-30	reported	end	758.2315201888555
2020-10-30	symptoms	new	-41.99121608818075
2020-10-30	symptoms	active	6604.476423830332
2020-10-30	presymp	new	-63.056351492217004
2020-10-30	presymp	active	1928.9251602898166
2020-10-30	positive	new	18.674544842270052
2020-10-30	positive	active	11028.44317540507
2020-10-30	infectious	new	-108.77286962171593
2020-10-30	infectious	active	6530.245317785921
2020-10-30	possymp	new	123.7221124226678
2020-10-30	possymp	active	2495.041591284919
2020-10-31	infections	start	469.13839260300824
2020-10-31	positive	start	526.8035093631113
2020-10-31	infectious	start	556.1951942627745
2020-10-31	symptoms	start	594.8243894094539
2020-10-31	infectious	end	697.8739776673949
2020-10-31	symptoms	end	678.8990263261284
2020-10-31	positive	end	576.6727933598803
2020-10-31	reported	end	436.4267447007328
2020-10-31	symptoms	new	-84.07463691667442
2020-10-31	symptoms	active	6520.401786913659
2020-10-31	presymp	new	-68.02088004634265
2020-10-31	presymp	active	1860.904280243474
2020-10-31	positive	new	-49.86928399676901
2020-10-31	positive	active	10978.5738914083
2020-10-31	infectious	new	-141.6787834046204
2020-10-31	infectious	active	6388.5665343813
2020-10-31	possymp	new	102.22623296624806
2020-10-31	possymp	active	2597.267824251167
2020-11-01	infections	start	444.3688880646132
2020-11-01	positive	start	498.0164278486716
2020-11-01	infectious	start	528.0581886128433
2020-11-01	symptoms	start	574.1536732877772
2020-11-01	infectious	end	698.4361600526668
2020-11-01	symptoms	end	693.7472832698801
2020-11-01	positive	end	610.0532442244855
2020-11-01	reported	end	327.08026361087883
2020-11-01	symptoms	new	-119.59360998210286
2020-11-01	symptoms	active	6400.808176931556
2020-11-01	presymp	new	-76.13724543910564
2020-11-01	presymp	active	1784.7670348043682
2020-11-01	positive	new	-112.03681637581394
2020-11-01	positive	active	10866.537075032486
2020-11-01	infectious	new	-170.37797143982345
2020-11-01	infectious	active	6218.188562941476
2020-11-01	possymp	new	83.69403904539456
2020-11-01	possymp	active	2680.9618632965617
2020-11-02	infections	start	423.8244778181004
2020-11-02	positive	start	470.3821315695724
2020-11-02	infectious	start	499.331584868154
2020-11-02	symptoms	start	551.7666489230553
2020-11-02	infectious	end	690.5763832662059
2020-11-02	symptoms	end	702.6186485527322
2020-11-02	positive	end	636.7063714680269
2020-11-02	reported	end	823.9353268086362
2020-11-02	symptoms	new	-150.85199962967692
2020-11-02	symptoms	active	6249.956177301879
2020-11-02	presymp	new	-81.38451735348292
2020-11-02	presymp	active	1703.3825174508854
2020-11-02	positive	new	-166.3242398984545
2020-11-02	positive	active	10700.21283513403
2020-11-02	infectious	new	-191.2447983980519
2020-11-02	infectious	active	6026.943764543425
2020-11-02	possymp	new	65.91227708470535
2020-11-02	possymp	active	2746.874140381267
2020-11-03	infections	start	406.59599790548873
2020-11-03	positive	start	445.5456313186352
2020-11-03	infectious	start	471.72271088402005
2020-11-03	symptoms	start	525.5847866812701
2020-11-03	infectious	end	675.6007315184426
2020-11-03	symptoms	end	703.07028333485
2020-11-03	positive	end	656.9165207674671
2020-11-03	reported	end	797.5578861948557
2020-11-03	symptoms	new	-177.48549665357996
2020-11-03	symptoms	active	6072.470680648298
2020-11-03	presymp	new	-80.03915536263492
2020-11-03	presymp	active	1623.3433620882504
2020-11-03	positive	new	-211.37088944883192
2020-11-03	positive	active	10488.841945685199
2020-11-03	infectious	new	-203.8780206344225
2020-11-03	infectious	active	5823.065743909002
2020-11-03	possymp	new	46.153762567382955
2020-11-03	possymp	active	2793.02790294865
2020-11-04	infections	start	390.9508559170742
2020-11-04	positive	start	424.86580780338613
2020-11-04	infectious	start	446.8246127503452
2020-11-04	symptoms	start	498.5654478956972
2020-11-04	infectious	end	656.7430426192772
2020-11-04	symptoms	end	694.9455912942103
2020-11-04	positive	end	672.9976356353347
2020-11-04	reported	end	766.3845472876604
2020-11-04	symptoms	new	-196.3801433985131
2020-11-04	symptoms	active	5876.0905372497855
2020-11-04	presymp	new	-73.69964009231109
2020-11-04	presymp	active	1549.6437219959394
2020-11-04	positive	new	-248.1318278319486
2020-11-04	positive	active	10240.71011785325
2020-11-04	infectious	new	-209.91842986893198
2020-11-04	infectious	active	5613.14731404007
2020-11-04	possymp	new	21.94795565887557
2020-11-04	possymp	active	2814.9758586075254
2020-11-05	infections	start	375.18941063949245
2020-11-05	positive	start	407.4575855263563
2020-11-05	infectious	start	425.999112316101
2020-11-05	symptoms	start	472.13635718611744
2020-11-05	infectious	end	639.0665847165452
2020-11-05	symptoms	end	680.6700571757698
2020-11-05	positive	end	686.2080218544542
2020-11-05	reported	end	677.6604288594895
2020-11-05	symptoms	new	-208.53369998965235
2020-11-05	symptoms	active	5667.556837260133
2020-11-05	presymp	new	-64.67877165976114
2020-11-05	presymp	active	1484.9649503361782
2020-11-05	positive	new	-278.75043632809786
2020-11-05	positive	active	9961.959681525153
2020-11-05	infectious	new	-213.06747240044422
2020-11-05	infectious	active	5400.079841639626
2020-11-05	possymp	new	-5.537964678684375
2020-11-05	possymp	active	2809.4378939288413
2020-11-06	infections	start	359.12747403502715
2020-11-06	positive	start	391.6441542674896
2020-11-06	infectious	start	408.41162650514104
2020-11-06	symptoms	start	447.93231911857555
2020-11-06	infectious	end	623.1684752311477
2020-11-06	symptoms	end	662.54318932379
2020-11-06	positive	end	695.2565638050505
2020-11-06	reported	end	614.8341612157576
2020-11-06	symptoms	new	-214.61087020521444
2020-11-06	symptoms	active	5452.945967054919
2020-11-06	presymp	new	-56.288164851085924
2020-11-06	presymp	active	1428.6767854850923
2020-11-06	positive	new	-303.6124095375609
2020-11-06	positive	active	9658.347271987592
2020-11-06	infectious	new	-214.75684872600664
2020-11-06	infectious	active	5185.322992913619
2020-11-06	possymp	new	-32.71337448126053
2020-11-06	possymp	active	2776.724519447581
2020-11-07	infections	start	344.4829091273928
2020-11-07	positive	start	375.76950111646767
2020-11-07	infectious	start	392.4575106508217
2020-11-07	symptoms	start	427.6765426186969
2020-11-07	infectious	end	605.5849002810388
2020-11-07	symptoms	end	644.5504262485376
2020-11-07	positive	end	698.9778864447702
2020-11-07	reported	end	340.98836866178135
2020-11-07	symptoms	new	-216.87388362984075
2020-11-07	symptoms	active	5236.072083425078
2020-11-07	presymp	new	-51.90704150222922
2020-11-07	presymp	active	1376.769743982863
2020-11-07	positive	new	-323.20838532830254
2020-11-07	positive	active	9335.13888665929
2020-11-07	infectious	new	-213.12738963021712
2020-11-07	infectious	active	4972.195603283402
2020-11-07	possymp	new	-54.42746019623257
2020-11-07	possymp	active	2722.297059251348
2020-11-08	infections	start	332.39064081572144
2020-11-08	positive	start	359.64670929067887
2020-11-08	infectious	start	376.50335634920674
2020-11-08	symptoms	start	410.83700879419524
2020-11-08	infectious	end	585.1259395235295
2020-11-08	symptoms	end	627.8973097583512
2020-11-08	positive	end	695.5448541062974
2020-11-08	reported	end	257.5397383563665
2020-11-08	symptoms	new	-217.06030096415594
2020-11-08	symptoms	active	5019.011782460922
2020-11-08	presymp	new	-51.19029950351637
2020-11-08	presymp	active	1325.5794444793466
2020-11-08	positive	new	-335.89814481561854
2020-11-08	positive	active	8999.24074184367
2020-11-08	infectious	new	-208.62258317432276
2020-11-08	infectious	active	4763.573020109079
2020-11-08	possymp	new	-67.64754434794622
2020-11-08	possymp	active	2654.6495149034017
2020-11-09	infections	start	324.00115813917034
2020-11-09	positive	start	344.9626150770823
2020-11-09	infectious	start	360.33419927999864
2020-11-09	symptoms	start	395.782869449062
2020-11-09	infectious	end	561.9059987004767
2020-11-09	symptoms	end	609.9998039169126
2020-11-09	positive	end	684.8783025121243
2020-11-09	reported	end	685.8134559582944
2020-11-09	symptoms	new	-214.2169344678506
2020-11-09	symptoms	active	4804.794847993071
2020-11-09	presymp	new	-50.82025437197967
2020-11-09	presymp	active	1274.759190107367
2020-11-09	positive	new	-339.91568743504195
2020-11-09	positive	active	8659.32505440863
2020-11-09	infectious	new	-201.5717994204781
2020-11-09	infectious	active	4562.001220688601
2020-11-09	possymp	new	-74.87849859521168
2020-11-09	possymp	active	2579.77101630819
2020-11-10	infections	start	318.08195046851597
2020-11-10	positive	start	332.81984813707624
2020-11-10	infectious	start	345.60309905569665
2020-11-10	symptoms	start	380.6954728101221
2020-11-10	infectious	end	533.3065621992373
2020-11-10	symptoms	end	587.8368346438945
2020-11-10	positive	end	668.5289483415963
2020-11-10	reported	end	557.7629715241234
2020-11-10	symptoms	new	-207.14136183377235
2020-11-10	symptoms	active	4597.653486159299
2020-11-10	presymp	new	-47.87562467304588
2020-11-10	presymp	active	1226.883565434321
2020-11-10	positive	new	-335.7091002045201
2020-11-10	positive	active	8323.61595420411
2020-11-10	infectious	new	-187.70346314354066
2020-11-10	infectious	active	4374.29775754506
2020-11-10	possymp	new	-80.69211369770187
2020-11-10	possymp	active	2499.0789026104885
2020-11-11	infections	start	312.28257096609826
2020-11-11	positive	start	324.3523733656407
2020-11-11	infectious	start	333.3826565938478
2020-11-11	symptoms	start	365.1550838275986
2020-11-11	infectious	end	502.8482662656988
2020-11-11	symptoms	end	562.9343793492716
2020-11-11	positive	end	647.93240465111
2020-11-11	reported	end	514.1202970540501
2020-11-11	symptoms	new	-197.77929552167296
2020-11-11	symptoms	active	4399.874190637626
2020-11-11	presymp	new	-40.80271046195793
2020-11-11	presymp	active	1186.0808549723633
2020-11-11	positive	new	-323.5800312854693
2020-11-11	positive	active	8000.03592291864
2020-11-11	infectious	new	-169.46560967185098
2020-11-11	infectious	active	4204.83214787321
2020-11-11	possymp	new	-84.99802530183842
2020-11-11	possymp	active	2414.08087730865
2020-11-12	infections	start	306.10877560209394
2020-11-12	positive	start	318.33505339637605
2020-11-12	infectious	start	324.8009497120971
2020-11-12	symptoms	start	350.6931581205209
2020-11-12	infectious	end	477.43518846599414
2020-11-12	symptoms	end	534.6989122233688
2020-11-12	positive	end	627.0609302147184
2020-11-12	reported	end	469.0388530959524
2020-11-12	symptoms	new	-184.0057541028479
2020-11-12	symptoms	active	4215.868436534778
2020-11-12	presymp	new	-32.35810472414482
2020-11-12	presymp	active	1153.7227502482185
2020-11-12	positive	new	-308.72587681834233
2020-11-12	positive	active	7691.310046100297
2020-11-12	infectious	new	-152.63423875389702
2020-11-12	infectious	active	4052.1979091193125
2020-11-12	possymp	new	-92.3620179913496
2020-11-12	possymp	active	2321.7188593173005
2020-11-13	infections	start	299.0524652754913
2020-11-13	positive	start	312.44587543670207
2020-11-13	infectious	start	318.65668330356675
2020-11-13	symptoms	start	338.43651090055
2020-11-13	infectious	end	457.88823270274156
2020-11-13	symptoms	end	504.6269611601326
2020-11-13	positive	end	607.5297205525127
2020-11-13	reported	end	429.7124870899523
2020-11-13	symptoms	new	-166.19045025958263
2020-11-13	symptoms	active	4049.6779862751955
2020-11-13	presymp	new	-25.990635463847923
2020-11-13	presymp	active	1127.7321147843704
2020-11-13	positive	new	-295.0838451158106
2020-11-13	positive	active	7396.226200984486
2020-11-13	infectious	new	-139.2315493991748
2020-11-13	infectious	active	3912.9663597201375
2020-11-13	possymp	new	-102.90275939238006
2020-11-13	possymp	active	2218.8160999249203
2020-11-14	infections	start	292.8385112288174
2020-11-14	positive	start	306.21889536396566
2020-11-14	infectious	start	312.6653280716501
2020-11-14	symptoms	start	329.72014275558917
2020-11-14	infectious	end	441.587658282776
2020-11-14	symptoms	end	479.0932173975992
2020-11-14	positive	end	587.2240275376951
2020-11-14	reported	end	239.7949146707323
2020-11-14	symptoms	new	-149.37307464201
2020-11-14	symptoms	active	3900.3049116331854
2020-11-14	presymp	new	-23.501247391623508
2020-11-14	presymp	active	1104.230867392747
2020-11-14	positive	new	-281.0051321737294
2020-11-14	positive	active	7115.221068810757
2020-11-14	infectious	new	-128.92233021112588
2020-11-14	infectious	active	3784.0440295090116
2020-11-14	possymp	new	-108.13081014009589
2020-11-14	possymp	active	2110.6852897848244
2020-11-15	infections	start	289.2797606929262
2020-11-15	positive	start	299.14852454228276
2020-11-15	infectious	start	306.38570738899386
2020-11-15	symptoms	start	323.53801560880885
2020-11-15	infectious	end	425.56122835797987
2020-11-15	symptoms	end	458.86279303638634
2020-11-15	positive	end	564.2051155271573
2020-11-15	reported	end	181.7645453204151
2020-11-15	symptoms	new	-135.3247774275775
2020-11-15	symptoms	active	3764.980134205608
2020-11-15	presymp	new	-24.38949106652609
2020-11-15	presymp	active	1079.8413763262208
2020-11-15	positive	new	-265.05659098487456
2020-11-15	positive	active	6850.164477825882
2020-11-15	infectious	new	-119.175520968986
2020-11-15	infectious	active	3664.8685085400257
2020-11-15	possymp	new	-105.34232249077098
2020-11-15	possymp	active	2005.3429672940533
2020-11-16	infections	start	287.99078822072914
2020-11-16	positive	start	292.9336574208795
2020-11-16	infectious	start	299.2995078565592
2020-11-16	symptoms	start	317.6566489412582
2020-11-16	infectious	end	408.5127929305232
2020-11-16	symptoms	end	441.9349088962284
2020-11-16	positive	end	540.3335014777317
2020-11-16	reported	end	519.3957851768062
2020-11-16	symptoms	new	-124.27825995497022
2020-11-16	symptoms	active	3640.701874250638
2020-11-16	presymp	new	-24.722991520378685
2020-11-16	presymp	active	1055.1183848058422
2020-11-16	positive	new	-247.3998440568522
2020-11-16	positive	active	6602.76463376903
2020-11-16	infectious	new	-109.21328507396396
2020-11-16	infectious	active	3555.6552234660617
2020-11-16	possymp	new	-98.3985925815033
2020-11-16	possymp	active	1906.9443747125501
2020-11-17	infections	start	288.60942815065323
2020-11-17	positive	start	289.35343674596066
2020-11-17	infectious	start	293.06703506211426
2020-11-17	symptoms	start	311.5193992073685
2020-11-17	infectious	end	390.3864277758722
2020-11-17	symptoms	end	425.1315235762063
2020-11-17	positive	end	513.9556247321318
2020-11-17	reported	end	420.120690503123
2020-11-17	symptoms	new	-113.61212436883778
2020-11-17	symptoms	active	3527.0897498818
2020-11-17	presymp	new	-22.165962461407844
2020-11-17	presymp	active	1032.9524223444344
2020-11-17	positive	new	-224.60218798617115
2020-11-17	positive	active	6378.162445782859
2020-11-17	infectious	new	-97.31939271375796
2020-11-17	infectious	active	3458.335830752304
2020-11-17	possymp	new	-88.82410115592552
2020-11-17	possymp	active	1818.1202735566246
2020-11-18	infections	start	289.1448296754177
2020-11-18	positive	start	288.00477112008144
2020-11-18	infectious	start	289.43428155456644
2020-11-18	symptoms	start	304.40874788340614
2020-11-18	infectious	end	373.76162179210775
2020-11-18	symptoms	end	407.91807979592363
2020-11-18	positive	end	485.3751445801146
2020-11-18	reported	end	397.57996852407416
2020-11-18	symptoms	new	-103.5093319125175
2020-11-18	symptoms	active	3423.5804179692827
2020-11-18	presymp	new	-16.403976763324692
2020-11-18	presymp	active	1016.5484455811097
2020-11-18	positive	new	-197.37037346003314
2020-11-18	positive	active	6180.792072322826
2020-11-18	infectious	new	-84.3273402375413
2020-11-18	infectious	active	3374.0084905147623
2020-11-18	possymp	new	-77.45706478419095
2020-11-18	possymp	active	1740.6632087724336
2020-11-19	infections	start	288.5388875437553
2020-11-19	positive	start	288.53758009790664
2020-11-19	infectious	start	287.9909052941152
2020-11-19	symptoms	start	297.8770993270897
2020-11-19	infectious	end	360.5273816744628
2020-11-19	symptoms	end	390.1777220768711
2020-11-19	positive	end	460.4504553387319
2020-11-19	reported	end	386.06981261987903
2020-11-19	symptoms	new	-92.30062274978138
2020-11-19	symptoms	active	3331.279795219501
2020-11-19	presymp	new	-9.339519229183054
2020-11-19	presymp	active	1007.2089263519266
2020-11-19	positive	new	-171.91287524082526
2020-11-19	positive	active	6008.879197082001
2020-11-19	infectious	new	-72.53647638034761
2020-11-19	infectious	active	3301.472014134415
2020-11-19	possymp	new	-70.27273326186082
2020-11-19	possymp	active	1670.3904755105727
2020-11-20	infections	start	287.83976422986393
2020-11-20	positive	start	288.99536683568687
2020-11-20	infectious	start	288.4171806276444
2020-11-20	symptoms	start	293.752464651347
2020-11-20	infectious	end	350.7461345731823
2020-11-20	symptoms	end	373.8708443983915
2020-11-20	positive	end	440.3744495759208
2020-11-20	reported	end	341.94754832046425
2020-11-20	symptoms	new	-80.11837974704451
2020-11-20	symptoms	active	3251.1614154724566
2020-11-20	presymp	new	-4.757097815660131
2020-11-20	presymp	active	1002.4518285362665
2020-11-20	positive	new	-151.3790827402339
2020-11-20	positive	active	5857.500114341767
2020-11-20	infectious	new	-62.328953945537876
2020-11-20	infectious	active	3239.143060188877
2020-11-20	possymp	new	-66.50360517752927
2020-11-20	possymp	active	1603.8868703330436
2020-11-21	infections	start	288.08301271797137
2020-11-21	positive	start	288.3483522747938
2020-11-21	infectious	start	288.79775200985694
2020-11-21	symptoms	start	291.818195485786
2020-11-21	infectious	end	343.2999059773254
2020-11-21	symptoms	end	360.9640505780663
2020-11-21	positive	end	423.8078803214522
2020-11-21	reported	end	187.51962327251266
2020-11-21	symptoms	new	-69.14585509228027
2020-11-21	symptoms	active	3182.0155603801763
2020-11-21	presymp	new	-3.4698432109922237
2020-11-21	presymp	active	998.9819853252743
2020-11-21	positive	new	-135.45952804665842
2020-11-21	positive	active	5722.040586295108
2020-11-21	infectious	new	-54.50215396746847
2020-11-21	infectious	active	3184.6409062214084
2020-11-21	possymp	new	-62.843829743385925
2020-11-21	possymp	active	1541.0430405896575
2020-11-22	infections	start	290.4112208565047
2020-11-22	positive	start	287.645410237457
2020-11-22	infectious	start	288.1219849469407
2020-11-22	symptoms	start	291.9183604884579
2020-11-22	infectious	end	335.24857293409207
2020-11-22	symptoms	end	350.81023538257637
2020-11-22	positive	end	408.1504560767041
2020-11-22	reported	end	160.18300300004918
2020-11-22	symptoms	new	-58.89187489411847
2020-11-22	symptoms	active	3123.123685486058
2020-11-22	presymp	new	-4.272950251000907
2020-11-22	presymp	active	994.7090350742734
2020-11-22	positive	new	-120.50504583924709
2020-11-22	positive	active	5601.535540455861
2020-11-22	infectious	new	-47.12658798715137
2020-11-22	infectious	active	3137.514318234257
2020-11-22	possymp	new	-57.34022069412771
2020-11-22	possymp	active	1483.70281989553
2020-11-23	infections	start	294.4875189832093
2020-11-23	positive	start	287.89655088158787
2020-11-23	infectious	start	287.42550104076275
2020-11-23	symptoms	start	292.17197601044063
2020-11-23	infectious	end	325.50510608140553
2020-11-23	symptoms	end	342.6513428348146
2020-11-23	positive	end	392.73799339852746
2020-11-23	reported	end	426.8349481139035
2020-11-23	symptoms	new	-50.47936682437398
2020-11-23	symptoms	active	3072.644318661684
2020-11-23	presymp	new	-4.27542512885276
2020-11-23	presymp	active	990.4336099454206
2020-11-23	positive	new	-104.8414425169396
2020-11-23	positive	active	5496.694097938922
2020-11-23	infectious	new	-38.079605040642775
2020-11-23	infectious	active	3099.4347131936142
2020-11-23	possymp	new	-50.08665056371285
2020-11-23	possymp	active	1433.616169331817
2020-11-24	infections	start	299.1257510537506
2020-11-24	positive	start	290.21311366976136
2020-11-24	infectious	start	287.67755676402265
2020-11-24	symptoms	start	291.43123594161403
2020-11-24	infectious	end	315.18816017231507
2020-11-24	symptoms	end	334.1838882556912
2020-11-24	positive	end	376.87850019049966
2020-11-24	reported	end	352.018934736635
2020-11-24	symptoms	new	-42.75265231407718
2020-11-24	symptoms	active	3029.8916663476066
2020-11-24	presymp	new	-1.2181222718526783
2020-11-24	presymp	active	989.215487673568
2020-11-24	positive	new	-86.66538652073831
2020-11-24	positive	active	5410.028711418184
2020-11-24	infectious	new	-27.51060340829241
2020-11-24	infectious	active	3071.924109785322
2020-11-24	possymp	new	-42.69461193480845
2020-11-24	possymp	active	1390.9215573970087
2020-11-25	infections	start	303.1378367028868
2020-11-25	positive	start	294.24995963107585
2020-11-25	infectious	start	289.9605945663342
2020-11-25	symptoms	start	290.5376773089497
2020-11-25	infectious	end	306.1980636824959
2020-11-25	symptoms	end	324.24300932006906
2020-11-25	positive	end	361.9625948726427
2020-11-25	reported	end	361.13114149412286
2020-11-25	symptoms	new	-33.70533201111937
2020-11-25	symptoms	active	2996.1863343364876
2020-11-25	presymp	new	3.712282322126157
2020-11-25	presymp	active	992.9277699956941
2020-11-25	positive	new	-67.71263524156683
2020-11-25	positive	active	5342.316076176617
2020-11-25	infectious	new	-16.23746911616172
2020-11-25	infectious	active	3055.68664066916
2020-11-25	possymp	new	-37.71958555257362
2020-11-25	possymp	active	1353.2019718444349
2020-11-26	infections	start	305.15338891526625
2020-11-26	positive	start	298.841171138529
2020-11-26	infectious	start	293.9359347700438
2020-11-26	symptoms	start	290.3868193580182
2020-11-26	infectious	end	300.87983578443783
2020-11-26	symptoms	end	314.34636973943174
2020-11-26	positive	end	349.71658965066945
2020-11-26	reported	end	305.01913146117147
2020-11-26	symptoms	new	-23.95955038141352
2020-11-26	symptoms	active	2972.226783955074
2020-11-26	presymp	new	8.454351780510763
2020-11-26	presymp	active	1001.3821217762048
2020-11-26	positive	new	-50.87541851214047
2020-11-26	positive	active	5291.440657664476
2020-11-26	infectious	new	-6.943901014394044
2020-11-26	infectious	active	3048.7427396547664
2020-11-26	possymp	new	-35.37021991123771
2020-11-26	possymp	active	1317.8317519331972
2020-11-27	infections	start	305.47113888093025
2020-11-27	positive	start	302.8336859283002
2020-11-27	infectious	start	298.47004023894004
2020-11-27	symptoms	start	292.1312425033103
2020-11-27	infectious	end	299.1709441375111
2020-11-27	symptoms	end	305.8319651140488
2020-11-27	positive	end	339.9272468104914
2020-11-27	reported	end	306.9374907785373
2020-11-27	symptoms	new	-13.700722610738467
2020-11-27	symptoms	active	2958.5260613443356
2020-11-27	presymp	new	10.702443424989895
2020-11-27	presymp	active	1012.0845652011948
2020-11-27	positive	new	-37.093560882191184
2020-11-27	positive	active	5254.347096782285
2020-11-27	infectious	new	-0.7009038985710845
2020-11-27	infectious	active	3048.0418357561953
2020-11-27	possymp	new	-34.09528169644261
2020-11-27	possymp	active	1283.7364702367547
2020-11-28	infections	start	305.39559073283084
2020-11-28	positive	start	304.8804679854508
2020-11-28	infectious	start	302.4521409456196
2020-11-28	symptoms	start	295.61589364203274
2020-11-28	infectious	end	299.1976110382322
2020-11-28	symptoms	end	300.5783098017426
2020-11-28	positive	end	332.4536442642645
2020-11-28	reported	end	174.09110805095165
2020-11-28	symptoms	new	-4.962416159709846
2020-11-28	symptoms	active	2953.563645184626
2020-11-28	presymp	new	9.264574343418076
2020-11-28	presymp	active	1021.3491395446129
2020-11-28	positive	new	-27.573176278813662
2020-11-28	positive	active	5226.773920503471
2020-11-28	infectious	new	3.2545299073873935
2020-11-28	infectious	active	3051.2963656635825
2020-11-28	possymp	new	-31.87533446252189
2020-11-28	possymp	active	1251.8611357742327
2020-11-29	infections	start	305.9768166106502
2020-11-29	positive	start	305.26751946087103
2020-11-29	infectious	start	304.54662081326296
2020-11-29	symptoms	start	299.8642551365742
2020-11-29	infectious	end	298.6938062858999
2020-11-29	symptoms	end	298.587935108768
2020-11-29	positive	end	325.34364613021984
2020-11-29	reported	end	144.35653863178084
2020-11-29	symptoms	new	1.2763200278061504
2020-11-29	symptoms	active	2954.8399652124317
2020-11-29	presymp	new	5.403264324296856
2020-11-29	presymp	active	1026.7524038689096
2020-11-29	positive	new	-20.07612666934881
2020-11-29	positive	active	5206.697793834122
2020-11-29	infectious	new	5.85281452736308
2020-11-29	infectious	active	3057.1491801909456
2020-11-29	possymp	new	-26.755711021451816
2020-11-29	possymp	active	1225.105424752781
2020-11-30	infections	start	307.6677981320187
2020-11-30	positive	start	305.2631095342901
2020-11-30	infectious	start	305.00895312928907
2020-11-30	symptoms	start	303.74493640447463
2020-11-30	infectious	end	296.05753796267675
2020-11-30	symptoms	end	297.90020506279933
2020-11-30	positive	end	317.31289255542555
2020-11-30	reported	end	390.38612108395216
2020-11-30	symptoms	new	5.844731341675299
2020-11-30	symptoms	active	2960.684696554107
2020-11-30	presymp	new	1.518173129815466
2020-11-30	presymp	active	1028.2705769987251
2020-11-30	positive	new	-12.049783021135454
2020-11-30	positive	active	5194.648010812987
2020-11-30	infectious	new	8.951415166612321
2020-11-30	infectious	active	3066.100595357558
2020-11-30	possymp	new	-19.41268749262622
2020-11-30	possymp	active	1205.6927372601547
2020-12-01	infections	start	309.4164414096546
2020-12-01	positive	start	305.8865373338625
2020-12-01	infectious	start	305.06541536838483
2020-12-01	symptoms	start	305.7666099459382
2020-12-01	infectious	end	292.4196157899513
2020-12-01	symptoms	end	296.9177474326738
2020-12-01	positive	end	309.24066373640426
2020-12-01	reported	end	334.27411105100083
2020-12-01	symptoms	new	8.848862513264407
2020-12-01	symptoms	active	2969.5335590673712
2020-12-01	presymp	new	0.11992738792429236
2020-12-01	presymp	active	1028.3905043866494
2020-12-01	positive	new	-3.3541264025417377
2020-12-01	positive	active	5191.293884410446
2020-12-01	infectious	new	12.645799578433525
2020-12-01	infectious	active	3078.7463949359917
2020-12-01	possymp	new	-12.322916303730437
2020-12-01	possymp	active	1193.3698209564243
2020-12-02	infections	start	309.68529722418384
2020-12-02	positive	start	307.58520485415715
2020-12-02	infectious	start	305.7094118743791
2020-12-02	symptoms	start	306.01395384715045
2020-12-02	infectious	end	290.35119559148427
2020-12-02	symptoms	end	294.37853205060145
2020-12-02	positive	end	301.92403525404944
2020-12-02	reported	end	356.3352432007082
2020-12-02	symptoms	new	11.635421796548997
2020-12-02	symptoms	active	2981.1689808639203
2020-12-02	presymp	new	1.5712510070067083
2020-12-02	presymp	active	1029.9617553936562
2020-12-02	positive	new	5.661169600107712
2020-12-02	positive	active	5196.955054010553
2020-12-02	infectious	new	15.35821628289483
2020-12-02	infectious	active	3094.1046112188865
2020-12-02	possymp	new	-7.545503203447993
2020-12-02	possymp	active	1185.8243177529762
2020-12-03	infections	start	308.1782549995335
2020-12-03	positive	start	309.32949519270073
2020-12-03	infectious	start	307.396680528754
2020-12-03	symptoms	start	305.66039543334244
2020-12-03	infectious	end	291.79094389216664
2020-12-03	symptoms	end	291.3365859510243
2020-12-03	positive	end	297.1633954138485
2020-12-03	reported	end	345.30467712585454
2020-12-03	symptoms	new	14.323809482318154
2020-12-03	symptoms	active	2995.4927903462385
2020-12-03	presymp	new	3.6690997593582892
2020-12-03	presymp	active	1033.6308551530144
2020-12-03	positive	new	12.166099778852242
2020-12-03	positive	active	5209.121153789405
2020-12-03	infectious	new	15.60573663658738
2020-12-03	infectious	active	3109.7103478554736
2020-12-03	possymp	new	-5.826809462824201
2020-12-03	possymp	active	1179.9975082901522
2020-12-04	infections	start	304.5841222281202
2020-12-04	positive	start	309.61681937567744
2020-12-04	infectious	start	309.131018780485
2020-12-04	symptoms	start	305.7904585510934
2020-12-04	infectious	end	296.1679505352468
2020-12-04	symptoms	end	289.8318231722566
2020-12-04	positive	end	295.3383653169993
2020-12-04	reported	end	322.2843653174642
2020-12-04	symptoms	new	15.958635378836846
2020-12-04	symptoms	active	3011.4514257250753
2020-12-04	presymp	new	3.8263608245840146
2020-12-04	presymp	active	1037.4572159775985
2020-12-04	positive	new	14.278454058678165
2020-12-04	positive	active	5223.399607848083
2020-12-04	infectious	new	12.963068245238219
2020-12-04	infectious	active	3122.673416100712
2020-12-04	possymp	new	-5.506542144742696
2020-12-04	possymp	active	1174.4909661454094
2020-12-05	infections	start	300.02324176978163
2020-12-05	positive	start	308.1752820603887
2020-12-05	infectious	start	309.4476647791038
2020-12-05	symptoms	start	307.0290144464345
2020-12-05	infectious	end	301.250016534395
2020-12-05	symptoms	end	291.367753448428
2020-12-05	positive	end	295.1169812515676
2020-12-05	reported	end	183.20331480843947
2020-12-05	symptoms	new	15.661260998006469
2020-12-05	symptoms	active	3027.112686723082
2020-12-05	presymp	new	1.146267613954251
2020-12-05	presymp	active	1038.6034835915527
2020-12-05	positive	new	13.058300808821116
2020-12-05	positive	active	5236.457908656905
2020-12-05	infectious	new	8.197648244708773
2020-12-05	infectious	active	3130.8710643454206
2020-12-05	possymp	new	-3.749227803139604
2020-12-05	possymp	active	1170.7417383422699
2020-12-06	infections	start	295.6616589230132
2020-12-06	positive	start	304.68817155107257
2020-12-06	infectious	start	308.0912349845791
2020-12-06	symptoms	start	308.54694787465496
2020-12-06	infectious	end	305.11983914924855
2020-12-06	symptoms	end	295.6579503177419
2020-12-06	positive	end	295.23433669358286
2020-12-06	reported	end	145.31571829046376
2020-12-06	symptoms	new	12.888997556913068
2020-12-06	symptoms	active	3040.001684279995
2020-12-06	presymp	new	-3.85877632358239
2020-12-06	presymp	active	1034.7447072679704
2020-12-06	positive	new	9.45383485748971
2020-12-06	positive	active	5245.911743514394
2020-12-06	infectious	new	2.9713958353305543
2020-12-06	infectious	active	3133.8424601807515
2020-12-06	possymp	new	0.4236136241590316
2020-12-06	possymp	active	1171.1653519664287
2020-12-07	infections	start	291.25597447806683
2020-12-07	positive	start	300.2430381708334
2020-12-07	infectious	start	304.7226375778948
2020-12-07	symptoms	start	308.9117973470233
2020-12-07	infectious	end	306.3833273505062
2020-12-07	symptoms	end	300.39558707354297
2020-12-07	positive	end	294.1840996156107
2020-12-07	reported	end	424.4369989671962
2020-12-07	symptoms	new	8.51621027348034
2020-12-07	symptoms	active	3048.5178945534753
2020-12-07	presymp	new	-8.668759176189894
2020-12-07	presymp	active	1026.0759480917804
2020-12-07	positive	new	6.05893855522271
2020-12-07	positive	active	5251.9706820696165
2020-12-07	infectious	new	-1.6606897726114198
2020-12-07	infectious	active	3132.18177040814
2020-12-07	possymp	new	6.2114874579322645
2020-12-07	possymp	active	1177.3768394243612
2020-12-08	infections	start	286.5955060293538
2020-12-08	positive	start	295.97090575354264
2020-12-08	infectious	start	300.3871524593878
2020-12-08	symptoms	start	307.7341527732127
2020-12-08	infectious	end	305.77345828486784
2020-12-08	symptoms	end	304.0594120869846
2020-12-08	positive	end	292.3769205384252
2020-12-08	reported	end	346.7434466138789
2020-12-08	symptoms	new	3.6747406862281196
2020-12-08	symptoms	active	3052.1926352397036
2020-12-08	presymp	new	-11.763247019670075
2020-12-08	presymp	active	1014.3127010721104
2020-12-08	positive	new	3.5939852151174136
2020-12-08	positive	active	5255.564667284734
2020-12-08	infectious	new	-5.386305825480065
2020-12-08	infectious	active	3126.79546458266
2020-12-08	possymp	new	11.68249154855937
2020-12-08	possymp	active	1189.0593309729204
2020-12-09	infections	start	281.1872719564587
2020-12-09	positive	start	291.61097743331317
2020-12-09	infectious	start	296.1845695725222
2020-12-09	symptoms	start	304.49192392465426
2020-12-09	infectious	end	305.1451821429916
2020-12-09	symptoms	end	305.5682317682097
2020-12-09	positive	end	291.39499884941984
2020-12-09	reported	end	373.12088722765947
2020-12-09	symptoms	new	-1.076307843555469
2020-12-09	symptoms	active	3051.116327396148
2020-12-09	presymp	new	-12.880946491341092
2020-12-09	presymp	active	1001.4317545807693
2020-12-09	positive	new	0.2159785838933317
2020-12-09	positive	active	5255.780645868627
2020-12-09	infectious	new	-8.96061257046938
2020-12-09	infectious	active	3117.8348520121904
2020-12-09	possymp	new	14.173232918789893
2020-12-09	possymp	active	1203.2325638917102
2020-12-10	infections	start	274.98989154615566
2020-12-10	positive	start	286.95971755225844
2020-12-10	infectious	start	291.8494699139378
2020-12-10	symptoms	start	300.12505126589593
2020-12-10	infectious	end	305.9305055385292
2020-12-10	symptoms	end	305.4218799431073
2020-12-10	positive	end	292.77499313505507
2020-12-10	reported	end	343.3863178084886
2020-12-10	symptoms	new	-5.2968286772113515
2020-12-10	symptoms	active	3045.8194987189368
2020-12-10	presymp	new	-13.165333713637494
2020-12-10	presymp	active	988.2664208671317
2020-12-10	positive	new	-5.81527558279663
2020-12-10	positive	active	5249.965370285831
2020-12-10	infectious	new	-14.08103562459138
2020-12-10	infectious	active	3103.753816387599
2020-12-10	possymp	new	12.646886808052216
2020-12-10	possymp	active	1215.8794506997626
2020-12-11	infections	start	268.4841363813036
2020-12-11	positive	start	281.5438535419738
2020-12-11	infectious	start	287.1992304050999
2020-12-11	symptoms	start	295.78165421991275
2020-12-11	infectious	end	308.6757338434814
2020-12-11	symptoms	end	305.5112845240661
2020-12-11	positive	end	296.5599216914349
2020-12-11	reported	end	325.161904293513
2020-12-11	symptoms	new	-9.729630304153375
2020-12-11	symptoms	active	3036.0898684147833
2020-12-11	presymp	new	-14.237800677938935
2020-12-11	presymp	active	974.0286201891928
2020-12-11	positive	new	-15.016068149461091
2020-12-11	positive	active	5234.94930213637
2020-12-11	infectious	new	-21.476503438381485
2020-12-11	infectious	active	3082.2773129492175
2020-12-11	possymp	new	8.951362832631219
2020-12-11	possymp	active	1224.8308135323937
2020-12-12	infections	start	262.129252811395
2020-12-12	positive	start	275.335170857792
2020-12-12	infectious	start	281.78320830482727
2020-12-12	symptoms	start	291.33562037432495
2020-12-12	infectious	end	311.59851014332855
2020-12-12	symptoms	end	306.68382675543427
2020-12-12	positive	end	300.92737933478713
2020-12-12	reported	end	202.38690798209805
2020-12-12	symptoms	new	-15.348206381109321
2020-12-12	symptoms	active	3020.741662033674
2020-12-12	presymp	new	-16.000449516532967
2020-12-12	presymp	active	958.0281706726598
2020-12-12	positive	new	-25.592208476995154
2020-12-12	positive	active	5209.357093659375
2020-12-12	infectious	new	-29.815301838501284
2020-12-12	infectious	active	3052.462011110716
2020-12-12	possymp	new	5.7564474206471345
2020-12-12	possymp	active	1230.5872609530409
2020-12-13	infections	start	257.5714516171086
2020-12-13	positive	start	268.8123351963463
2020-12-13	infectious	start	275.57947242324263
2020-12-13	symptoms	start	286.70343633147417
2020-12-13	infectious	end	312.7911554865057
2020-12-13	symptoms	end	309.4093248145708
2020-12-13	positive	end	304.65603091337283
2020-12-13	reported	end	157.78505385334185
2020-12-13	symptoms	new	-22.705888483096658
2020-12-13	symptoms	active	2998.0357735505772
2020-12-13	presymp	new	-17.891101135127883
2020-12-13	presymp	active	940.1370695375319
2020-12-13	positive	new	-35.84369571702655
2020-12-13	positive	active	5173.513397942348
2020-12-13	infectious	new	-37.21168306326308
2020-12-13	infectious	active	3015.250328047453
2020-12-13	possymp	new	4.753293901197992
2020-12-13	possymp	active	1235.340554854239
2020-12-14	infections	start	255.4878323820762
2020-12-14	positive	start	262.41985275788977
2020-12-14	infectious	start	269.0564630744745
2020-12-14	symptoms	start	281.45293851528817
2020-12-14	infectious	end	311.55567115040566
2020-12-14	symptoms	end	312.33053363334375
2020-12-14	positive	end	306.55355450451947
2020-12-14	reported	end	404.7738159641961
2020-12-14	symptoms	new	-30.87759511805558
2020-12-14	symptoms	active	2967.1581784325217
2020-12-14	presymp	new	-19.033085757398396
2020-12-14	presymp	active	921.1039837801336
2020-12-14	positive	new	-44.1337017466297
2020-12-14	positive	active	5129.379696195719
2020-12-14	infectious	new	-42.499208075931165
2020-12-14	infectious	active	2972.751119971522
2020-12-14	possymp	new	5.77697912882428
2020-12-14	possymp	active	1241.1175339830631
2020-12-15	infections	start	254.88233775472332
2020-12-15	positive	start	257.7907221126682
2020-12-15	infectious	start	262.63585193094514
2020-12-15	symptoms	start	275.4703795287234
2020-12-15	infectious	end	307.9995702332391
2020-12-15	symptoms	end	313.412536849817
2020-12-15	positive	end	306.72811857583514
2020-12-15	reported	end	368.3249889342448
2020-12-15	symptoms	new	-37.94215732109359
2020-12-15	symptoms	active	2929.2160211114283
2020-12-15	presymp	new	-17.679657416055193
2020-12-15	presymp	active	903.4243263640784
2020-12-15	positive	new	-48.93739646316692
2020-12-15	positive	active	5080.442299732552
2020-12-15	infectious	new	-45.36371830229399
2020-12-15	infectious	active	2927.387401669228
2020-12-15	possymp	new	6.684418273981862
2020-12-15	possymp	active	1247.801952257045
2020-12-16	infections	start	254.76447492028956
2020-12-16	positive	start	255.60197102320078
2020-12-16	infectious	start	257.93983402777025
2020-12-16	symptoms	start	269.0998228159706
2020-12-16	infectious	end	303.86870307313586
2020-12-16	symptoms	end	312.4057243379248
2020-12-16	positive	end	306.6221160997753
2020-12-16	reported	end	354.8964737126838
2020-12-16	symptoms	new	-43.30590152195424
2020-12-16	symptoms	active	2885.9101195894737
2020-12-16	presymp	new	-13.497851792769808
2020-12-16	presymp	active	889.9264745713085
2020-12-16	positive	new	-51.02014507657455
2020-12-16	positive	active	5029.4221546559775
2020-12-16	infectious	new	-45.928869045365616
2020-12-16	infectious	active	2881.4585326238625
2020-12-16	possymp	new	5.7836082381494975
2020-12-16	possymp	active	1253.5855604951946
2020-12-17	infections	start	254.54244692561244
2020-12-17	positive	start	254.87109704490607
2020-12-17	infectious	start	255.6540748870832
2020-12-17	symptoms	start	262.7241916902959
2020-12-17	infectious	end	300.19609793687573
2020-12-17	symptoms	end	309.27026185512153
2020-12-17	positive	end	307.00621149900786
2020-12-17	reported	end	310.2946195839276
2020-12-17	symptoms	new	-46.54607016482561
2020-12-17	symptoms	active	2839.3640494246483
2020-12-17	presymp	new	-7.853094645389859
2020-12-17	presymp	active	882.0733799259187
2020-12-17	positive	new	-52.135114454101796
2020-12-17	positive	active	4977.287040201875
2020-12-17	infectious	new	-44.54202304979253
2020-12-17	infectious	active	2836.91650957407
2020-12-17	possymp	new	2.264050356113671
2020-12-17	possymp	active	1255.8496108513082
2020-12-18	infections	start	255.03754526208786
2020-12-18	positive	start	254.62891110089487
2020-12-18	infectious	start	254.8144802398842
2020-12-18	symptoms	start	258.00405116650126
2020-12-18	infectious	end	296.6126890081092
2020-12-18	symptoms	end	305.2822900414905
2020-12-18	positive	end	308.6448847821281
2020-12-18	reported	end	293.02938572763486
2020-12-18	symptoms	new	-47.278238874989256
2020-12-18	symptoms	active	2792.085810549659
2020-12-18	presymp	new	-3.375140065606388
2020-12-18	presymp	active	878.6982398603124
2020-12-18	positive	new	-54.01597368123322
2020-12-18	positive	active	4923.271066520642
2020-12-18	infectious	new	-41.79820876822501
2020-12-18	infectious	active	2795.1183008058447
2020-12-18	possymp	new	-3.362594740637576
2020-12-18	possymp	active	1252.4870161106705
2020-12-19	infections	start	257.3562553181282
2020-12-19	positive	start	254.30273401731986
2020-12-19	infectious	start	254.47425534927171
2020-12-19	symptoms	start	255.70327265470956
2020-12-19	infectious	end	292.51545001316487
2020-12-19	symptoms	end	301.5756097385673
2020-12-19	positive	end	310.54443254205165
2020-12-19	reported	end	190.39716224856144
2020-12-19	symptoms	new	-45.87233708385776
2020-12-19	symptoms	active	2746.213473465801
2020-12-19	presymp	new	-1.400538637389701
2020-12-19	presymp	active	877.2977012229226
2020-12-19	positive	new	-56.24169852473179
2020-12-19	positive	active	4867.02936799591
2020-12-19	infectious	new	-38.04119466389315
2020-12-19	infectious	active	2757.077106141952
2020-12-19	possymp	new	-8.96882280348433
2020-12-19	possymp	active	1243.5181933071863
2020-12-20	infections	start	262.5996273884872
2020-12-20	positive	start	254.7205143376144
2020-12-20	infectious	start	254.07441728287395
2020-12-20	symptoms	start	254.92648725792398
2020-12-20	infectious	end	287.14002783618406
2020-12-20	symptoms	end	297.668383537332
2020-12-20	positive	end	310.9642854103266
2020-12-20	reported	end	153.46874538926866
2020-12-20	symptoms	new	-42.741896279407996
2020-12-20	symptoms	active	2703.4715771863935
2020-12-20	presymp	new	-0.20597292030959125
2020-12-20	presymp	active	877.091728302613
2020-12-20	positive	new	-56.243771072712235
2020-12-20	positive	active	4810.785596923198
2020-12-20	infectious	new	-33.06561055331011
2020-12-20	infectious	active	2724.0114955886415
2020-12-20	possymp	new	-13.295901872994648
2020-12-20	possymp	active	1230.2222914341917
2020-12-21	infections	start	269.1778241633572
2020-12-21	positive	start	256.9824856173949
2020-12-21	infectious	start	254.44079204817885
2020-12-21	symptoms	start	254.74048509126672
2020-12-21	infectious	end	280.42753396274105
2020-12-21	symptoms	end	293.08560691122483
2020-12-21	positive	end	309.5812146031668
2020-12-21	reported	end	398.53914818275706
2020-12-21	symptoms	new	-38.34512181995811
2020-12-21	symptoms	active	2665.126455366435
2020-12-21	presymp	new	2.24200052612818
2020-12-21	presymp	active	879.3337288287412
2020-12-21	positive	new	-52.59872898577191
2020-12-21	positive	active	4758.1868679374265
2020-12-21	infectious	new	-25.986741914562202
2020-12-21	infectious	active	2698.0247536740794
2020-12-21	possymp	new	-16.495607691941984
2020-12-21	possymp	active	1213.7266837422496
2020-12-22	infections	start	274.3210598016539
2020-12-22	positive	start	262.17884752312915
2020-12-22	infectious	start	256.6586414631547
2020-12-22	symptoms	start	254.52552012644836
2020-12-22	infectious	end	272.8131423617217
2020-12-22	symptoms	end	287.15701952332734
2020-12-22	positive	end	306.0707228323599
2020-12-22	reported	end	312.69256873063495
2020-12-22	symptoms	new	-32.63149939687898
2020-12-22	symptoms	active	2632.494955969556
2020-12-22	presymp	new	7.653327396680794
2020-12-22	presymp	active	886.987056225422
2020-12-22	positive	new	-43.89187530923073
2020-12-22	positive	active	4714.294992628195
2020-12-22	infectious	new	-16.154500898566994
2020-12-22	infectious	active	2681.870252775512
2020-12-22	possymp	new	-18.91370330903254
2020-12-22	possymp	active	1194.812980433217
2020-12-23	infections	start	277.3535693428928
2020-12-23	positive	start	268.7251374854106
2020-12-23	infectious	start	261.80317364856626
2020-12-23	symptoms	start	254.97411255067857
2020-12-23	infectious	end	265.5799417316602
2020-12-23	symptoms	end	279.9079429664349
2020-12-23	positive	end	301.551653856343
2020-12-23	reported	end	328.99862292824474
2020-12-23	symptoms	new	-24.933830415756347
2020-12-23	symptoms	active	2607.5611255537997
2020-12-23	presymp	new	13.751024934732015
2020-12-23	presymp	active	900.738081160154
2020-12-23	positive	new	-32.82651637093244
2020-12-23	positive	active	4681.468476257263
2020-12-23	infectious	new	-3.776768083093941
2020-12-23	infectious	active	2678.0934846924183
2020-12-23	possymp	new	-21.643710889908107
2020-12-23	possymp	active	1173.169269543309
2020-12-24	infections	start	277.58346856058574
2020-12-24	positive	start	273.8804985382983
2020-12-24	infectious	start	268.30526032126556
2020-12-24	symptoms	start	257.0963639589313
2020-12-24	infectious	end	260.85227978615063
2020-12-24	symptoms	end	272.26754665620314
2020-12-24	positive	end	297.1861364707763
2020-12-24	reported	end	216.29501303300054
2020-12-24	symptoms	new	-15.171182697271831
2020-12-24	symptoms	active	2592.389942856528
2020-12-24	presymp	new	16.78413457936699
2020-12-24	presymp	active	917.522215739521
2020-12-24	positive	new	-23.30563793247802
2020-12-24	positive	active	4658.162838324785
2020-12-24	infectious	new	7.452980535114932
2020-12-24	infectious	active	2685.546465227533
2020-12-24	possymp	new	-24.91858981457318
2020-12-24	possymp	active	1148.2506797287358
2020-12-25	infections	start	274.866950824074
2020-12-25	positive	start	276.99730682448416
2020-12-25	infectious	start	273.46525174011464
2020-12-25	symptoms	start	262.04805023553354
2020-12-25	infectious	end	258.8452240705068
2020-12-25	symptoms	end	265.0886655121563
2020-12-25	positive	end	292.721522262985
2020-12-25	reported	end	137.16269119165887
2020-12-25	symptoms	new	-3.040615276622759
2020-12-25	symptoms	active	2589.349327579905
2020-12-25	presymp	new	14.949256588950618
2020-12-25	presymp	active	932.4714723284716
2020-12-25	positive	new	-15.724215438500835
2020-12-25	positive	active	4642.438622886284
2020-12-25	infectious	new	14.62002766960785
2020-12-25	infectious	active	2700.1664928971413
2020-12-25	possymp	new	-27.632856750828694
2020-12-25	possymp	active	1120.617822977907
2020-12-26	infections	start	269.8733376539454
2020-12-26	positive	start	277.38600503221755
2020-12-26	infectious	start	276.6640369906161
2020-12-26	symptoms	start	268.4181204573726
2020-12-26	infectious	end	258.0311990930213
2020-12-26	symptoms	end	260.0034110266505
2020-12-26	positive	end	287.9575139843656
2020-12-26	reported	end	189.91757241922
2020-12-26	symptoms	new	8.414709430722098
2020-12-26	symptoms	active	2597.7640370106274
2020-12-26	presymp	new	8.967884574844959
2020-12-26	presymp	active	941.4393569033166
2020-12-26	positive	new	-10.571508952148065
2020-12-26	positive	active	4631.867113934136
2020-12-26	infectious	new	18.63283789759481
2020-12-26	infectious	active	2718.799330794736
2020-12-26	possymp	new	-27.954102957715122
2020-12-26	possymp	active	1092.663720020192
2020-12-27	infections	start	263.16981435014117
2020-12-27	positive	start	274.86740398385206
2020-12-27	infectious	start	277.2039742293867
2020-12-27	symptoms	start	273.6147681378424
2020-12-27	infectious	end	256.9895590409132
2020-12-27	symptoms	end	257.3652401141578
2020-12-27	positive	end	282.4342529018903
2020-12-27	reported	end	164.97890129346382
2020-12-27	symptoms	new	16.249528023684604
2020-12-27	symptoms	active	2614.013565034312
2020-12-27	presymp	new	1.252635846009639
2020-12-27	presymp	active	942.6919927493262
2020-12-27	positive	new	-7.566848918038261
2020-12-27	positive	active	4624.300265016098
2020-12-27	infectious	new	20.21441518847348
2020-12-27	infectious	active	2739.0137459832094
2020-12-27	possymp	new	-25.069012787732504
2020-12-27	possymp	active	1067.5947072324595
2020-12-28	infections	start	255.3972739316525
2020-12-28	positive	start	270.0564024812072
2020-12-28	infectious	start	274.8576331689061
2020-12-28	symptoms	start	276.9585700909831
2020-12-28	infectious	end	255.50939001946494
2020-12-28	symptoms	end	255.87257612023146
2020-12-28	positive	end	276.15034591288986
2020-12-28	reported	end	377.43719569173265
2020-12-28	symptoms	new	21.085993970751616
2020-12-28	symptoms	active	2635.0995590050634
2020-12-28	presymp	new	-6.902167609775859
2020-12-28	presymp	active	935.7898251395503
2020-12-28	positive	new	-6.093943431682646
2020-12-28	positive	active	4618.2063215844155
2020-12-28	infectious	new	19.348243149441146
2020-12-28	infectious	active	2758.3619891326507
2020-12-28	possymp	new	-20.277769792658404
2020-12-28	possymp	active	1047.3169374398012
2020-12-29	infections	start	247.95618395195777
2020-12-29	positive	start	263.4815835588741
2020-12-29	infectious	start	270.1850762211186
2020-12-29	symptoms	start	277.55835530033573
2020-12-29	infectious	end	255.11142987718685
2020-12-29	symptoms	end	254.61578070981653
2020-12-29	positive	end	269.6056890944444
2020-12-29	reported	end	354.8964737126838
2020-12-29	symptoms	new	22.9425745905192
2020-12-29	symptoms	active	2658.0421335955825
2020-12-29	presymp	new	-14.076771741461641
2020-12-29	presymp	active	921.7130533980887
2020-12-29	positive	new	-6.1241055355703224
2020-12-29	positive	active	4612.082216048845
2020-12-29	infectious	new	15.073646343931756
2020-12-29	infectious	active	2773.4356354765823
2020-12-29	possymp	new	-14.989908384627881
2020-12-29	possymp	active	1032.3270290551732
2020-12-30	infections	start	239.6107528547233
2020-12-30	positive	start	255.7827029401858
2020-12-30	infectious	start	263.69136520726033
2020-12-30	symptoms	start	275.0217369616431
2020-12-30	infectious	end	257.8978285821486
2020-12-30	symptoms	end	253.52114757992416
2020-12-30	positive	end	263.2475171723016
2020-12-30	reported	end	329.47821275758616
2020-12-30	symptoms	new	21.500589381718953
2020-12-30	symptoms	active	2679.5427229773018
2020-12-30	presymp	new	-19.239034021457314
2020-12-30	presymp	active	902.4740193766314
2020-12-30	positive	new	-7.4648142321158275
2020-12-30	positive	active	4604.617401816729
2020-12-30	infectious	new	5.793536625111756
2020-12-30	infectious	active	2779.229172101694
2020-12-30	possymp	new	-9.726369592377466
2020-12-30	possymp	active	1022.6006594627958
2020-12-31	infections	start	227.15559470982967
2020-12-31	positive	start	248.3870060303635
2020-12-31	infectious	start	256.03742404073023
2020-12-31	symptoms	start	269.9612727149304
2020-12-31	infectious	end	264.6460833225
2020-12-31	symptoms	end	254.0335935099359
2020-12-31	positive	end	258.70715610690615
2020-12-31	reported	end	248.90712142822014
2020-12-31	symptoms	new	15.927679204994462
2020-12-31	symptoms	active	2695.4704021822963
2020-12-31	presymp	new	-21.57426668456688
2020-12-31	presymp	active	880.8997526920646
2020-12-31	positive	new	-10.32015007654266
2020-12-31	positive	active	4594.297251740187
2020-12-31	infectious	new	-8.608659281769746
2020-12-31	infectious	active	2770.6205128199244
2020-12-31	possymp	new	-4.673562596970243
2020-12-31	possymp	active	1017.9270968658255
2021-01-01	infections	start	212.2281524518968
2021-01-01	positive	start	240.07797128856856
2021-01-01	infectious	start	248.6820809069467
2021-01-01	symptoms	start	263.08576629272227
2021-01-01	infectious	end	272.6723417791382
2021-01-01	symptoms	end	257.34611868293206
2021-01-01	positive	end	256.6714020229807
2021-01-01	reported	end	134.28515221561008
2021-01-01	symptoms	new	5.739647609790211
2021-01-01	symptoms	active	2701.2100497920865
2021-01-01	presymp	new	-23.007795004153706
2021-01-01	presymp	active	857.8919576879108
2021-01-01	positive	new	-16.593430734412152
2021-01-01	positive	active	4577.703821005774
2021-01-01	infectious	new	-23.9902608721915
2021-01-01	infectious	active	2746.630251947733
2021-01-01	possymp	new	0.6747166599513434
2021-01-01	possymp	active	1018.6018135257768
2021-01-02	infections	start	198.98159744078916
2021-01-02	positive	start	227.64920592819485
2021-01-02	infectious	start	240.42077401018653
2021-01-02	symptoms	start	255.19741372593833
2021-01-02	infectious	end	279.1392081115701
2021-01-02	symptoms	end	264.1809817738133
2021-01-02	positive	end	256.1869022078494
2021-01-02	reported	end	227.32557910785422
2021-01-02	symptoms	new	-8.983568047874968
2021-01-02	symptoms	active	2692.2264817442115
2021-01-02	presymp	new	-27.548207797743487
2021-01-02	presymp	active	830.3437498901674
2021-01-02	positive	new	-28.53769627965457
2021-01-02	positive	active	4549.16612472612
2021-01-02	infectious	new	-38.718434101383565
2021-01-02	infectious	active	2707.9118178463495
2021-01-02	possymp	new	7.994079565963887
2021-01-02	possymp	active	1026.5958930917407
2021-01-03	infections	start	188.12714692251794
2021-01-03	positive	start	212.7329053272478
2021-01-03	infectious	start	228.0427620305689
2021-01-03	symptoms	start	247.81742224317952
2021-01-03	infectious	end	283.13880810205444
2021-01-03	symptoms	end	272.5796018734837
2021-01-03	positive	end	256.31662565944544
2021-01-03	reported	end	187.51962327251266
2021-01-03	symptoms	new	-24.76217963030416
2021-01-03	symptoms	active	2667.4643021139073
2021-01-03	presymp	new	-35.084516915931715
2021-01-03	presymp	active	795.2592329742356
2021-01-03	positive	new	-43.58372033219763
2021-01-03	positive	active	4505.582404393922
2021-01-03	infectious	new	-55.096046071485546
2021-01-03	infectious	active	2652.815771774864
2021-01-03	possymp	new	16.262976214038247
2021-01-03	possymp	active	1042.858869305779
2021-01-04	infections	start	179.50366529064627
2021-01-04	positive	start	199.4761351525257
2021-01-04	infectious	start	213.1655672751668
2021-01-04	symptoms	start	239.75027176444175
2021-01-04	infectious	end	283.89014451397276
2021-01-04	symptoms	end	279.4022953661287
2021-01-04	positive	end	256.4914244003227
2021-01-04	reported	end	464.7225446318792
2021-01-04	symptoms	new	-39.65202360168698
2021-01-04	symptoms	active	2627.8122785122205
2021-01-04	presymp	new	-40.27413661191605
2021-01-04	presymp	active	754.9850963623196
2021-01-04	positive	new	-57.01528924779703
2021-01-04	positive	active	4448.567115146125
2021-01-04	infectious	new	-70.72457723880595
2021-01-04	infectious	active	2582.091194536058
2021-01-04	possymp	new	22.910870965805998
2021-01-04	possymp	active	1065.769740271585
2021-01-05	infections	start	172.4231361784425
2021-01-05	positive	start	188.57906103685804
2021-01-05	infectious	start	199.92102454174307
2021-01-05	symptoms	start	227.71089986314496
2021-01-05	infectious	end	281.60061738853864
2021-01-05	symptoms	end	283.7484766755685
2021-01-05	positive	end	257.5094898016215
2021-01-05	reported	end	359.6923720060984
2021-01-05	symptoms	new	-56.03757681242354
2021-01-05	symptoms	active	2571.774701699797
2021-01-05	presymp	new	-39.13183882628692
2021-01-05	presymp	active	715.8532575360326
2021-01-05	positive	new	-68.93042876476346
2021-01-05	positive	active	4379.636686381362
2021-01-05	infectious	new	-81.67959284679557
2021-01-05	infectious	active	2500.411601689262
2021-01-05	possymp	new	26.238986873947
2021-01-05	possymp	active	1092.008727145532
2021-01-06	infections	start	166.21183639102367
2021-01-06	positive	start	179.87816026450636
2021-01-06	infectious	start	188.9960373713414
2021-01-06	symptoms	start	213.17208716607863
2021-01-06	infectious	end	277.21625853964895
2021-01-06	symptoms	end	284.9546534551503
2021-01-06	positive	end	260.41278942537014
2021-01-06	reported	end	302.1415924851227
2021-01-06	symptoms	new	-71.7825662890717
2021-01-06	symptoms	active	2499.992135410725
2021-01-06	presymp	new	-33.29392690157226
2021-01-06	presymp	active	682.5593306344604
2021-01-06	positive	new	-80.53462916086377
2021-01-06	positive	active	4299.102057220498
2021-01-06	infectious	new	-88.22022116830755
2021-01-06	infectious	active	2412.1913805209547
2021-01-06	possymp	new	24.541864029780186
2021-01-06	possymp	active	1116.550591175312
2021-01-07	infections	start	159.53207220080242
2021-01-07	positive	start	172.69970104601603
2021-01-07	infectious	start	180.22625343311637
2021-01-07	symptoms	start	200.14030126517392
2021-01-07	infectious	end	271.60518325225837
2021-01-07	symptoms	end	283.1013740819004
2021-01-07	positive	end	266.2223669781356
2021-01-07	reported	end	277.682511188708
2021-01-07	symptoms	new	-82.9610728167265
2021-01-07	symptoms	active	2417.0310625939987
2021-01-07	presymp	new	-27.440600219157886
2021-01-07	presymp	active	655.1187304153025
2021-01-07	positive	new	-93.52266593211957
2021-01-07	positive	active	4205.579391288378
2021-01-07	infectious	new	-91.378929819142
2021-01-07	infectious	active	2320.812450701813
2021-01-07	possymp	new	16.87900710376482
2021-01-07	possymp	active	1133.429598279077
2021-01-08	infections	start	152.18227365187198
2021-01-08	positive	start	166.404953376643
2021-01-08	infectious	start	172.96138947306204
2021-01-08	symptoms	start	189.27134177743747
2021-01-08	infectious	end	265.5862270635652
2021-01-08	symptoms	end	279.1923371322889
2021-01-08	positive	end	273.24124655401926
2021-01-08	reported	end	248.90712142822014
2021-01-08	symptoms	new	-89.92099535485144
2021-01-08	symptoms	active	2327.110067239147
2021-01-08	presymp	new	-22.866388400794477
2021-01-08	presymp	active	632.252342014508
2021-01-08	positive	new	-106.83629317737626
2021-01-08	positive	active	4098.743098111002
2021-01-08	infectious	new	-92.62483759050318
2021-01-08	infectious	active	2228.1876131113095
2021-01-08	possymp	new	5.951090578269657
2021-01-08	possymp	active	1139.3806888573467
2021-01-09	infections	start	145.1537325806908
2021-01-09	positive	start	159.6901466340937
2021-01-09	infectious	start	166.61204413951344
2021-01-09	symptoms	start	180.55968583914378
2021-01-09	infectious	end	259.15761612899024
2021-01-09	symptoms	end	273.9959576708501
2021-01-09	positive	end	278.6037051031979
2021-01-09	reported	end	146.2748979491467
2021-01-09	symptoms	new	-93.4362718317063
2021-01-09	symptoms	active	2233.6737954074406
2021-01-09	presymp	new	-20.869539205050074
2021-01-09	presymp	active	611.382802809458
2021-01-09	positive	new	-118.9135584691042
2021-01-09	positive	active	3979.8295396418976
2021-01-09	infectious	new	-92.5455719894768
2021-01-09	infectious	active	2135.642041121833
2021-01-09	possymp	new	-4.607747432347821
2021-01-09	possymp	active	1134.7729414249989
2021-01-10	infections	start	139.41364735230027
2021-01-10	positive	start	152.351935507313
2021-01-10	infectious	start	159.90157327938306
2021-01-10	symptoms	start	173.59579282036134
2021-01-10	infectious	end	251.17096369724177
2021-01-10	symptoms	end	267.9777225486742
2021-01-10	positive	end	281.63727199846926
2021-01-10	reported	end	96.87714552697585
2021-01-10	symptoms	new	-94.38192972831285
2021-01-10	symptoms	active	2139.291865679128
2021-01-10	presymp	new	-21.243857313048352
2021-01-10	presymp	active	590.1389454964096
2021-01-10	positive	new	-129.28533649115627
2021-01-10	positive	active	3850.5442031507414
2021-01-10	infectious	new	-91.26939041785872
2021-01-10	infectious	active	2044.3726507039742
2021-01-10	possymp	new	-13.659549449795065
2021-01-10	possymp	active	1121.1133919752037
2021-01-11	infections	start	135.27166748314178
2021-01-11	positive	start	145.34671747525792
2021-01-11	infectious	start	152.59668959313362
2021-01-11	symptoms	start	167.79128840805672
2021-01-11	infectious	end	240.0200251070179
2021-01-11	symptoms	end	260.97178845225307
2021-01-11	positive	end	281.731974751453
2021-01-11	reported	end	325.64149412285445
2021-01-11	symptoms	new	-93.18050004419635
2021-01-11	symptoms	active	2046.1113656349316
2021-01-11	presymp	new	-22.444570932798797
2021-01-11	presymp	active	567.6943745636108
2021-01-11	positive	new	-136.38525727619506
2021-01-11	positive	active	3714.158945874546
2021-01-11	infectious	new	-87.42333551388427
2021-01-11	infectious	active	1956.94931519009
2021-01-11	possymp	new	-20.760186299199916
2021-01-11	possymp	active	1100.3532056760039
2021-01-12	infections	start	131.78906627643718
2021-01-12	positive	start	139.6132784487636
2021-01-12	infectious	start	145.61060155382637
2021-01-12	symptoms	start	161.62286466105945
2021-01-12	infectious	end	225.41185773482223
2021-01-12	symptoms	end	251.83565612487894
2021-01-12	positive	end	278.87047323053235
2021-01-12	reported	end	220.13173166773225
2021-01-12	symptoms	new	-90.21279146381949
2021-01-12	symptoms	active	1955.8985741711122
2021-01-12	presymp	new	-22.009586212295858
2021-01-12	presymp	active	545.684788351315
2021-01-12	positive	new	-139.25719478176876
2021-01-12	positive	active	3574.9017510927774
2021-01-12	infectious	new	-79.80125618099586
2021-01-12	infectious	active	1877.148059009094
2021-01-12	possymp	new	-27.034817105653417
2021-01-12	possymp	active	1073.3183885703504
2021-01-13	infections	start	128.08457183872173
2021-01-13	positive	start	135.4550579872914
2021-01-13	infectious	start	139.86758451846157
2021-01-13	symptoms	start	154.66798223792478
2021-01-13	infectious	end	211.01304099270766
2021-01-13	symptoms	end	240.05918602860595
2021-01-13	positive	end	273.8191670083201
2021-01-13	reported	end	208.6215757635371
2021-01-13	symptoms	new	-85.39120379068117
2021-01-13	symptoms	active	1870.507370380431
2021-01-13	presymp	new	-19.212924250633364
2021-01-13	presymp	active	526.4718641006816
2021-01-13	positive	new	-138.3641090210287
2021-01-13	positive	active	3436.537642071749
2021-01-13	infectious	new	-71.14545647424609
2021-01-13	infectious	active	1806.002602534848
2021-01-13	possymp	new	-33.75998097971416
2021-01-13	possymp	active	1039.5584075906363
2021-01-14	infections	start	123.28766927861868
2021-01-14	positive	start	131.9407423798216
2021-01-14	infectious	start	135.67471421497694
2021-01-14	symptoms	start	147.80507987251806
2021-01-14	infectious	end	200.65952871956935
2021-01-14	symptoms	end	225.967574493427
2021-01-14	positive	end	267.1535530509014
2021-01-14	reported	end	175.05028770963457
2021-01-14	symptoms	new	-78.16249462090894
2021-01-14	symptoms	active	1792.344875759522
2021-01-14	presymp	new	-15.864337492696478
2021-01-14	presymp	active	510.6075266079851
2021-01-14	positive	new	-135.2128106710798
2021-01-14	positive	active	3301.324831400669
2021-01-14	infectious	new	-64.9848145045924
2021-01-14	infectious	active	1741.0177880302554
2021-01-14	possymp	new	-41.185978557474385
2021-01-14	possymp	active	998.3724290331619
2021-01-15	infections	start	117.80545301245932
2021-01-15	positive	start	128.2048181611742
2021-01-15	infectious	start	132.11461741432055
2021-01-15	symptoms	start	142.02098951372787
2021-01-15	infectious	end	193.60542132666174
2021-01-15	symptoms	end	211.84637471725833
2021-01-15	positive	end	259.4763375648985
2021-01-15	reported	end	180.3257758323907
2021-01-15	symptoms	new	-69.82538520353046
2021-01-15	symptoms	active	1722.5194905559915
2021-01-15	presymp	new	-13.816171352553681
2021-01-15	presymp	active	496.7913552554314
2021-01-15	positive	new	-131.27151940372428
2021-01-15	positive	active	3170.053311996945
2021-01-15	infectious	new	-61.49080391234119
2021-01-15	infectious	active	1679.5269841179143
2021-01-15	possymp	new	-47.629962847640144
2021-01-15	possymp	active	950.7424661855217
2021-01-16	infections	start	112.91196874953435
2021-01-16	positive	start	123.39109051101414
2021-01-16	infectious	start	128.34218612266292
2021-01-16	symptoms	start	137.732301682934
2021-01-16	infectious	end	187.91033428278652
2021-01-16	symptoms	end	201.30449128730277
2021-01-16	positive	end	251.19612849989258
2021-01-16	reported	end	102.63222347907343
2021-01-16	symptoms	new	-63.57218960436876
2021-01-16	symptoms	active	1658.9473009516228
2021-01-16	presymp	new	-14.341211171919866
2021-01-16	presymp	active	482.45014408351153
2021-01-16	positive	new	-127.80503798887844
2021-01-16	positive	active	3042.2482740080663
2021-01-16	infectious	new	-59.5681481601236
2021-01-16	infectious	active	1619.9588359577906
2021-01-16	possymp	new	-49.891637212589814
2021-01-16	possymp	active	900.8508289729319
2021-01-17	infections	start	109.03542560233625
2021-01-17	positive	start	117.90751670481448
2021-01-17	infectious	start	123.51514465175389
2021-01-17	symptoms	start	134.1361979502277
2021-01-17	infectious	end	182.21655505405198
2021-01-17	symptoms	end	194.14404478607818
2021-01-17	positive	end	241.9026519930746
2021-01-17	reported	end	69.0609354251709
2021-01-17	symptoms	new	-60.00784683585047
2021-01-17	symptoms	active	1598.9394541157724
2021-01-17	presymp	new	-16.228681245413227
2021-01-17	presymp	active	466.2214628380983
2021-01-17	positive	new	-123.99513528826013
2021-01-17	positive	active	2918.2531387198064
2021-01-17	infectious	new	-58.701410402298094
2021-01-17	infectious	active	1561.2574255554925
2021-01-17	possymp	new	-47.75860720699643
2021-01-17	possymp	active	853.0922217659355
2021-01-18	infections	start	106.61234412163324
2021-01-18	positive	start	113.01298956515795
2021-01-18	infectious	start	118.0329195991225
2021-01-18	symptoms	start	130.42844605169702
2021-01-18	infectious	end	174.93371330256986
2021-01-18	symptoms	end	187.9958126793701
2021-01-18	positive	end	231.0596351048317
2021-01-18	reported	end	253.2234298922933
2021-01-18	symptoms	new	-57.56736662767307
2021-01-18	symptoms	active	1541.3720874880992
2021-01-18	presymp	new	-17.41545648653907
2021-01-18	presymp	active	448.80600635155923
2021-01-18	positive	new	-118.04664553967375
2021-01-18	positive	active	2800.2064931801324
2021-01-18	infectious	new	-56.90079370344736
2021-01-18	infectious	active	1504.3566318520452
2021-01-18	possymp	new	-43.06382242546161
2021-01-18	possymp	active	810.0283993404739
2021-01-19	infections	start	105.06220090558506
2021-01-19	positive	start	109.11799379618066
2021-01-19	infectious	start	113.13169466602271
2021-01-19	symptoms	start	125.67964567111007
2021-01-19	infectious	end	166.42327378591375
2021-01-19	symptoms	end	181.89171284573968
2021-01-19	positive	end	218.08918775330116
2021-01-19	reported	end	176.96864702700043
2021-01-19	symptoms	new	-56.21206717462961
2021-01-19	symptoms	active	1485.1600203134697
2021-01-19	presymp	new	-16.56165187492941
2021-01-19	presymp	active	432.24435447662984
2021-01-19	positive	new	-108.9711939571205
2021-01-19	positive	active	2691.235299223012
2021-01-19	infectious	new	-53.29157911989104
2021-01-19	infectious	active	1451.065052732154
2021-01-19	possymp	new	-36.197474907561485
2021-01-19	possymp	active	773.8309244329124
2021-01-20	infections	start	103.4685777574449
2021-01-20	positive	start	106.65418333435727
2021-01-20	infectious	start	109.20547357304842
2021-01-20	symptoms	start	120.17230651408757
2021-01-20	infectious	end	158.44947540675275
2021-01-20	symptoms	end	174.61096563337776
2021-01-20	positive	end	204.58381637589224
2021-01-20	reported	end	178.88700634436628
2021-01-20	symptoms	new	-54.43865911929019
2021-01-20	symptoms	active	1430.7213611941795
2021-01-20	presymp	new	-13.518123179730296
2021-01-20	presymp	active	418.7262312968995
2021-01-20	positive	new	-97.92963304153497
2021-01-20	positive	active	2593.305666181477
2021-01-20	infectious	new	-49.24400183370433
2021-01-20	infectious	active	1401.8210508984498
2021-01-20	possymp	new	-29.97285074251448
2021-01-20	possymp	active	743.858073690398
2021-01-21	infections	start	101.76941872625969
2021-01-21	positive	start	105.05254506798715
2021-01-21	infectious	start	106.68871108797948
2021-01-21	symptoms	start	115.10570802736805
2021-01-21	infectious	end	152.48247251727395
2021-01-21	symptoms	end	166.4474844925317
2021-01-21	positive	end	194.03298731659874
2021-01-21	reported	end	169.77479958687846
2021-01-21	symptoms	new	-51.34177646516363
2021-01-21	symptoms	active	1379.3795847290157
2021-01-21	presymp	new	-10.053162959380899
2021-01-21	presymp	active	408.67306833751866
2021-01-21	positive	new	-88.98044224861158
2021-01-21	positive	active	2504.3252239328654
2021-01-21	infectious	new	-45.79376142929446
2021-01-21	infectious	active	1356.0272894691554
2021-01-21	possymp	new	-27.58550282406705
2021-01-21	possymp	active	716.2725708663309
2021-01-22	infections	start	99.88477899942195
2021-01-22	positive	start	103.41828786373907
2021-01-22	infectious	start	105.03199685923526
2021-01-22	symptoms	start	110.93384351349796
2021-01-22	infectious	end	148.50669441698523
2021-01-22	symptoms	end	158.8929114725056
2021-01-22	positive	end	186.4999242861727
2021-01-22	reported	end	145.31571829046376
2021-01-22	symptoms	new	-47.95906795900764
2021-01-22	symptoms	active	1331.4205167700081
2021-01-22	presymp	new	-7.515555649758895
2021-01-22	presymp	active	401.1575126877598
2021-01-22	positive	new	-83.08163642243363
2021-01-22	positive	active	2421.243587510432
2021-01-22	infectious	new	-43.47469755774996
2021-01-22	infectious	active	1312.5525919114054
2021-01-22	possymp	new	-27.607012813667097
2021-01-22	possymp	active	688.6655580526638
2021-01-23	infections	start	98.09154492309105
2021-01-23	positive	start	101.7064238114419
2021-01-23	infectious	start	103.36397053212207
2021-01-23	symptoms	start	108.20841962976678
2021-01-23	infectious	end	145.11013134598042
2021-01-23	symptoms	end	153.0234654843049
2021-01-23	positive	end	180.1571310500315
2021-01-23	reported	end	69.0609354251709
2021-01-23	symptoms	new	-44.81504585453811
2021-01-23	symptoms	active	1286.60547091547
2021-01-23	presymp	new	-6.501995818324886
2021-01-23	presymp	active	394.65551686943485
2021-01-23	positive	new	-78.4507072385896
2021-01-23	positive	active	2342.792880271842
2021-01-23	infectious	new	-41.74616081385835
2021-01-23	infectious	active	1270.8064310975471
2021-01-23	possymp	new	-27.133665565726602
2021-01-23	possymp	active	661.5318924869372
2021-01-24	infections	start	96.64826134706234
2021-01-24	positive	start	99.8374674603579
2021-01-24	infectious	start	101.6516178762185
2021-01-24	symptoms	start	106.47141577894924
2021-01-24	infectious	end	140.7277709575185
2021-01-24	symptoms	end	148.8756325573049
2021-01-24	positive	end	174.38347267703995
2021-01-24	reported	end	54.1936507155855
2021-01-24	symptoms	new	-42.40421677835566
2021-01-24	symptoms	active	1244.2012541371143
2021-01-24	presymp	new	-6.633948318591337
2021-01-24	presymp	active	388.02156855084354
2021-01-24	positive	new	-74.54600521668205
2021-01-24	positive	active	2268.24687505516
2021-01-24	infectious	new	-39.07615308129999
2021-01-24	infectious	active	1231.730278016247
2021-01-24	possymp	new	-25.50784011973505
2021-01-24	possymp	active	636.0240523672021
2021-01-25	infections	start	95.43456189490544
2021-01-25	positive	start	98.07331023916517
2021-01-25	infectious	start	99.80548718950972
2021-01-25	symptoms	start	104.85053274296105
2021-01-25	infectious	end	134.48111816972255
2021-01-25	symptoms	end	144.99651486199124
2021-01-25	positive	end	167.8901957357626
2021-01-25	reported	end	175.05028770963457
2021-01-25	symptoms	new	-40.145982119030194
2021-01-25	symptoms	active	1204.0552720180842
2021-01-25	presymp	new	-6.777222503795883
2021-01-25	presymp	active	381.24434604704766
2021-01-25	positive	new	-69.81688549659744
2021-01-25	positive	active	2198.4299895585627
2021-01-25	infectious	new	-34.67563098021283
2021-01-25	infectious	active	1197.0546470360343
2021-01-25	possymp	new	-22.89368087377136
2021-01-25	possymp	active	613.1303714934307
2021-01-26	infections	start	94.34208122751397
2021-01-26	positive	start	96.65609960301923
2021-01-26	infectious	start	98.06723742152654
2021-01-26	symptoms	start	103.22703949230338
2021-01-26	infectious	end	127.51405129364612
2021-01-26	symptoms	end	140.29275661997653
2021-01-26	positive	end	160.51537286235043
2021-01-26	reported	end	118.93827767668323
2021-01-26	symptoms	new	-37.06571712767315
2021-01-26	symptoms	active	1166.989554890411
2021-01-26	presymp	new	-6.570939889284148
2021-01-26	presymp	active	374.6734061577635
2021-01-26	positive	new	-63.859273259331204
2021-01-26	positive	active	2134.5707162992317
2021-01-26	infectious	new	-29.446813872119577
2021-01-26	infectious	active	1167.6078331639146
2021-01-26	possymp	new	-20.222616242373903
2021-01-26	possymp	active	592.9077552510569
2021-01-27	infections	start	92.86197445047893
2021-01-27	positive	start	95.45768580979079
2021-01-27	infectious	start	96.66543211462871
2021-01-27	symptoms	start	101.41689894186726
2021-01-27	infectious	end	121.4232847610858
2021-01-27	symptoms	end	134.08243890526379
2021-01-27	positive	end	153.3138886393118
2021-01-27	reported	end	136.20351153297594
2021-01-27	symptoms	new	-32.665539963396526
2021-01-27	symptoms	active	1134.3240149270146
2021-01-27	presymp	new	-5.959213132076471
2021-01-27	presymp	active	368.71419302568705
2021-01-27	positive	new	-57.856202829521024
2021-01-27	positive	active	2076.7145134697103
2021-01-27	infectious	new	-24.75785264645708
2021-01-27	infectious	active	1142.8499805174577
2021-01-27	possymp	new	-19.231449734048027
2021-01-27	possymp	active	573.6763055170088
2021-01-28	infections	start	90.73600204809584
2021-01-28	positive	start	94.37276811757353
2021-01-28	infectious	start	95.46925497413321
2021-01-28	symptoms	start	99.61310721122256
2021-01-28	infectious	end	117.01691276676267
2021-01-28	symptoms	end	127.20763555653535
2021-01-28	positive	end	147.31465583014364
2021-01-28	reported	end	123.2545861407564
2021-01-28	symptoms	new	-27.594528345312796
2021-01-28	symptoms	active	1106.7294865817016
2021-01-28	presymp	new	-5.240339093649027
2021-01-28	presymp	active	363.473853932038
2021-01-28	positive	new	-52.94188771257011
2021-01-28	positive	active	2023.7726257571403
2021-01-28	infectious	new	-21.547657792629465
2021-01-28	infectious	active	1121.3023227248282
2021-01-28	possymp	new	-20.107020273608285
2021-01-28	possymp	active	553.5692852434006
2021-01-29	infections	start	88.24475052263574
2021-01-29	positive	start	92.90135940465667
2021-01-29	infectious	start	94.38354137914489
2021-01-29	symptoms	start	98.07284546151864
2021-01-29	infectious	end	114.5341495375058
2021-01-29	symptoms	end	121.36085463942963
2021-01-29	positive	end	142.85461641736185
2021-01-29	reported	end	107.42812177248807
2021-01-29	symptoms	new	-23.288009177910993
2021-01-29	symptoms	active	1083.4414774037907
2021-01-29	presymp	new	-5.171486056861966
2021-01-29	presymp	active	358.30236787517606
2021-01-29	positive	new	-49.95325701270518
2021-01-29	positive	active	1973.8193687444352
2021-01-29	infectious	new	-20.15060815836091
2021-01-29	infectious	active	1101.1517145664673
2021-01-29	possymp	new	-21.49376177793222
2021-01-29	possymp	active	532.0755234654683
2021-01-30	infections	start	85.66925791107467
2021-01-30	positive	start	90.78971733165245
2021-01-30	infectious	start	92.91864686745878
2021-01-30	symptoms	start	96.7360159541004
2021-01-30	infectious	end	112.85650476077758
2021-01-30	symptoms	end	116.9924552426001
2021-01-30	positive	end	138.96876264357672
2021-01-30	reported	end	60.907908326366005
2021-01-30	symptoms	new	-20.256439288499706
2021-01-30	symptoms	active	1063.185038115291
2021-01-30	presymp	new	-5.946298622447941
2021-01-30	presymp	active	352.3560692527281
2021-01-30	positive	new	-48.17904531192427
2021-01-30	positive	active	1925.640323432511
2021-01-30	infectious	new	-19.937857893318807
2021-01-30	infectious	active	1081.2138566731485
2021-01-30	possymp	new	-21.976307400976623
2021-01-30	possymp	active	510.0992160644917
2021-01-31	infections	start	83.61269871094851
2021-01-31	positive	start	88.31544907167385
2021-01-31	infectious	start	90.82165293886769
2021-01-31	symptoms	start	95.55145060725208
2021-01-31	infectious	end	110.98635873850999
2021-01-31	symptoms	end	114.34805021478218
2021-01-31	positive	end	134.78310909966623
2021-01-31	reported	end	58.50995917965868
2021-01-31	symptoms	new	-18.796599607530098
2021-01-31	symptoms	active	1044.3884385077608
2021-01-31	presymp	new	-7.236001535578225
2021-01-31	presymp	active	345.1200677171499
2021-01-31	positive	new	-46.46766002799238
2021-01-31	positive	active	1879.1726634045185
2021-01-31	infectious	new	-20.164705799642306
2021-01-31	infectious	active	1061.049150873506
2021-01-31	possymp	new	-20.435058884884057
2021-01-31	possymp	active	489.6641571796077
2021-02-01	infections	start	82.2151707726813
2021-02-01	positive	start	85.752344115048
2021-02-01	infectious	start	88.36441774216466
2021-02-01	symptoms	start	94.03063197519363
2021-02-01	infectious	end	108.78298227475995
2021-02-01	symptoms	end	112.61800944886802
2021-02-01	positive	end	129.45329716876864
2021-02-01	reported	end	151.07079624256136
2021-02-01	symptoms	new	-18.587377473674394
2021-02-01	symptoms	active	1025.8010610340864
2021-02-01	presymp	new	-8.278287860145625
2021-02-01	presymp	active	336.84177985700427
2021-02-01	positive	new	-43.70095305372064
2021-02-01	positive	active	1835.4717103507978
2021-02-01	infectious	new	-20.418564532595283
2021-02-01	infectious	active	1040.630586340911
2021-02-01	possymp	new	-16.83528771990062
2021-02-01	possymp	active	472.82886945970705
2021-02-02	infections	start	81.0678658960408
2021-02-02	positive	start	83.69748020531793
2021-02-02	infectious	start	85.81127159319271
2021-02-02	symptoms	start	91.88940412237245
2021-02-02	infectious	end	106.32056646346948
2021-02-02	symptoms	end	110.71662853682031
2021-02-02	positive	end	123.46627633354639
2021-02-02	reported	end	117.01991835931736
2021-02-02	symptoms	new	-18.827224414447855
2021-02-02	symptoms	active	1006.9738366196386
2021-02-02	presymp	new	-8.191923917054524
2021-02-02	presymp	active	328.6498559399497
2021-02-02	positive	new	-39.76879612822846
2021-02-02	positive	active	1795.7029142225695
2021-02-02	infectious	new	-20.50929487027676
2021-02-02	infectious	active	1020.121291470634
2021-02-02	possymp	new	-12.74964779672608
2021-02-02	possymp	active	460.07922166298096
2021-02-03	infections	start	79.76602055632162
2021-02-03	positive	start	82.29003380422692
2021-02-03	infectious	start	83.75392417266936
2021-02-03	symptoms	start	89.36263035274763
2021-02-03	infectious	end	104.10732737779776
2021-02-03	symptoms	end	108.61540598924825
2021-02-03	positive	end	118.18081610738767
2021-02-03	reported	end	122.29540648207347
2021-02-03	symptoms	new	-19.252775636500616
2021-02-03	symptoms	active	987.721060983138
2021-02-03	presymp	new	-7.072596548520707
2021-02-03	presymp	active	321.57725939142904
2021-02-03	positive	new	-35.89078230316075
2021-02-03	positive	active	1759.8121319194088
2021-02-03	infectious	new	-20.3534032051284
2021-02-03	infectious	active	999.7678882655057
2021-02-03	possymp	new	-9.565410118139425
2021-02-03	possymp	active	450.51381154484153
2021-02-04	infections	start	78.14701758617589
2021-02-04	positive	start	81.12587586306626
2021-02-04	infectious	start	82.33343287907873
2021-02-04	symptoms	start	86.70197490208163
2021-02-04	infectious	end	102.42992930010757
2021-02-04	symptoms	end	106.3469158372639
2021-02-04	positive	end	114.03475898025103
2021-02-04	reported	end	94.95878620961
2021-02-04	symptoms	new	-19.644940935182262
2021-02-04	symptoms	active	968.0761200479558
2021-02-04	presymp	new	-5.576099039015375
2021-02-04	presymp	active	316.00116035241365
2021-02-04	positive	new	-32.90888311718477
2021-02-04	positive	active	1726.903248802224
2021-02-04	infectious	new	-20.096496421028846
2021-02-04	infectious	active	979.6713918444768
2021-02-04	possymp	new	-7.687843142987134
2021-02-04	possymp	active	442.8259684018544
2021-02-05	infections	start	76.58632027127592
2021-02-05	positive	start	79.808519155658
2021-02-05	infectious	start	81.15311190331151
2021-02-05	symptoms	start	84.5208184732346
2021-02-05	infectious	end	101.20167561735997
2021-02-05	symptoms	end	104.30092275655302
2021-02-05	positive	end	111.45681405860259
2021-02-05	reported	end	103.59140313775636
2021-02-05	symptoms	new	-19.780104283318423
2021-02-05	symptoms	active	948.2960157646373
2021-02-05	presymp	new	-4.712299317576594
2021-02-05	presymp	active	311.28886103483705
2021-02-05	positive	new	-31.648294902944585
2021-02-05	positive	active	1695.2549538992794
2021-02-05	infectious	new	-20.048563714048456
2021-02-05	infectious	active	959.6228281304284
2021-02-05	possymp	new	-7.155891302049568
2021-02-05	possymp	active	435.6700770998048
2021-02-06	infections	start	75.47926044754414
2021-02-06	positive	start	78.18148303079458
2021-02-06	infectious	start	79.82638077117264
2021-02-06	symptoms	start	83.0062760716747
2021-02-06	infectious	end	100.05000869230071
2021-02-06	symptoms	end	102.76691631640784
2021-02-06	positive	end	109.80752992796894
2021-02-06	reported	end	60.42831849702454
2021-02-06	symptoms	new	-19.76064024473314
2021-02-06	symptoms	active	928.5353755199042
2021-02-06	presymp	new	-4.824793040880124
2021-02-06	presymp	active	306.4640679939569
2021-02-06	positive	new	-31.626046897174362
2021-02-06	positive	active	1663.628907002105
2021-02-06	infectious	new	-20.22362792112807
2021-02-06	infectious	active	939.3992002093003
2021-02-06	possymp	new	-7.040613611561099
2021-02-06	possymp	active	428.62946348824374
2021-02-07	infections	start	75.21710102856791
2021-02-07	positive	start	76.61912591305743
2021-02-07	infectious	start	78.19997559879376
2021-02-07	symptoms	start	81.7977295557123
2021-02-07	infectious	end	98.23533629841316
2021-02-07	symptoms	end	101.49087437136033
2021-02-07	positive	end	108.10164435986856
2021-02-07	reported	end	47.479393104805
2021-02-07	symptoms	new	-19.69314481564804
2021-02-07	symptoms	active	908.8422307042562
2021-02-07	presymp	new	-5.178603642654863
2021-02-07	presymp	active	301.28546435130204
2021-02-07	positive	new	-31.482518446811127
2021-02-07	positive	active	1632.146388555294
2021-02-07	infectious	new	-20.035360699619403
2021-02-07	infectious	active	919.3638395096808
2021-02-07	possymp	new	-6.610769988508224
2021-02-07	possymp	active	422.0186934997355
2021-02-08	infections	start	75.67100571327705
2021-02-08	positive	start	75.51007775994265
2021-02-08	infectious	start	76.64254900752594
2021-02-08	symptoms	start	80.50308782499111
2021-02-08	infectious	end	95.56903366098656
2021-02-08	symptoms	end	100.20384936414739
2021-02-08	positive	end	106.25660002623165
2021-02-08	reported	end	139.08105050902472
2021-02-08	symptoms	new	-19.700761539156275
2021-02-08	symptoms	active	889.1414691650999
2021-02-08	presymp	new	-4.993010065048466
2021-02-08	presymp	active	296.2924542862536
2021-02-08	positive	new	-30.746522266289006
2021-02-08	positive	active	1601.3998662890049
2021-02-08	infectious	new	-18.92648465346062
2021-02-08	infectious	active	900.4373548562203
2021-02-08	possymp	new	-6.052750662084264
2021-02-08	possymp	active	415.96594283765126
2021-02-09	infections	start	76.2993876666904
2021-02-09	positive	start	75.23894228800047
2021-02-09	infectious	start	75.53341694686351
2021-02-09	symptoms	start	78.92729182244531
2021-02-09	infectious	end	92.41426219613024
2021-02-09	symptoms	end	98.30787898758658
2021-02-09	positive	end	104.17982432716944
2021-02-09	reported	end	108.387301431171
2021-02-09	symptoms	new	-19.380587165141264
2021-02-09	symptoms	active	869.7608819999587
2021-02-09	presymp	new	-3.688349534444839
2021-02-09	presymp	active	292.60410475180873
2021-02-09	positive	new	-28.94088203916897
2021-02-09	positive	active	1572.4589842498358
2021-02-09	infectious	new	-16.880845249266727
2021-02-09	infectious	active	883.5565096069536
2021-02-09	possymp	new	-5.871945339582865
2021-02-09	possymp	active	410.0939974980684
2021-02-10	infections	start	76.87596465847759
2021-02-10	positive	start	75.67599089700288
2021-02-10	infectious	start	75.25044727613363
2021-02-10	symptoms	start	77.38351547247942
2021-02-10	infectious	end	89.38756653170158
2021-02-10	symptoms	end	95.6033036686185
2021-02-10	positive	end	102.1568267095025
2021-02-10	reported	end	86.32616928146363
2021-02-10	symptoms	new	-18.219788196139078
2021-02-10	symptoms	active	851.5410938038195
2021-02-10	presymp	new	-1.7075245754765405
2021-02-10	presymp	active	290.89658017633224
2021-02-10	positive	new	-26.48083581249962
2021-02-10	positive	active	1545.9781484373364
2021-02-10	infectious	new	-14.137119255567953
2021-02-10	infectious	active	869.4193903513856
2021-02-10	possymp	new	-6.553523040884002
2021-02-10	possymp	active	403.54047445718436
2021-02-11	infections	start	77.16928920008185
2021-02-11	positive	start	76.28714510073902
2021-02-11	infectious	start	75.66737484824115
2021-02-11	symptoms	start	76.22859834682062
2021-02-11	infectious	end	87.22343992337623
2021-02-11	symptoms	end	92.58515436061477
2021-02-11	positive	end	100.45643435426538
2021-02-11	reported	end	97.35673535631732
2021-02-11	symptoms	new	-16.356556013794147
2021-02-11	symptoms	active	835.1845377900254
2021-02-11	presymp	new	0.05854675391840658
2021-02-11	presymp	active	290.95512693025063
2021-02-11	positive	new	-24.169289253526358
2021-02-11	positive	active	1521.80885918381
2021-02-11	infectious	new	-11.55606507513508
2021-02-11	infectious	active	857.8633252762505
2021-02-11	possymp	new	-7.871279993650617
2021-02-11	possymp	active	395.66919446353376
2021-02-12	infections	start	77.27595373050806
2021-02-12	positive	start	76.85666226396594
2021-02-12	infectious	start	76.26190648184026
2021-02-12	symptoms	start	75.87436838600212
2021-02-12	infectious	end	85.85005696766288
2021-02-12	symptoms	end	89.68074142104464
2021-02-12	positive	end	98.95814411587702
2021-02-12	reported	end	73.85683371858555
2021-02-12	symptoms	new	-13.806373035042526
2021-02-12	symptoms	active	821.3781647549829
2021-02-12	presymp	new	0.9822938779638264
2021-02-12	presymp	active	291.9374208082144
2021-02-12	positive	new	-22.101481851911075
2021-02-12	positive	active	1499.707377331899
2021-02-12	infectious	new	-9.588150485822624
2021-02-12	infectious	active	848.2751747904279
2021-02-12	possymp	new	-9.277402694832375
2021-02-12	possymp	active	386.3917917687014
2021-02-13	infections	start	77.52887221788679
2021-02-13	positive	start	77.15789010641903
2021-02-13	infectious	start	76.8288741754246
2021-02-13	symptoms	start	76.24893578124407
2021-02-13	infectious	end	84.5865867265575
2021-02-13	symptoms	end	87.46580288976209
2021-02-13	positive	end	97.56569015238074
2021-02-13	reported	end	51.316111739536716
2021-02-13	symptoms	new	-11.216867108518016
2021-02-13	symptoms	active	810.1612976464648
2021-02-13	presymp	new	0.9089543251749603
2021-02-13	presymp	active	292.8463751333894
2021-02-13	positive	new	-20.407800045961707
2021-02-13	positive	active	1479.2995772859372
2021-02-13	infectious	new	-7.757712551132897
2021-02-13	infectious	active	840.517462239295
2021-02-13	possymp	new	-10.099887262618651
2021-02-13	possymp	active	376.29190450608274
2021-02-14	infections	start	78.0460279438187
2021-02-14	positive	start	77.28211498126632
2021-02-14	infectious	start	77.1426449170757
2021-02-14	symptoms	start	76.8624521367856
2021-02-14	infectious	end	82.90894271646738
2021-02-14	symptoms	end	85.92013978289647
2021-02-14	positive	end	95.78012943615327
2021-02-14	reported	end	42.20390498204888
2021-02-14	symptoms	new	-9.057687646110864
2021-02-14	symptoms	active	801.103610000354
2021-02-14	presymp	new	0.4196628444807118
2021-02-14	presymp	active	293.2660379778701
2021-02-14	positive	new	-18.498014454886956
2021-02-14	positive	active	1460.8015628310502
2021-02-14	infectious	new	-5.76629779939168
2021-02-14	infectious	active	834.7511644399033
2021-02-14	possymp	new	-9.859989653256804
2021-02-14	possymp	active	366.4319148528259
2021-02-15	infections	start	78.95427064895438
2021-02-15	positive	start	77.55077746971153
2021-02-15	infectious	start	77.28453261981511
2021-02-15	symptoms	start	77.49323834686389
2021-02-15	infectious	end	80.84008595502817
2021-02-15	symptoms	end	84.48302121166773
2021-02-15	positive	end	93.36396714266728
2021-02-15	reported	end	105.98935228446368
2021-02-15	symptoms	new	-6.989782864803843
2021-02-15	symptoms	active	794.1138271355502
2021-02-15	presymp	new	0.0575391228476434
2021-02-15	presymp	active	293.3235771007178
2021-02-15	positive	new	-15.813189672955744
2021-02-15	positive	active	1444.9883731580944
2021-02-15	infectious	new	-3.5555533352130624
2021-02-15	infectious	active	831.1956111046902
2021-02-15	possymp	new	-8.880945930999545
2021-02-15	possymp	active	357.5509689218264
2021-02-16	infections	start	80.14555062552284
2021-02-16	positive	start	78.07222374213082
2021-02-16	infectious	start	77.56323595572279
2021-02-16	symptoms	start	77.86036904994995
2021-02-16	infectious	end	78.79555328326474
2021-02-16	symptoms	end	82.71412020768686
2021-02-16	positive	end	90.6209670254584
2021-02-16	reported	end	84.88739979343923
2021-02-16	symptoms	new	-4.853751157736909
2021-02-16	symptoms	active	789.2600759778132
2021-02-16	presymp	new	0.2118546921808644
2021-02-16	presymp	active	293.53543179289863
2021-02-16	positive	new	-12.548743283327582
2021-02-16	positive	active	1432.4396298747668
2021-02-16	infectious	new	-1.2323173275419492
2021-02-16	infectious	active	829.9632937771482
2021-02-16	possymp	new	-7.906846817771537
2021-02-16	possymp	active	349.6441221040549
2021-02-17	infections	start	81.35716218388502
2021-02-17	positive	start	78.971512715340765
2021-02-17	infectious	start	78.07983714975452
2021-02-17	symptoms	start	77.99095046096971
2021-02-17	infectious	end	77.29626772516687
2021-02-17	symptoms	end	80.64484847851085
2021-02-17	positive	end	87.8345367771462
2021-02-17	reported	end	95.91796586829292
2021-02-17	symptoms	new	-2.653898017541138
2021-02-17	symptoms	active	786.6061779602721
2021-02-17	presymp	new	0.9805622543710513
2021-02-17	presymp	active	294.51599404726966
2021-02-17	positive	new	-8.863024061805433
2021-02-17	positive	active	1423.5766058129614
2021-02-17	infectious	new	0.7835694245876539
2021-02-17	infectious	active	830.7468632017359
2021-02-17	possymp	new	-7.189688298635346
2021-02-17	possymp	active	342.4544338054195
2021-02-18	infections	start	82.49271015627477
2021-02-18	positive	start	80.14682407028506
2021-02-18	infectious	start	78.96282831859094
2021-02-18	symptoms	start	78.18541841604983
2021-02-18	infectious	end	76.84969552565518
2021-02-18	symptoms	end	78.73146027069193
2021-02-18	positive	end	85.60483180141158
2021-02-18	reported	end	73.37724388924408
2021-02-18	symptoms	new	-0.5460418546420982
2021-02-18	symptoms	active	786.06013610563
2021-02-18	presymp	new	1.9614056542352358
2021-02-18	presymp	active	296.4773997015049
2021-02-18	positive	new	-5.458007731126514
2021-02-18	positive	active	1418.118598081835
2021-02-18	infectious	new	2.113132792935758
2021-02-18	infectious	active	832.8599959946716
2021-02-18	possymp	new	-6.873371530719652
2021-02-18	possymp	active	335.58106227469983
2021-02-19	infections	start	83.45050054493444
2021-02-19	positive	start	81.34401143086887
2021-02-19	infectious	start	80.11982365449407
2021-02-19	symptoms	start	78.58296968098709
2021-02-19	infectious	end	77.37374428844893
2021-02-19	symptoms	end	77.40897506471883
2021-02-19	positive	end	84.05723632742847
2021-02-19	reported	end	82.00986081739045
2021-02-19	symptoms	new	1.17399461626826
2021-02-19	symptoms	active	787.2341307218983
2021-02-19	presymp	new	2.761041749881784
2021-02-19	presymp	active	299.2384414513867
2021-02-19	positive	new	-2.713224896559595
2021-02-19	positive	active	1415.4053731852753
2021-02-19	infectious	new	2.7460793660451372
2021-02-19	infectious	active	835.6060753607168
2021-02-19	possymp	new	-6.648261262709639
2021-02-19	possymp	active	328.9328010119902
2021-02-20	infections	start	84.59229337039967
2021-02-20	positive	start	82.4722135826884
2021-02-20	infectious	start	81.30461623186139
2021-02-20	symptoms	start	79.3581298369913
2021-02-20	infectious	end	77.98334874248489
2021-02-20	symptoms	end	76.95103593207008
2021-02-20	positive	end	82.76877085570116
2021-02-20	reported	end	58.50995917965868
2021-02-20	symptoms	new	2.4070939049212114
2021-02-20	symptoms	active	789.6412246268195
2021-02-20	presymp	new	3.1140837456971013
2021-02-20	presymp	active	302.3525251970838
2021-02-20	positive	new	-0.29655727301276613
2021-02-20	positive	active	1415.1088159122626
2021-02-20	infectious	new	3.3212674893764955
2021-02-20	infectious	active	838.9273428500933
2021-02-20	possymp	new	-5.817734923631079
2021-02-20	possymp	active	323.11506608835913
2021-02-21	infections	start	86.31625977466415
2021-02-21	positive	start	83.4295578490506
2021-02-21	infectious	start	82.42987433004407
2021-02-21	symptoms	start	80.4512800057844
2021-02-21	infectious	end	78.06733585718493
2021-02-21	symptoms	end	77.32626172450175
2021-02-21	positive	end	81.33514997353865
2021-02-21	reported	end	30.693749077853735
2021-02-21	symptoms	new	3.1250182812826495
2021-02-21	symptoms	active	792.7662429081021
2021-02-21	presymp	new	2.9782778432661985
2021-02-21	presymp	active	305.33080304035
2021-02-21	positive	new	2.0944078755119477
2021-02-21	positive	active	1417.2032237877745
2021-02-21	infectious	new	4.362538472859143
2021-02-21	infectious	active	843.2898813229525
2021-02-21	possymp	new	-4.0088882490369
2021-02-21	possymp	active	319.10617783932224
2021-02-22	infections	start	88.56956048772558
2021-02-22	positive	start	84.57253304912561
2021-02-22	infectious	start	83.38989624334951
2021-02-22	symptoms	start	81.61858616936122
2021-02-22	infectious	end	77.65254462481174
2021-02-22	symptoms	end	77.8471885148407
2021-02-22	positive	end	79.70312113112716
2021-02-22	reported	end	105.50976245512221
2021-02-22	symptoms	new	3.771397654520527
2021-02-22	symptoms	active	796.5376405626226
2021-02-22	presymp	new	2.9539468797643877
2021-02-22	presymp	active	308.2847499201144
2021-02-22	positive	new	4.869411917998448
2021-02-22	positive	active	1422.0726357057729
2021-02-22	infectious	new	5.737351618537772
2021-02-22	infectious	active	849.0272329414902
2021-02-22	possymp	new	-1.8559326162864664
2021-02-22	possymp	active	317.2502452230358
2021-02-23	infections	start	91.3015369503479
2021-02-23	positive	start	86.29393635751396
2021-02-23	infectious	start	84.53373528188989
2021-02-23	symptoms	start	82.74406044852392
2021-02-23	infectious	end	77.035965628161
2021-02-23	symptoms	end	77.86069307308308
2021-02-23	positive	end	78.15103538089791
2021-02-23	reported	end	112.22402006590272
2021-02-23	symptoms	new	4.883367375440841
2021-02-23	symptoms	active	801.4210079380634
2021-02-23	presymp	new	3.549875908990032
2021-02-23	presymp	active	311.8346258291044
2021-02-23	positive	new	8.142900976616048
2021-02-23	positive	active	1430.215536682389
2021-02-23	infectious	new	7.497769653728895
2021-02-23	infectious	active	856.5250025952191
2021-02-23	possymp	new	-0.29034230781482506
2021-02-23	possymp	active	316.95990291522094
2021-02-24	infections	start	93.84942890083865
2021-02-24	positive	start	88.53939595759903
2021-02-24	infectious	start	86.24939938268722
2021-02-24	symptoms	start	83.68874778085002
2021-02-24	infectious	end	76.9098688061226
2021-02-24	symptoms	end	77.53314244467761
2021-02-24	positive	end	76.97522183087553
2021-02-24	reported	end	81.05068115870752
2021-02-24	symptoms	new	6.155605336172414
2021-02-24	symptoms	active	807.5766132742359
2021-02-24	presymp	new	4.850648176749004
2021-02-24	presymp	active	316.68527400585344
2021-02-24	positive	new	11.5641741267235
2021-02-24	positive	active	1441.7797108091124
2021-02-24	infectious	new	9.339530576564613
2021-02-24	infectious	active	865.8645331717837
2021-02-24	possymp	new	0.5579206138020822
2021-02-24	possymp	active	317.517823529023
2021-02-25	infections	start	95.7950176509922
2021-02-25	positive	start	91.26176015772185
2021-02-25	infectious	start	88.48262044324231
2021-02-25	symptoms	start	84.78177179768255
2021-02-25	infectious	end	77.50301175875084
2021-02-25	symptoms	end	77.059435945926
2021-02-25	positive	end	76.49457606635221
2021-02-25	reported	end	97.35673535631732
2021-02-25	symptoms	new	7.722335851756554
2021-02-25	symptoms	active	815.2989491259924
2021-02-25	presymp	new	6.4799883600393
2021-02-25	presymp	active	323.1652623658927
2021-02-25	positive	new	14.767184091369643
2021-02-25	positive	active	1456.5468949004821
2021-02-25	infectious	new	10.979608684491467
2021-02-25	infectious	active	876.8441418562752
2021-02-25	possymp	new	0.5648598795737882
2021-02-25	possymp	active	318.08268340859684
2021-02-26	infections	start	97.4540884926779
2021-02-26	positive	start	93.80555193575125
2021-02-26	infectious	start	91.19258332083929
2021-02-26	symptoms	start	86.41795436942202
2021-02-26	infectious	end	78.52021864560942
2021-02-26	symptoms	end	76.97873525904042
2021-02-26	positive	end	76.83413042546678
2021-02-26	reported	end	77.2139625239758
2021-02-26	symptoms	new	9.4392191103816
2021-02-26	symptoms	active	824.738168236374
2021-02-26	presymp	new	7.387597566329234
2021-02-26	presymp	active	330.55285993222196
2021-02-26	positive	new	16.971421510284472
2021-02-26	positive	active	1473.5183164107666
2021-02-26	infectious	new	12.672364675229872
2021-02-26	infectious	active	889.5165065315051
2021-02-26	possymp	new	0.14460483357363785
2021-02-26	possymp	active	318.22728824217046
2021-02-27	infections	start	99.13963744618233
2021-02-27	positive	start	95.75784986535751
2021-02-27	infectious	start	93.7327278627004
2021-02-27	symptoms	start	88.57481465830766
2021-02-27	infectious	end	79.54967804393861
2021-02-27	symptoms	end	77.55027693869191
2021-02-27	positive	end	77.43131179352523
2021-02-27	reported	end	44.60185412875621
2021-02-27	symptoms	new	11.02453771961575
2021-02-27	symptoms	active	835.7627059559898
2021-02-27	presymp	new	7.183035207049855
2021-02-27	presymp	active	337.7358951392718
2021-02-27	positive	new	18.32653807183229
2021-02-27	positive	active	1491.844854482599
2021-02-27	infectious	new	14.183049818761788
2021-02-27	infectious	active	903.6995563502669
2021-02-27	possymp	new	0.11896514516668333
2021-02-27	possymp	active	318.34625338733713
2021-02-28	infections	start	101.43079685003815
2021-02-28	positive	start	97.432497184836
2021-02-28	infectious	start	95.69417073092832
2021-02-28	symptoms	start	91.24566163074542
2021-02-28	infectious	end	80.17309691893738
2021-02-28	symptoms	end	78.43860205542549
2021-02-28	positive	end	77.67819283537258
2021-02-28	reported	end	38.367186347317165
2021-02-28	symptoms	new	12.807059575319926
2021-02-28	symptoms	active	848.5697655313097
2021-02-28	presymp	new	6.186835554090578
2021-02-28	presymp	active	343.9227306933624
2021-02-28	positive	new	19.75430434946341
2021-02-28	positive	active	1511.5991588320624
2021-02-28	infectious	new	15.521073811990945
2021-02-28	infectious	active	919.2206301622579
2021-02-28	possymp	new	0.7604092200529067
2021-02-28	possymp	active	319.10666260739004
2021-03-01	infections	start	104.375701501381
2021-03-01	positive	start	99.13314390562829
2021-03-01	infectious	start	97.38544109550611
2021-03-01	symptoms	start	93.79750013198291
2021-03-01	infectious	end	80.46232527103234
2021-03-01	symptoms	end	79.3437826583658
2021-03-01	positive	end	77.64325541576393
2021-03-01	reported	end	111.2648404072198
2021-03-01	symptoms	new	14.453717473617118
2021-03-01	symptoms	active	863.0234830049269
2021-03-01	presymp	new	5.335643773645373
2021-03-01	presymp	active	349.25837446700774
2021-03-01	positive	new	21.489888489864356
2021-03-01	positive	active	1533.0890473219267
2021-03-01	infectious	new	16.92311582447377
2021-03-01	infectious	active	936.1437459867316
2021-03-01	possymp	new	1.700527242601865
2021-03-01	possymp	active	320.8071898499919
2021-03-02	infections	start	107.49704975451928
2021-03-02	positive	start	101.42789629554224
2021-03-02	infectious	start	99.09692158393561
2021-03-02	symptoms	start	95.7874524998442
2021-03-02	infectious	end	80.8082267854517
2021-03-02	symptoms	end	79.92146760184427
2021-03-02	positive	end	77.38618845620856
2021-03-02	reported	end	98.7955048443417
2021-03-02	symptoms	new	15.865984897999937
2021-03-02	symptoms	active	878.8894679029268
2021-03-02	presymp	new	5.640443795698033
2021-03-02	presymp	active	354.8988182627058
2021-03-02	positive	new	24.041707839333682
2021-03-02	positive	active	1557.1307551612604
2021-03-02	infectious	new	18.288694798483917
2021-03-02	infectious	active	954.4324407852155
2021-03-02	possymp	new	2.5352791456357124
2021-03-02	possymp	active	323.3424689956276
2021-03-03	infections	start	110.3253228152589
2021-03-03	positive	start	104.36049867818329
2021-03-03	infectious	start	101.3864120450086
2021-03-03	symptoms	start	97.46493121753568
2021-03-03	infectious	end	81.66494262848374
2021-03-03	symptoms	end	80.23875112881281
2021-03-03	positive	end	77.39638050766467
2021-03-03	reported	end	104.07099296709782
2021-03-03	symptoms	new	17.22618008872287
2021-03-03	symptoms	active	896.1156479916497
2021-03-03	presymp	new	6.895567460647612
2021-03-03	presymp	active	361.7943857233534
2021-03-03	positive	new	26.964118170518617
2021-03-03	positive	active	1584.094873331779
2021-03-03	infectious	new	19.721469416524855
2021-03-03	infectious	active	974.1539102017404
2021-03-03	possymp	new	2.8423706211481345
2021-03-03	possymp	active	326.1848396167758
2021-03-04	infections	start	112.57988869950105
2021-03-04	positive	start	107.4587977216199
2021-03-04	infectious	start	104.29787035218972
2021-03-04	symptoms	start	99.08969905317795
2021-03-04	infectious	end	83.34774471093026
2021-03-04	symptoms	end	80.69884631334689
2021-03-04	positive	end	77.97542397127064
2021-03-04	reported	end	86.8057591108051
2021-03-04	symptoms	new	18.39085273983106
2021-03-04	symptoms	active	914.5065007314807
2021-03-04	presymp	new	8.36909866844195
2021-03-04	presymp	active	370.16348439179535
2021-03-04	positive	new	29.48337375034926
2021-03-04	positive	active	1613.5782470821282
2021-03-04	infectious	new	20.95012564125946
2021-03-04	infectious	active	995.1040358429998
2021-03-04	possymp	new	2.7234223420762476
2021-03-04	possymp	active	328.908261958852
2021-03-05	infections	start	114.63191340017737
2021-03-05	positive	start	110.26541093278719
2021-03-05	infectious	start	107.36942760504239
2021-03-05	symptoms	start	101.23337784951798
2021-03-05	infectious	end	85.68154837054182
2021-03-05	symptoms	end	81.64029663072512
2021-03-05	positive	end	78.89957762075333
2021-03-05	reported	end	103.59140313775636
2021-03-05	symptoms	new	19.59308121879286
2021-03-05	symptoms	active	934.0995819502735
2021-03-05	presymp	new	9.032033083269212
2021-03-05	presymp	active	379.19551747506455
2021-03-05	positive	new	31.365833312033857
2021-03-05	positive	active	1644.944080394162
2021-03-05	infectious	new	21.68787923450057
2021-03-05	infectious	active	1016.7919150775003
2021-03-05	possymp	new	2.7407190099717837
2021-03-05	possymp	active	331.64898096882376
2021-03-06	infections	start	116.9850700629109
2021-03-06	positive	start	112.50942669599053
2021-03-06	infectious	start	110.15973536908203
2021-03-06	symptoms	start	104.00556825747061
2021-03-06	infectious	end	88.25164826579936
2021-03-06	symptoms	end	83.3400044379405
2021-03-06	positive	end	79.96053066014693
2021-03-06	reported	end	67.6221659371465
2021-03-06	symptoms	new	20.66556381953012
2021-03-06	symptoms	active	954.7651457698037
2021-03-06	presymp	new	8.503858438519913
2021-03-06	presymp	active	387.6993759135845
2021-03-06	positive	new	32.5488960358436
2021-03-06	positive	active	1677.4929764300057
2021-03-06	infectious	new	21.908087103282668
2021-03-06	infectious	active	1038.700002180783
2021-03-06	possymp	new	3.3794737777935637
2021-03-06	possymp	active	335.02845474661734
2021-03-07	infections	start	120.49665623761328
2021-03-07	positive	start	114.55947179441965
2021-03-07	infectious	start	112.40337459132064
2021-03-07	symptoms	start	107.01125284698672
2021-03-07	infectious	end	90.54518230479823
2021-03-07	symptoms	end	85.62105534211823
2021-03-07	positive	end	80.82223230610508
2021-03-07	reported	end	44.60185412875621
2021-03-07	symptoms	new	21.390197504868496
2021-03-07	symptoms	active	976.1553432746722
2021-03-07	presymp	new	7.548218947432929
2021-03-07	presymp	active	395.24759486101743
2021-03-07	positive	new	33.73723948831457
2021-03-07	positive	active	1711.2302159183203
2021-03-07	infectious	new	21.85819228652241
2021-03-07	infectious	active	1060.5581944673054
2021-03-07	possymp	new	4.798823036013147
2021-03-07	possymp	active	339.8272777826305
2021-03-08	infections	start	125.01172609562683
2021-03-08	positive	start	116.90774694690428
2021-03-08	infectious	start	114.45887469630429
2021-03-08	symptoms	start	109.8116634531029
2021-03-08	infectious	end	92.19245558585685
2021-03-08	symptoms	end	88.04463543861206
2021-03-08	positive	end	81.47700668062392
2021-03-08	reported	end	127.09130477548813
2021-03-08	symptoms	new	21.767028014490833
2021-03-08	symptoms	active	997.922371289163
2021-03-08	presymp	new	7.0960834938013875
2021-03-08	presymp	active	402.3436783548188
2021-03-08	positive	new	35.43074026628037
2021-03-08	positive	active	1746.6609561846005
2021-03-08	infectious	new	22.266419110447444
2021-03-08	infectious	active	1082.8246135777529
2021-03-08	possymp	new	6.567628757988146
2021-03-08	possymp	active	346.39490654061865
2021-03-09	infections	start	129.38446067370782
2021-03-09	positive	start	120.40082804937202
2021-03-09	infectious	start	116.80337870339082
2021-03-09	symptoms	start	112.08709588074213
2021-03-09	infectious	end	93.447477113442
2021-03-09	symptoms	end	90.24103708511079
2021-03-09	positive	end	82.20833331651883
2021-03-09	reported	end	118.93827767668323
2021-03-09	symptoms	new	21.846058795631336
2021-03-09	symptoms	active	1019.7684300847943
2021-03-09	presymp	new	8.3137321686298975
2021-03-09	presymp	active	410.6574105234487
2021-03-09	positive	new	38.19249473285319
2021-03-09	positive	active	1784.8534509174538
2021-03-09	infectious	new	23.355901589948814
2021-03-09	infectious	active	1106.1805151677017
2021-03-09	possymp	new	8.032703768591958
2021-03-09	possymp	active	354.4276103092106
2021-03-10	infections	start	133.20557994551532
2021-03-10	positive	start	124.8837433509912
2021-03-10	infectious	start	120.27316040563133
2021-03-10	symptoms	start	114.11844608272119
2021-03-10	infectious	end	94.89611484126017
2021-03-10	symptoms	end	91.90722421370008
2021-03-10	positive	end	83.27978204172808
2021-03-10	reported	end	120.85663699404908
2021-03-10	symptoms	new	22.211221869021117
2021-03-10	symptoms	active	1041.9796519538154
2021-03-10	presymp	new	10.765297268270004
2021-03-10	presymp	active	421.4227077917187
2021-03-10	positive	new	41.60396130926311
2021-03-10	positive	active	1826.457412226717
2021-03-10	infectious	new	25.37704556437116
2021-03-10	infectious	active	1131.557560732073
2021-03-10	possymp	new	8.627442171971992
2021-03-10	possymp	active	363.0550524811826
2021-03-11	infections	start	136.55397931980954
2021-03-11	positive	start	129.22528890878863
2021-03-11	infectious	start	124.71971712939936
2021-03-11	symptoms	start	116.34979869137376
2021-03-11	infectious	end	97.01093819049639
2021-03-11	symptoms	end	93.2732037521949
2021-03-11	positive	end	84.97392878000261
2021-03-11	reported	end	108.387301431171
2021-03-11	symptoms	new	23.07659493917886
2021-03-11	symptoms	active	1065.0562468929943
2021-03-11	presymp	new	12.875490217414864
2021-03-11	presymp	active	434.29819800913356
2021-03-11	positive	new	44.25136012878602
2021-03-11	positive	active	1870.708772355503
2021-03-11	infectious	new	27.708778938902967
2021-03-11	infectious	active	1159.2663396709759
2021-03-11	possymp	new	8.299274972192293
2021-03-11	possymp	active	371.3543274533749
2021-03-12	infections	start	139.49213312947083
2021-03-12	positive	start	133.0357947976282
2021-03-12	infectious	start	129.03248529993306
2021-03-12	symptoms	start	119.65713317573909
2021-03-12	infectious	end	99.72463496186217
2021-03-12	symptoms	end	94.81285361337062
2021-03-12	positive	end	87.19120298681695
2021-03-12	reported	end	111.74443023656126
2021-03-12	symptoms	new	24.84427956236847
2021-03-12	symptoms	active	1089.9005264553628
2021-03-12	presymp	new	13.378661621889108
2021-03-12	presymp	active	447.6768596310227
2021-03-12	positive	new	45.84459181081125
2021-03-12	positive	active	1916.5533641663142
2021-03-12	infectious	new	29.307850338070892
2021-03-12	infectious	active	1188.5741900090468
2021-03-12	possymp	new	7.621650626553674
2021-03-12	possymp	active	378.97597807992855
2021-03-13	infections	start	142.29186328042488
2021-03-13	positive	start	136.40516821730108
2021-03-13	infectious	start	132.84115662942253
2021-03-13	symptoms	start	123.97364888915638
2021-03-13	infectious	end	102.52435700006569
2021-03-13	symptoms	end	96.87921767718245
2021-03-13	positive	end	89.61969590390898
2021-03-13	reported	end	70.02011508385384
2021-03-13	symptoms	new	27.094431211973927
2021-03-13	symptoms	active	1116.9949576673368
2021-03-13	presymp	new	12.431519328144702
2021-03-13	presymp	active	460.1083789591674
2021-03-13	positive	new	46.785472313392106
2021-03-13	positive	active	1963.3388364797063
2021-03-13	infectious	new	30.316799629356836
2021-03-13	infectious	active	1218.8909896384037
2021-03-13	possymp	new	7.259521773273477
2021-03-13	possymp	active	386.23549985320204
2021-03-14	infections	start	145.0622628385103
2021-03-14	positive	start	139.39091323617177
2021-03-14	infectious	start	136.24037724605665
2021-03-14	symptoms	start	128.2601222697695
2021-03-14	infectious	end	104.89591841527675
2021-03-14	symptoms	end	99.44137604850191
2021-03-14	positive	end	91.96244913336507
2021-03-14	reported	end	55.6324202036099
2021-03-14	symptoms	new	28.818746221267602
2021-03-14	symptoms	active	1145.8137038886043
2021-03-14	presymp	new	11.130790966402259
2021-03-14	presymp	active	471.2391699255696
2021-03-14	positive	new	47.4284641028067
2021-03-14	positive	active	2010.767300582513
2021-03-14	infectious	new	31.3444588307799
2021-03-14	infectious	active	1250.2354484691834
2021-03-14	possymp	new	7.478926915136839
2021-03-14	possymp	active	393.71442676833885
2021-03-15	infections	start	147.6184849162164
2021-03-15	positive	start	142.24752545854176
2021-03-15	infectious	start	139.2740101450226
2021-03-15	symptoms	start	132.13902823939813
2021-03-15	infectious	end	106.64966555133716
2021-03-15	symptoms	end	102.00280620893598
2021-03-15	positive	end	93.86946375155605
2021-03-15	reported	end	138.60146067968327
2021-03-15	symptoms	new	30.13622203046215
2021-03-15	symptoms	active	1175.9499259190666
2021-03-15	presymp	new	10.10849721914363
2021-03-15	presymp	active	481.3476671447133
2021-03-15	positive	new	48.378061706985704
2021-03-15	positive	active	2059.1453622894987
2021-03-15	infectious	new	32.624344593685436
2021-03-15	infectious	active	1282.859793062869
2021-03-15	possymp	new	8.133342457379925
2021-03-15	possymp	active	401.8477692257188
2021-03-16	infections	start	149.79589975039903
2021-03-16	positive	start	145.06748467236503
2021-03-16	infectious	start	142.17508048248376
2021-03-16	symptoms	start	135.62181708695354
2021-03-16	infectious	end	108.44220577083462
2021-03-16	symptoms	end	104.27382068778665
2021-03-16	positive	end	95.44432749846226
2021-03-16	reported	end	144.8361284611223
2021-03-16	symptoms	new	31.347996399166888
2021-03-16	symptoms	active	1207.2979223182333
2021-03-16	presymp	new	9.445667585411485
2021-03-16	presymp	active	490.79333473012474
2021-03-16	positive	new	49.62315717390277
2021-03-16	positive	active	2108.7685194634014
2021-03-16	infectious	new	33.732874711649146
2021-03-16	infectious	active	1316.592667774518
2021-03-16	possymp	new	8.829493189324396
2021-03-16	possymp	active	410.6772624150432
2021-03-17	infections	start	150.68222201717595
2021-03-17	positive	start	147.66267236656427
2021-03-17	infectious	start	145.0229138471614
2021-03-17	symptoms	start	138.64930229638867
2021-03-17	infectious	end	110.98285191567506
2021-03-17	symptoms	end	106.10952804776907
2021-03-17	positive	end	97.06868319603215
2021-03-17	reported	end	156.34628436531747
2021-03-17	symptoms	new	32.539774248619594
2021-03-17	symptoms	active	1239.837696566853
2021-03-17	presymp	new	9.013370070175597
2021-03-17	presymp	active	499.80670480030034
2021-03-17	positive	new	50.59398917053211
2021-03-17	positive	active	2159.3625086339334
2021-03-17	infectious	new	34.040061931486335
2021-03-17	infectious	active	1350.6327297060043
2021-03-17	possymp	new	9.04084485173692
2021-03-17	possymp	active	419.7181072667801
2021-03-18	infections	start	149.8370219074742
2021-03-18	positive	start	149.87835832022765
2021-03-18	infectious	start	147.63831337350092
2021-03-18	symptoms	start	141.436584409634
2021-03-18	infectious	end	114.55793557631829
2021-03-18	symptoms	end	108.01982622260977
2021-03-18	positive	end	99.11947118493836
2021-03-18	reported	end	134.76474204495156
2021-03-18	symptoms	new	33.41675818702424
2021-03-18	symptoms	active	1273.2544547538773
2021-03-18	presymp	new	8.44177391059364
2021-03-18	presymp	active	508.248478710894
2021-03-18	positive	new	50.758887135289285
2021-03-18	positive	active	2210.121395769223
2021-03-18	infectious	new	33.080377797182635
2021-03-18	infectious	active	1383.713107503187
2021-03-18	possymp	new	8.900355037671403
2021-03-18	possymp	active	428.6184623044515
2021-03-19	infections	start	147.8220081164376
2021-03-19	positive	start	150.80832420511925
2021-03-19	infectious	start	149.8834123460074
2021-03-19	symptoms	start	144.1502022055876
2021-03-19	infectious	end	119.14963607997402
2021-03-19	symptoms	end	110.74712183704204
2021-03-19	positive	end	101.682132012291
2021-03-19	reported	end	97.35673535631732
2021-03-19	symptoms	new	33.403080368545545
2021-03-19	symptoms	active	1306.6575351224228
2021-03-19	presymp	new	6.658121999531659
2021-03-19	presymp	active	514.9066007104257
2021-03-19	positive	new	49.12619219282824
2021-03-19	positive	active	2259.247587962051
2021-03-19	infectious	new	30.733776266033374
2021-03-19	infectious	active	1414.4468837692204
2021-03-19	possymp	new	9.064989824751038
2021-03-19	possymp	active	437.6834521292026
2021-03-20	infections	start	145.2017933254717
2021-03-20	positive	start	150.00390948300355
2021-03-20	infectious	start	150.8546937167547
2021-03-20	symptoms	start	146.69164254862042
2021-03-20	infectious	end	124.06804777394093
2021-03-20	symptoms	end	114.40836796771198
2021-03-20	positive	end	104.39997298467914
2021-03-20	reported	end	93.52001672158559
2021-03-20	symptoms	new	32.28327458090844
2021-03-20	symptoms	active	1338.9408097033313
2021-03-20	presymp	new	3.312266934383132
2021-03-20	presymp	active	518.2188676448088
2021-03-20	positive	new	45.603936498324416
2021-03-20	positive	active	2304.8515244603755
2021-03-20	infectious	new	26.786645942813763
2021-03-20	infectious	active	1441.2335297120342
2021-03-20	possymp	new	10.008394983032844
2021-03-20	possymp	active	447.6918471122354
2021-03-21	infections	start	144.39134658049363
2021-03-21	positive	start	148.01010531174367
2021-03-21	infectious	start	150.0915600356842
2021-03-21	symptoms	start	148.94122136131006
2021-03-21	infectious	end	128.40058556548684
2021-03-21	symptoms	end	118.98049812426112
2021-03-21	positive	end	107.00469398878172
2021-03-21	reported	end	62.3466778143904
2021-03-21	symptoms	new	29.96072323704894
2021-03-21	symptoms	active	1368.90153294038
2021-03-21	presymp	new	-0.9311160495663842
2021-03-21	presymp	active	517.2877515952424
2021-03-21	positive	new	41.00541132296195
2021-03-21	positive	active	2345.8569357833376
2021-03-21	infectious	new	21.690974470197375
2021-03-21	infectious	active	1462.9245041822314
2021-03-21	possymp	new	11.975804135479393
2021-03-21	possymp	active	459.6676512477148
2021-03-22	infections	start	146.53769990017918
2021-03-22	positive	start	145.37494682868808
2021-03-22	infectious	start	148.12015041821877
2021-03-22	symptoms	start	149.97359919983987
2021-03-22	infectious	end	131.3900835579668
2021-03-22	symptoms	end	123.73810450564959
2021-03-22	positive	end	109.23115042714966
2021-03-22	reported	end	196.152240200659
2021-03-22	symptoms	new	26.23549469419028
2021-03-22	symptoms	active	1395.1370276345704
2021-03-22	presymp	new	-4.598652371151786
2021-03-22	presymp	active	512.6890992240906
2021-03-22	positive	new	36.143796401538424
2021-03-22	positive	active	2382.0007321848757
2021-03-22	infectious	new	16.73006686025198
2021-03-22	infectious	active	1479.6545710424834
2021-03-22	possymp	new	14.50695407849993
2021-03-22	possymp	active	474.1746053262147
2021-03-23	infections	start	150.33184973934016
2021-03-23	positive	start	144.50751670939388
2021-03-23	infectious	start	145.47057662228346
2021-03-23	symptoms	start	149.26884588398346
2021-03-23	infectious	end	133.60286571624061
2021-03-23	symptoms	end	128.03458801691417
2021-03-23	positive	end	111.44002024991902
2021-03-23	reported	end	170.7339792455614
2021-03-23	symptoms	new	21.23425786706929
2021-03-23	symptoms	active	1416.3712855016397
2021-03-23	presymp	new	-4.7613291745895765
2021-03-23	presymp	active	507.927770049501
2021-03-23	positive	new	33.06749645947487
2021-03-23	positive	active	2415.0682286443507
2021-03-23	infectious	new	11.867710906042845
2021-03-23	infectious	active	1491.5222819485264
2021-03-23	possymp	new	16.594567766995155
2021-03-23	possymp	active	490.7691730932099
2021-03-24	infections	start	154.48436897756727
2021-03-24	positive	start	146.55930821417618
2021-03-24	infectious	start	144.5465905808671
2021-03-24	symptoms	start	147.28769649911342
2021-03-24	infectious	end	136.43116572335973
2021-03-24	symptoms	end	131.39950204285861
2021-03-24	positive	end	114.24713063729838
2021-03-24	reported	end	167.8564402695126
2021-03-24	symptoms	new	15.888194456254809
2021-03-24	symptoms	active	1432.2594799578944
2021-03-24	presymp	new	-0.728388284937239
2021-03-24	presymp	active	507.1993817645638
2021-03-24	positive	new	32.3121775768778
2021-03-24	positive	active	2447.3804062212284
2021-03-24	infectious	new	8.115424857507378
2021-03-24	infectious	active	1499.6377068060337
2021-03-24	possymp	new	17.15237140556023
2021-03-24	possymp	active	507.9215444987701
2021-03-25	infections	start	157.5625966039245
2021-03-25	positive	start	150.23874713203028
2021-03-25	infectious	start	146.50751292206894
2021-03-25	symptoms	start	144.53595883898316
2021-03-25	infectious	end	140.08000853605753
2021-03-25	symptoms	end	134.07417181384795
2021-03-25	positive	end	117.74600536307058
2021-03-25	reported	end	169.295209757537
2021-03-25	symptoms	new	10.461787025135209
2021-03-25	symptoms	active	1442.7212669830296
2021-03-25	presymp	new	5.702788293047121
2021-03-25	presymp	active	512.9021700576109
2021-03-25	positive	new	32.492741768959704
2021-03-25	positive	active	2479.873147990188
2021-03-25	infectious	new	6.427504386011407
2021-03-25	infectious	active	1506.0652111920451
2021-03-25	possymp	new	16.328166450777374
2021-03-25	possymp	active	524.2497109495475
2021-03-26	infections	start	159.98374865153713
2021-03-26	positive	start	154.2893306261364
2021-03-26	infectious	start	150.08548639199168
2021-03-26	symptoms	start	143.44004707624833
2021-03-26	infectious	end	143.669148276798
2021-03-26	symptoms	end	137.13196768238802
2021-03-26	positive	end	122.034205734792
2021-03-26	reported	end	150.59120641321988
2021-03-26	symptoms	new	6.308079393860311
2021-03-26	symptoms	active	1449.02934637689
2021-03-26	presymp	new	10.84928354988807
2021-03-26	presymp	active	523.751453607499
2021-03-26	positive	new	32.25512489134441
2021-03-26	positive	active	2512.1282728815327
2021-03-26	infectious	new	6.416338115193668
2021-03-26	infectious	active	1512.4815493072388
2021-03-26	possymp	new	15.097761947596027
2021-03-26	possymp	active	539.3474728971435
2021-03-27	infections	start	163.19745138333641
2021-03-27	positive	start	157.3115610634972
2021-03-27	infectious	start	154.06163275729392
2021-03-27	symptoms	start	145.259573738569
2021-03-27	infectious	end	146.28101504740025
2021-03-27	symptoms	end	140.85739863316567
2021-03-27	positive	end	126.60197925330952
2021-03-27	reported	end	108.86689126051246
2021-03-27	symptoms	new	4.40217510540333
2021-03-27	symptoms	active	1453.4315214822934
2021-03-27	presymp	new	12.051987324928206
2021-03-27	presymp	active	535.8034409324272
2021-03-27	positive	new	30.709581810187686
2021-03-27	positive	active	2542.83785469172
2021-03-27	infectious	new	7.780617709893676
2021-03-27	infectious	active	1520.2621670171325
2021-03-27	possymp	new	14.25541937985615
2021-03-27	possymp	active	553.6028922769997
2021-03-28	infections	start	168.63729225422833
2021-03-28	positive	start	159.73041990980101
2021-03-28	infectious	start	157.06286217723516
2021-03-28	symptoms	start	148.85956360631934
2021-03-28	infectious	end	147.03694104162082
2021-03-28	symptoms	end	144.3017978849001
2021-03-28	positive	end	130.89952258938422
2021-03-28	reported	end	76.25478286529287
2021-03-28	symptoms	new	4.55776572141923
2021-03-28	symptoms	active	1457.9892872037126
2021-03-28	presymp	new	10.870856303481673
2021-03-28	presymp	active	546.6742972359089
2021-03-28	positive	new	28.830897320416796
2021-03-28	positive	active	2571.6687520121372
2021-03-28	infectious	new	10.02592113561434
2021-03-28	infectious	active	1530.288088152747
2021-03-28	possymp	new	13.402275295515892
2021-03-28	possymp	active	567.0051675725156
2021-03-29	infections	start	175.35383523961914
2021-03-29	positive	start	162.97297694296532
2021-03-29	infectious	start	159.50753565473002
2021-03-29	symptoms	start	153.07672452391847
2021-03-29	infectious	end	145.7951740336258
2021-03-29	symptoms	end	146.58075350085312
2021-03-29	positive	end	134.25635525968792
2021-03-29	reported	end	208.14198593419565
2021-03-29	symptoms	new	6.495971023065351
2021-03-29	symptoms	active	1464.485258226778
2021-03-29	presymp	new	9.896252419046846
2021-03-29	presymp	active	556.5705496549557
2021-03-29	positive	new	28.716621683277396
2021-03-29	positive	active	2600.3853736954147
2021-03-29	infectious	new	13.712361621104208
2021-03-29	infectious	active	1544.000449773851
2021-03-29	possymp	new	12.324398241165198
2021-03-29	possymp	active	579.3295658136808
2021-03-30	infections	start	180.9755060147321
2021-03-30	positive	start	168.43635710603417
2021-03-30	infectious	start	162.78635391768782
2021-03-30	symptoms	start	156.45945770547164
2021-03-30	infectious	end	143.2856698601665
2021-03-30	symptoms	end	146.98974020521217
2021-03-30	positive	end	136.66095989123033
2021-03-30	reported	end	177.4482368563419
2021-03-30	symptoms	new	9.469717500259463
2021-03-30	symptoms	active	1473.9549757270374
2021-03-30	presymp	new	11.97689940056253
2021-03-30	presymp	active	568.5474490555182
2021-03-30	positive	new	31.77539721480383
2021-03-30	positive	active	2632.160770910218
2021-03-30	infectious	new	19.500684057521312
2021-03-30	infectious	active	1563.5011338313723
2021-03-30	possymp	new	10.328780313981838
2021-03-30	possymp	active	589.6583461276626
2021-03-31	infections	start	184.82686366990293
2021-03-31	positive	start	175.15180976324535
2021-03-31	infectious	start	168.2530772402484
2021-03-31	symptoms	start	159.18114716422755
2021-03-31	infectious	end	140.33702138746605
2021-03-31	symptoms	end	145.35051523201975
2021-03-31	positive	end	139.13549590873183
2021-03-31	reported	end	172.65233856292727
2021-03-31	symptoms	new	13.830631932207808
2021-03-31	symptoms	active	1487.7856076592452
2021-03-31	presymp	new	15.9706625990178
2021-03-31	presymp	active	584.518111654536
2021-03-31	positive	new	36.01631385451353
2021-03-31	positive	active	2668.1770847647317
2021-03-31	infectious	new	27.916055852782335
2021-03-31	infectious	active	1591.4171896841547
2021-03-31	possymp	new	6.215019323287919
2021-03-31	possymp	active	595.8733654509505
2021-04-01	infections	start	186.2445163390849
2021-04-01	positive	start	180.76554545008835
2021-04-01	infectious	start	174.93597425296332
2021-04-01	symptoms	start	162.44730891966918
2021-04-01	infectious	end	138.45458520532355
2021-04-01	symptoms	end	142.55282946719856
2021-04-01	positive	end	142.06712870286987
2021-04-01	reported	end	165.93808095214675
2021-04-01	symptoms	new	19.89447945247062
2021-04-01	symptoms	active	1507.680087111716
2021-04-01	presymp	new	18.31823653041917
2021-04-01	presymp	active	602.8363481849552
2021-04-01	positive	new	38.69841674721849
2021-04-01	positive	active	2706.8755015119505
2021-04-01	infectious	new	36.481389047639766
2021-04-01	infectious	active	1627.8985787317945
2021-04-01	possymp	new	0.4857007643286977
2021-04-01	possymp	active	596.3590662152792
2021-04-02	infections	start	186.0512205731296
2021-04-02	positive	start	184.6385241312183
2021-04-02	infectious	start	180.52159156287868
2021-04-02	symptoms	start	167.66473613088203
2021-04-02	infectious	end	139.53573130221557
2021-04-02	symptoms	end	139.8187082119999
2021-04-02	positive	end	144.73877951160762
2021-04-02	reported	end	107.90771160182953
2021-04-02	symptoms	new	27.84602791888213
2021-04-02	symptoms	active	1535.526115030598
2021-04-02	presymp	new	16.97378800033627
2021-04-02	presymp	active	619.8101361852915
2021-04-02	positive	new	39.899744619610686
2021-04-02	positive	active	2746.775246131561
2021-04-02	infectious	new	40.98586026066312
2021-04-02	infectious	active	1668.8844389924575
2021-04-02	possymp	new	-4.920071299607713
2021-04-02	possymp	active	591.4389949156715
2021-04-03	infections	start	185.4642313141101
2021-04-03	positive	start	186.12843029831484
2021-04-03	infectious	start	184.4137589145954
2021-04-03	symptoms	start	174.064417405196
2021-04-03	infectious	end	143.52700120153565
2021-04-03	symptoms	end	138.19605439649504
2021-04-03	positive	end	146.55136976264794
2021-04-03	reported	end	96.39755569763439
2021-04-03	symptoms	new	35.86836300870095
2021-04-03	symptoms	active	1571.394478039299
2021-04-03	presymp	new	12.064012893118843
2021-04-03	presymp	active	631.8741490784104
2021-04-03	positive	new	39.5770605356669
2021-04-03	positive	active	2786.352306667228
2021-04-03	infectious	new	40.88675771305975
2021-04-03	infectious	active	1709.7711967055172
2021-04-03	possymp	new	-8.355315366152894
2021-04-03	possymp	active	583.0836795495186
2021-04-04	infections	start	184.423552252688
2021-04-04	positive	start	186.0393184471098
2021-04-04	infectious	start	185.98218268182555
2021-04-04	symptoms	start	179.54448264936244
2021-04-04	infectious	end	148.8629464077475
2021-04-04	symptoms	end	139.2028679887473
2021-04-04	positive	end	146.9940776279389
2021-04-04	reported	end	77.69355235331726
2021-04-04	symptoms	new	40.341614660615136
2021-04-04	symptoms	active	1611.736092699914
2021-04-04	presymp	new	6.494835797747356
2021-04-04	presymp	active	638.3689848761577
2021-04-04	positive	new	39.045240819170886
2021-04-04	positive	active	2825.3975474863987
2021-04-04	infectious	new	37.11923627407805
2021-04-04	infectious	active	1746.8904329795953
2021-04-04	possymp	new	-7.791209639191607
2021-04-04	possymp	active	575.292469910327
2021-04-05	infections	start	182.90520390778892
2021-04-05	positive	start	185.54250364800248
2021-04-05	infectious	start	185.99190973334493
2021-04-05	symptoms	start	183.5279417472956
2021-04-05	infectious	end	153.66637314950222
2021-04-05	symptoms	end	142.86867111661783
2021-04-05	positive	end	145.9625294601928
2021-04-05	reported	end	115.1015590419515
2021-04-05	symptoms	new	40.65927063067778
2021-04-05	symptoms	active	1652.3953633305919
2021-04-05	presymp	new	2.014561900706866
2021-04-05	presymp	active	640.3835467768646
2021-04-05	positive	new	39.57997418780968
2021-04-05	positive	active	2864.9775216742087
2021-04-05	infectious	new	32.325536583842705
2021-04-05	infectious	active	1779.215969563438
2021-04-05	possymp	new	-3.093858343574965
2021-04-05	possymp	active	572.198611566752
2021-04-06	infections	start	180.89674744541523
2021-04-06	positive	start	184.54108255902915
2021-04-06	infectious	start	185.56023084419203
2021-04-06	symptoms	start	185.19404086707794
2021-04-06	infectious	end	156.6687549536689
2021-04-06	symptoms	end	147.62356240313426
2021-04-06	positive	end	144.18203690489543
2021-04-06	reported	end	206.2236266168298
2021-04-06	symptoms	new	37.57047846394369
2021-04-06	symptoms	active	1689.9658417945354
2021-04-06	presymp	new	-0.6529583080487953
2021-04-06	presymp	active	639.7305884688158
2021-04-06	positive	new	40.35904565413372
2021-04-06	positive	active	2905.3365673283424
2021-04-06	infectious	new	28.89147589052314
2021-04-06	infectious	active	1808.1074454539612
2021-04-06	possymp	new	3.441525498238832
2021-04-06	possymp	active	575.6401370649909
2021-04-07	infections	start	178.51733852516597
2021-04-07	positive	start	183.01006062009935
2021-04-07	infectious	start	184.56602248944884
2021-04-07	symptoms	start	185.09638517878287
2021-04-07	infectious	end	158.9509444138702
2021-04-07	symptoms	end	152.17855042086958
2021-04-07	positive	end	142.40083813039413
2021-04-07	reported	end	224.44804013180544
2021-04-07	symptoms	new	32.91783475791328
2021-04-07	symptoms	active	1722.8836765524488
2021-04-07	presymp	new	-2.086324558683515
2021-04-07	presymp	active	637.6442639101323
2021-04-07	positive	new	40.60922248970522
2021-04-07	positive	active	2945.9457898180476
2021-04-07	infectious	new	25.61507807557865
2021-04-07	infectious	active	1833.7225235295398
2021-04-07	possymp	new	9.77771229047545
2021-04-07	possymp	active	585.4178493554663
2021-04-08	infections	start	175.96427244167987
2021-04-08	positive	start	180.9659716471763
2021-04-08	infectious	start	183.00621760779526
2021-04-08	symptoms	start	184.35127511158328
2021-04-08	infectious	end	162.86431862000916
2021-04-08	symptoms	end	155.56658984448165
2021-04-08	positive	end	141.27974019125114
2021-04-08	reported	end	242.19286381743962
2021-04-08	symptoms	new	28.784685267101622
2021-04-08	symptoms	active	1751.6683618195505
2021-04-08	presymp	new	-3.3853034644069737
2021-04-08	presymp	active	634.2589604457253
2021-04-08	positive	new	39.68623145592517
2021-04-08	positive	active	2985.6320212739724
2021-04-08	infectious	new	20.141898987786107
2021-04-08	infectious	active	1853.864422517326
2021-04-08	possymp	new	14.286849653230519
2021-04-08	possymp	active	599.7046990086968
2021-04-09	infections	start	172.97753278681967
2021-04-09	positive	start	178.5569269878469
2021-04-09	infectious	start	180.9337990418238
2021-04-09	symptoms	start	183.02256612421738
2021-04-09	infectious	end	169.6041250404746
2021-04-09	symptoms	end	158.7091640786496
2021-04-09	positive	end	142.33614524389694
2021-04-09	reported	end	197.5910096886834
2021-04-09	symptoms	new	24.313402045567784
2021-04-09	symptoms	active	1775.9817638651182
2021-04-09	presymp	new	-4.46563913637047
2021-04-09	presymp	active	629.7933213093548
2021-04-09	positive	new	36.22078174394997
2021-04-09	positive	active	3021.8528030179227
2021-04-09	infectious	new	11.32967400134919
2021-04-09	infectious	active	1865.1940965186752
2021-04-09	possymp	new	16.373018834752656
2021-04-09	possymp	active	616.0777178434495
2021-04-10	infections	start	170.1413937519815
2021-04-10	positive	start	175.9925557848195
2021-04-10	infectious	start	178.51625585403164
2021-04-10	symptoms	start	181.26296234864546
2021-04-10	infectious	end	177.0845735817471
2021-04-10	symptoms	end	163.0930943323371
2021-04-10	positive	end	145.88936220338712
2021-04-10	reported	end	154.4279250479516
2021-04-10	symptoms	new	18.169868016308357
2021-04-10	symptoms	active	1794.1516318814265
2021-04-10	presymp	new	-5.270406563825958
2021-04-10	presymp	active	624.5229147455289
2021-04-10	positive	new	30.10319358143238
2021-04-10	positive	active	3051.955996599355
2021-04-10	infectious	new	1.4316822722845473
2021-04-10	infectious	active	1866.6257787909597
2021-04-10	possymp	new	17.20373212894998
2021-04-10	possymp	active	633.2814499723995
2021-04-11	infections	start	168.1367247705959
2021-04-11	positive	start	173.00882791027166
2021-04-11	infectious	start	175.96547274885097
2021-04-11	symptoms	start	179.18989156909387
2021-04-11	infectious	end	182.59290770849114
2021-04-11	symptoms	end	169.71996283724494
2021-04-11	positive	end	150.78484172331736
2021-04-11	reported	end	107.90771160182953
2021-04-11	symptoms	new	9.469928731848938
2021-04-11	symptoms	active	1803.6215606132755
2021-04-11	presymp	new	-6.181063658822211
2021-04-11	presymp	active	618.3418510867066
2021-04-11	positive	new	22.223986186954306
2021-04-11	positive	active	3074.179982786309
2021-04-11	infectious	new	-6.627434959640169
2021-04-11	infectious	active	1859.9983438313195
2021-04-11	possymp	new	18.93512111392758
2021-04-11	possymp	active	652.216571086327
2021-04-12	infections	start	166.34431315618394
2021-04-12	positive	start	170.17938282645144
2021-04-12	infectious	start	173.00253378927505
2021-04-12	symptoms	start	176.91811317943288
2021-04-12	infectious	end	184.88572430447715
2021-04-12	symptoms	end	177.05717937984954
2021-04-12	positive	end	155.88987894591705
2021-04-12	reported	end	246.98876211085428
2021-04-12	symptoms	new	-0.1390662004166643
2021-04-12	symptoms	active	1803.4824944128588
2021-04-12	presymp	new	-6.738730352981435
2021-04-12	presymp	active	611.6031207337252
2021-04-12	positive	new	14.289503880534397
2021-04-12	positive	active	3088.4694866668437
2021-04-12	infectious	new	-11.883190515202102
2021-04-12	infectious	active	1848.1151533161174
2021-04-12	possymp	new	21.167300433932496
2021-04-12	possymp	active	673.3838715202595
2021-04-13	infections	start	164.2398708620156
2021-04-13	positive	start	168.18196411069513
2021-04-13	infectious	start	170.18943987634322
2021-04-13	symptoms	start	174.55222068311545
2021-04-13	infectious	end	183.91090677993233
2021-04-13	symptoms	end	182.24408149145816
2021-04-13	positive	end	159.8712747088578
2021-04-13	reported	end	195.67265037131756
2021-04-13	symptoms	new	-7.69186080834271
2021-04-13	symptoms	active	1795.7906336045162
2021-04-13	presymp	new	-6.370256572420317
2021-04-13	presymp	active	605.2328641613049
2021-04-13	positive	new	8.310689401837323
2021-04-13	positive	active	3096.780176068681
2021-04-13	infectious	new	-13.721466903589118
2021-04-13	infectious	active	1834.3936864125283
2021-04-13	possymp	new	22.37280678260035
2021-04-13	possymp	active	695.7566783028599
2021-04-14	infections	start	161.29959480934852
2021-04-14	positive	start	166.40201330847046
2021-04-14	infectious	start	168.20644266461355
2021-04-14	symptoms	start	171.76796336611866
2021-04-14	infectious	end	182.17182439242495
2021-04-14	symptoms	end	184.70052737712652
2021-04-14	positive	end	163.0507265161833
2021-04-14	reported	end	193.7542910539517
2021-04-14	symptoms	new	-12.932564011007855
2021-04-14	symptoms	active	1782.8580695935084
2021-04-14	presymp	new	-5.365950057648206
2021-04-14	presymp	active	599.8669141036567
2021-04-14	positive	new	3.351286792287169
2021-04-14	positive	active	3100.131462860968
2021-04-14	infectious	new	-13.965381727811405
2021-04-14	infectious	active	1820.428304684717
2021-04-14	possymp	new	21.64980086094323
2021-04-14	possymp	active	717.4064791638032
2021-04-15	infections	start	157.07717268720046
2021-04-15	positive	start	164.3207536010576
2021-04-15	infectious	start	166.4452891592514
2021-04-15	symptoms	start	169.12302069300338
2021-04-15	infectious	end	181.3247833165524
2021-04-15	symptoms	end	184.22158264057737
2021-04-15	positive	end	166.74172641401682
2021-04-15	reported	end	185.12167412580533
2021-04-15	symptoms	new	-15.098561947573984
2021-04-15	symptoms	active	1767.7595076459343
2021-04-15	presymp	new	-4.802267091945794
2021-04-15	presymp	active	595.0646470117109
2021-04-15	positive	new	-2.420972812959235
2021-04-15	positive	active	3097.710490048009
2021-04-15	infectious	new	-14.879494157301025
2021-04-15	infectious	active	1805.548810527416
2021-04-15	possymp	new	17.479856226560543
2021-04-15	possymp	active	734.8863353903637
2021-04-16	infections	start	151.85885797179537
2021-04-16	positive	start	161.41645766527813
2021-04-16	infectious	start	164.39301717948732
2021-04-16	symptoms	start	167.30804721456758
2021-04-16	infectious	end	181.03585808175742
2021-04-16	symptoms	end	182.63942826478765
2021-04-16	positive	end	172.27317022677548
2021-04-16	reported	end	187.04003344317118
2021-04-16	symptoms	new	-15.331381050220074
2021-04-16	symptoms	active	1752.4281265957143
2021-04-16	presymp	new	-5.891589549289449
2021-04-16	presymp	active	589.1730574624214
2021-04-16	positive	new	-10.856712561497346
2021-04-16	positive	active	3086.8537774865117
2021-04-16	infectious	new	-16.64284090227011
2021-04-16	infectious	active	1788.9059696251459
2021-04-16	possymp	new	10.366258038012177
2021-04-16	possymp	active	745.2525934283758
2021-04-17	infections	start	146.22282023752152
2021-04-17	positive	start	157.23886580833013
2021-04-17	infectious	start	161.52976477625126
2021-04-17	symptoms	start	165.73534187792617
2021-04-17	infectious	end	180.63966430083448
2021-04-17	symptoms	end	181.7934674088265
2021-04-17	positive	end	178.55006814037483
2021-04-17	reported	end	121.33622682339055
2021-04-17	symptoms	new	-16.058125530900327
2021-04-17	symptoms	active	1736.370001064814
2021-04-17	presymp	new	-8.496476069596042
2021-04-17	presymp	active	580.6765813928254
2021-04-17	positive	new	-21.3112023320447
2021-04-17	positive	active	3065.5425751544667
2021-04-17	infectious	new	-19.109899524583227
2021-04-17	infectious	active	1769.7960701005625
2021-04-17	possymp	new	3.243399268451668
2021-04-17	possymp	active	748.4959926968276
2021-04-18	infections	start	140.75450554361578
2021-04-18	positive	start	152.06428430572325
2021-04-18	infectious	start	157.40097115735713
2021-04-18	symptoms	start	163.9053378097265
2021-04-18	infectious	end	179.18188457907223
2021-04-18	symptoms	end	181.2428653076833
2021-04-18	positive	end	183.1323480189594
2021-04-18	reported	end	87.28534894014656
2021-04-18	symptoms	new	-17.337527497956813
2021-04-18	symptoms	active	1719.032473566857
2021-04-18	presymp	new	-11.841053504003241
2021-04-18	presymp	active	568.8355278888222
2021-04-18	positive	new	-31.068063713236143
2021-04-18	positive	active	3034.474511441231
2021-04-18	infectious	new	-21.7809134217151
2021-04-18	infectious	active	1748.0151566788475
2021-04-18	possymp	new	-1.889482711276088
2021-04-18	possymp	active	746.6065099855514
2021-04-19	infections	start	136.17213663164478
2021-04-19	positive	start	146.45657328978584
2021-04-19	infectious	start	152.27101659995262
2021-04-19	symptoms	start	161.295820008043
2021-04-19	infectious	end	176.74384042842652
2021-04-19	symptoms	end	180.58117378426235
2021-04-19	positive	end	185.40609020444938
2021-04-19	reported	end	231.6418875719274
2021-04-19	symptoms	new	-19.285353776219353
2021-04-19	symptoms	active	1699.7471197906377
2021-04-19	presymp	new	-14.839246718257158
2021-04-19	presymp	active	553.996281170565
2021-04-19	positive	new	-38.94951691466355
2021-04-19	positive	active	2995.5249945265673
2021-04-19	infectious	new	-24.472823828473906
2021-04-19	infectious	active	1723.5423328503734
2021-04-19	possymp	new	-4.824916420187037
2021-04-19	possymp	active	741.7815935653643
2021-04-20	infections	start	132.32747499583166
2021-04-20	positive	start	140.99073158896613
2021-04-20	infectious	start	146.68576500860257
2021-04-20	symptoms	start	157.39157171743432
2021-04-20	infectious	end	174.2762541093915
2021-04-20	symptoms	end	179.10280281333175
2021-04-20	positive	end	184.77996898137957
2021-04-20	reported	end	197.11141985934196
2021-04-20	symptoms	new	-21.711231095897432
2021-04-20	symptoms	active	1678.0358886947404
2021-04-20	presymp	new	-16.40084012846819
2021-04-20	presymp	active	537.5954410420968
2021-04-20	positive	new	-43.78923739241344
2021-04-20	positive	active	2951.7357571341536
2021-04-20	infectious	new	-27.590489100788915
2021-04-20	infectious	active	1695.9518437495847
2021-04-20	possymp	new	-5.677166168047819
2021-04-20	possymp	active	736.1044273973166
2021-04-21	infections	start	128.52377072463946
2021-04-21	positive	start	136.3884051890752
2021-04-21	infectious	start	141.21320730998983
2021-04-21	symptoms	start	152.3813891155415
2021-04-21	infectious	end	172.4611364987215
2021-04-21	symptoms	end	176.8262277303983
2021-04-21	positive	end	182.86115731520144
2021-04-21	reported	end	203.34608764078098
2021-04-21	symptoms	new	-24.444838614856792
2021-04-21	symptoms	active	1653.5910500798834
2021-04-21	presymp	new	-15.992983926466309
2021-04-21	presymp	active	521.6024571156305
2021-04-21	positive	new	-46.47275212612624
2021-04-21	positive	active	2905.2630050080274
2021-04-21	infectious	new	-31.24792918873166
2021-04-21	infectious	active	1664.703914560853
2021-04-21	possymp	new	-6.0349295848031375
2021-04-21	possymp	active	730.0694978125134
2021-04-22	infections	start	124.0686424975087
2021-04-22	positive	start	132.5142677698606
2021-04-22	infectious	start	136.5855952628511
2021-04-22	symptoms	start	146.81261205729368
2021-04-22	infectious	end	171.4401921784588
2021-04-22	symptoms	end	174.55989066273096
2021-04-22	positive	end	181.49917552648722
2021-04-22	reported	end	187.04003344317118
2021-04-22	symptoms	new	-27.747278605437288
2021-04-22	symptoms	active	1625.8437714744462
2021-04-22	presymp	new	-14.298344287433082
2021-04-22	presymp	active	507.3041128281974
2021-04-22	positive	new	-48.984907756626626
2021-04-22	positive	active	2856.278097251401
2021-04-22	infectious	new	-34.854596915607715
2021-04-22	infectious	active	1629.8493176452453
2021-04-22	possymp	new	-6.9392848637562565
2021-04-22	possymp	active	723.1302129487572
2021-04-23	infections	start	118.8816535285418
2021-04-23	positive	start	128.68612557884455
2021-04-23	infectious	start	132.68297762360967
2021-04-23	symptoms	start	141.31016068435736
2021-04-23	infectious	end	171.05806794697986
2021-04-23	symptoms	end	173.0300311806622
2021-04-23	positive	end	180.4715756492391
2021-04-23	reported	end	163.06054197609797
2021-04-23	symptoms	new	-31.71987049630485
2021-04-23	symptoms	active	1594.1239009781414
2021-04-23	presymp	new	-12.624035105512803
2021-04-23	presymp	active	494.6800777226846
2021-04-23	positive	new	-51.785450070394546
2021-04-23	positive	active	2804.4926471810063
2021-04-23	infectious	new	-38.37509032337019
2021-04-23	infectious	active	1591.474227321875
2021-04-23	possymp	new	-7.441544468576893
2021-04-23	possymp	active	715.6886684801802
2021-04-24	infections	start	113.71275169247821
2021-04-24	positive	start	124.22147789281351
2021-04-24	infectious	start	128.83805048981822
2021-04-24	symptoms	start	136.6796637573916
2021-04-24	infectious	end	170.32136949028106
2021-04-24	symptoms	end	172.19755744616603
2021-04-24	positive	end	179.56858444595395
2021-04-24	reported	end	105.98935228446368
2021-04-24	symptoms	new	-35.51789368877442
2021-04-24	symptoms	active	1558.606007289367
2021-04-24	presymp	new	-12.458185864578098
2021-04-24	presymp	active	482.2218918581065
2021-04-24	positive	new	-55.347106553140435
2021-04-24	positive	active	2749.145540627866
2021-04-24	infectious	new	-41.48331900046284
2021-04-24	infectious	active	1549.9909083214122
2021-04-24	possymp	new	-7.371026999787915
2021-04-24	possymp	active	708.3176414803924
2021-04-25	infections	start	109.10173119407305
2021-04-25	positive	start	119.03910317438071
2021-04-25	infectious	start	124.37510428518145
2021-04-25	symptoms	start	132.86329383727679
2021-04-25	infectious	end	167.9555715352995
2021-04-25	symptoms	end	171.71312289720353
2021-04-25	positive	end	178.07000629068327
2021-04-25	reported	end	90.16288791619534
2021-04-25	symptoms	new	-38.84982905992675
2021-04-25	symptoms	active	1519.7561782294401
2021-04-25	presymp	new	-13.824190662896072
2021-04-25	presymp	active	468.3977011952104
2021-04-25	positive	new	-59.030903116302554
2021-04-25	positive	active	2690.114637511563
2021-04-25	infectious	new	-43.58046725011805
2021-04-25	infectious	active	1506.4104410712941
2021-04-25	possymp	new	-6.356883393479734
2021-04-25	possymp	active	701.9607580869126
2021-04-26	infections	start	105.58547754672603
2021-04-26	positive	start	113.87847945866501
2021-04-26	infectious	start	119.20615566217431
2021-04-26	symptoms	start	129.20323575577726
2021-04-26	infectious	end	163.7544340433054
2021-04-26	symptoms	end	170.8023092025286
2021-04-26	positive	end	175.817691144308
2021-04-26	reported	end	226.3663994491713
2021-04-26	symptoms	new	-41.59907344675133
2021-04-26	symptoms	active	1478.157104782689
2021-04-26	presymp	new	-15.324756297112245
2021-04-26	presymp	active	453.07294489809817
2021-04-26	positive	new	-61.939211685642974
2021-04-26	positive	active	2628.1754258259202
2021-04-26	infectious	new	-44.548278381131084
2021-04-26	infectious	active	1461.8621626901631
2021-04-26	possymp	new	-5.0153819417793954
2021-04-26	possymp	active	696.9453761451332
2021-04-27	infections	start	102.88421597815416
2021-04-27	positive	start	109.26598885796764
2021-04-27	infectious	start	114.0563963698027
2021-04-27	symptoms	start	124.97313989175292
2021-04-27	infectious	end	158.54103171175993
2021-04-27	symptoms	end	168.36620813832246
2021-04-27	positive	end	173.41770618518063
2021-04-27	reported	end	180.3257758323907
2021-04-27	symptoms	new	-43.39306824656954
2021-04-27	symptoms	active	1434.7640365361194
2021-04-27	presymp	new	-15.70715103378528
2021-04-27	presymp	active	437.3657938643129
2021-04-27	positive	new	-64.15171732721299
2021-04-27	positive	active	2564.0237084987075
2021-04-27	infectious	new	-44.48463534195723
2021-04-27	infectious	active	1417.3775273482058
2021-04-27	possymp	new	-5.051498046858171
2021-04-27	possymp	active	691.8938780982751
2021-04-28	infections	start	100.19169704513509
2021-04-28	positive	start	105.7306720094179
2021-04-28	infectious	start	109.4381324789673
2021-04-28	symptoms	start	120.00027222547222
2021-04-28	infectious	end	153.2192309203508
2021-04-28	symptoms	end	164.21843852086363
2021-04-28	positive	end	171.43190511375326
2021-04-28	reported	end	170.25438941621994
2021-04-28	symptoms	new	-44.21816629539141
2021-04-28	symptoms	active	1390.545870240728
2021-04-28	presymp	new	-14.269600216054315
2021-04-28	presymp	active	423.0961936482586
2021-04-28	positive	new	-65.70123310433536
2021-04-28	positive	active	2498.322475394372
2021-04-28	infectious	new	-43.781098441383506
2021-04-28	infectious	active	1373.5964289068224
2021-04-28	possymp	new	-7.213466592889631
2021-04-28	possymp	active	684.6804115053855
2021-04-29	infections	start	97.26087445273807
2021-04-29	positive	start	102.99506038735333
2021-04-29	infectious	start	105.8757893596534
2021-04-29	symptoms	start	114.93827962596202
2021-04-29	infectious	end	148.17501205220745
2021-04-29	symptoms	end	158.99399501875334
2021-04-29	positive	end	169.83672385370772
2021-04-29	reported	end	138.1218708503418
2021-04-29	symptoms	new	-44.05571539279131
2021-04-29	symptoms	active	1346.4901548479365
2021-04-29	presymp	new	-11.943219238608691
2021-04-29	presymp	active	411.1529744096499
2021-04-29	positive	new	-66.84166346635439
2021-04-29	positive	active	2431.480811928018
2021-04-29	infectious	new	-42.299222692554054
2021-04-29	infectious	active	1331.2972062142683
2021-04-29	possymp	new	-10.842728834954386
2021-04-29	possymp	active	673.837682670431
2021-04-30	infections	start	93.83804186659992
2021-04-30	positive	start	100.26506343089102
2021-04-30	infectious	start	103.10121964242455
2021-04-30	symptoms	start	110.29972250988297
2021-04-30	infectious	end	143.75240302579687
2021-04-30	symptoms	end	153.7104186888495
2021-04-30	positive	end	168.53029467562084
2021-04-30	reported	end	122.77499631141494
2021-04-30	symptoms	new	-43.41069617896653
2021-04-30	symptoms	active	1303.0794586689701
2021-04-30	presymp	new	-10.03465907899195
2021-04-30	presymp	active	401.11831533065794
2021-04-30	positive	new	-68.26523124472982
2021-04-30	positive	active	2363.215580683288
2021-04-30	infectious	new	-40.65118338337231
2021-04-30	infectious	active	1290.646022830896
2021-04-30	possymp	new	-14.819875986771336
2021-04-30	possymp	active	659.0178066836597
2021-05-01	infections	start	90.68212442038183
2021-05-01	positive	start	97.30740668572291
2021-05-01	infectious	start	100.33689644565517
2021-05-01	symptoms	start	106.68258128326501
2021-05-01	infectious	end	139.9043422277335
2021-05-01	symptoms	end	148.73186657740223
2021-05-01	positive	end	167.01488924185819
2021-05-01	reported	end	97.35673535631732
2021-05-01	symptoms	new	-42.04928529413722
2021-05-01	symptoms	active	1261.0301733748329
2021-05-01	presymp	new	-9.375174597542099
2021-05-01	presymp	active	391.74314073311587
2021-05-01	positive	new	-69.70748255613528
2021-05-01	positive	active	2293.5080981271526
2021-05-01	infectious	new	-39.56744578207834
2021-05-01	infectious	active	1251.0785770488176
2021-05-01	possymp	new	-18.283022664455956
2021-05-01	possymp	active	640.7347840192037
2021-05-02	infections	start	88.57554999170686
2021-05-02	positive	start	93.87253709209708
2021-05-02	infectious	start	97.36162712705149
2021-05-02	symptoms	start	103.90286435165412
2021-05-02	infectious	end	136.18759837175932
2021-05-02	symptoms	end	144.29718258643538
2021-05-02	positive	end	164.3049624256809
2021-05-02	reported	end	57.55077952097575
2021-05-02	symptoms	new	-40.39431823478127
2021-05-02	symptoms	active	1220.6358551400515
2021-05-02	presymp	new	-10.03032725955704
2021-05-02	presymp	active	381.7128134735588
2021-05-02	positive	new	-70.43242533358384
2021-05-02	positive	active	2223.0756727935686
2021-05-02	infectious	new	-38.82597124470783
2021-05-02	infectious	active	1212.2526058041099
2021-05-02	possymp	new	-20.00777983924553
2021-05-02	possymp	active	620.7270041799583
2021-05-03	infections	start	87.29141843544316
2021-05-03	positive	start	90.71215824350553
2021-05-03	infectious	start	93.92325845958015
2021-05-03	symptoms	start	101.21436693818544
2021-05-03	infectious	end	132.0941933912707
2021-05-03	symptoms	end	140.35558532673105
2021-05-03	positive	end	160.1356400347659
2021-05-03	reported	end	146.75448777848817
2021-05-03	symptoms	new	-39.14121838854561
2021-05-03	symptoms	active	1181.494636751506
2021-05-03	presymp	new	-10.502208694679908
2021-05-03	presymp	active	371.2106047788789
2021-05-03	positive	new	-69.42348179126039
2021-05-03	positive	active	2153.6521910023084
2021-05-03	infectious	new	-38.17093493169054
2021-05-03	infectious	active	1174.0816708724192
2021-05-03	possymp	new	-19.780054708034868
2021-05-03	possymp	active	600.9469494719234
2021-05-04	infections	start	86.6086385247568
2021-05-04	positive	start	88.59775988657375
2021-05-04	infectious	start	90.76053427502977
2021-05-04	symptoms	start	98.35316284903048
2021-05-04	infectious	end	127.33326742475852
2021-05-04	symptoms	end	136.44262300521666
2021-05-04	positive	end	155.01096117458908
2021-05-04	reported	end	147.23407760782962
2021-05-04	symptoms	new	-38.08946015618618
2021-05-04	symptoms	active	1143.4051765953197
2021-05-04	presymp	new	-9.755402962456728
2021-05-04	presymp	active	361.4552018164222
2021-05-04	positive	new	-66.41320128801533
2021-05-04	positive	active	2087.238989714293
2021-05-04	infectious	new	-36.57273314972875
2021-05-04	infectious	active	1137.5089377226905
2021-05-04	possymp	new	-18.568338169372424
2021-05-04	possymp	active	582.3786113025509
2021-05-05	infections	start	85.4416084247748
2021-05-05	positive	start	87.29672198490714
2021-05-05	infectious	start	88.63379734884197
2021-05-05	symptoms	start	94.9889490043954
2021-05-05	infectious	end	122.27636355007171
2021-05-05	symptoms	end	132.1973872957972
2021-05-05	positive	end	149.79307112301208
2021-05-05	reported	end	134.28515221561008
2021-05-05	symptoms	new	-37.208438291401805
2021-05-05	symptoms	active	1106.196738303918
2021-05-05	presymp	new	-7.692227019488257
2021-05-05	presymp	active	353.7629747969339
2021-05-05	positive	new	-62.49634913810495
2021-05-05	positive	active	2024.742640576188
2021-05-05	infectious	new	-33.64256620122974
2021-05-05	infectious	active	1103.866371521461
2021-05-05	possymp	new	-17.595683827214884
2021-05-05	possymp	active	564.782927475336
2021-05-06	infections	start	83.27293618294986
2021-05-06	positive	start	86.5924258969153
2021-05-06	infectious	start	87.30810436487542
2021-05-06	symptoms	start	91.8113290950581
2021-05-06	infectious	end	117.48373278707336
2021-05-06	symptoms	end	127.39590051734186
2021-05-06	positive	end	144.7439619061585
2021-05-06	reported	end	109.34648108985392
2021-05-06	symptoms	new	-35.58457142228376
2021-05-06	symptoms	active	1070.6121668816343
2021-05-06	presymp	new	-5.218903198142797
2021-05-06	presymp	active	348.5440715987911
2021-05-06	positive	new	-58.15153600924319
2021-05-06	positive	active	1966.591104566945
2021-05-06	infectious	new	-30.175628422197946
2021-05-06	infectious	active	1073.6907430992628
2021-05-06	possymp	new	-17.34806138881663
2021-05-06	possymp	active	547.4348660865194
2021-05-07	infections	start	80.73706948595985
2021-05-07	positive	start	85.41162325713876
2021-05-07	infectious	start	86.57776198509087
2021-05-07	symptoms	start	89.60081346804517
2021-05-07	infectious	end	113.28209431173458
2021-05-07	symptoms	end	122.31559030261602
2021-05-07	positive	end	140.10467186959835
2021-05-07	reported	end	119.89745733536616
2021-05-07	symptoms	new	-32.71477683457084
2021-05-07	symptoms	active	1037.8973900470635
2021-05-07	presymp	new	-4.189190210906418
2021-05-07	presymp	active	344.3548813878847
2021-05-07	positive	new	-54.69304861245959
2021-05-07	positive	active	1911.8980559544852
2021-05-07	infectious	new	-26.70433232664371
2021-05-07	infectious	active	1046.9864107726191
2021-05-07	possymp	new	-17.789081566982333
2021-05-07	possymp	active	529.6457845195371
2021-05-08	infections	start	78.46692299410653
2021-05-08	positive	start	83.24661943427897
2021-05-08	infectious	start	85.38491752798335
2021-05-08	symptoms	start	88.1898069710096
2021-05-08	infectious	end	109.82623920816124
2021-05-08	symptoms	end	117.55541841985917
2021-05-08	positive	end	135.9305534993905
2021-05-08	reported	end	78.6527320120002
2021-05-08	symptoms	new	-29.365611448849563
2021-05-08	symptoms	active	1008.5317785982138
2021-05-08	presymp	new	-4.943187536730633
2021-05-08	presymp	active	339.41169385115404
2021-05-08	positive	new	-52.68393406511153
2021-05-08	positive	active	1859.2141218893737
2021-05-08	infectious	new	-24.441321680177893
2021-05-08	infectious	active	1022.5450890924412
2021-05-08	possymp	new	-18.375135079531333
2021-05-08	possymp	active	511.27064944000574
2021-05-09	infections	start	77.06229617466963
2021-05-09	positive	start	80.7299822459256
2021-05-09	infectious	start	83.22864825987696
2021-05-09	symptoms	start	87.43678797001603
2021-05-09	infectious	end	106.78682513051204
2021-05-09	symptoms	end	113.32734094493061
2021-05-09	positive	end	131.92101122163277
2021-05-09	reported	end	62.82626764373186
2021-05-09	symptoms	new	-25.890552974914584
2021-05-09	symptoms	active	982.6412256232992
2021-05-09	presymp	new	-6.7068057240904295
2021-05-09	presymp	active	332.7048881270636
2021-05-09	positive	new	-51.19102897570717
2021-05-09	positive	active	1808.0230929136667
2021-05-09	infectious	new	-23.55817687063508
2021-05-09	infectious	active	998.9869122218062
2021-05-09	possymp	new	-18.593670276702156
2021-05-09	possymp	active	492.6769791633036
2021-05-10	infections	start	75.95591168615745
2021-05-10	positive	start	78.48256493063211
2021-05-10	infectious	start	80.73414263051758
2021-05-10	symptoms	start	86.29685685757455
2021-05-10	infectious	end	103.74865045826557
2021-05-10	symptoms	end	109.74697229146727
2021-05-10	positive	end	127.7927981599991
2021-05-10	reported	end	127.57089460482959
2021-05-10	symptoms	new	-23.45011543389272
2021-05-10	symptoms	active	959.1911101894066
2021-05-10	presymp	new	-7.814291926942445
2021-05-10	presymp	active	324.8905962001212
2021-05-10	positive	new	-49.310233229366986
2021-05-10	positive	active	1758.7128596842997
2021-05-10	infectious	new	-23.01450782774799
2021-05-10	infectious	active	975.9724043940582
2021-05-10	possymp	new	-18.04582586853182
2021-05-10	possymp	active	474.63115329477176
2021-05-11	infections	start	74.03746800151444
2021-05-11	positive	start	77.0917264596255
2021-05-11	infectious	start	78.5045298400973
2021-05-11	symptoms	start	84.20527675567442
2021-05-11	infectious	end	100.49337358570513
2021-05-11	symptoms	end	106.55919477860333
2021-05-11	positive	end	123.2736562081859
2021-05-11	reported	end	110.30566074853685
2021-05-11	symptoms	new	-22.35391802292891
2021-05-11	symptoms	active	936.8371921664776
2021-05-11	presymp	new	-7.113550296048913
2021-05-11	presymp	active	317.7770459040723
2021-05-11	positive	new	-46.18192974856039
2021-05-11	positive	active	1712.530929935739
2021-05-11	infectious	new	-21.988843745607824
2021-05-11	infectious	active	953.9835606484504
2021-05-11	possymp	new	-16.71446142958257
2021-05-11	possymp	active	457.9166918651892
2021-05-12	infections	start	71.79582464161352
2021-05-12	positive	start	75.98745088778041
2021-05-12	infectious	start	77.11659071004198
2021-05-12	symptoms	start	81.70515510321172
2021-05-12	infectious	end	97.1406098839937
2021-05-12	symptoms	end	103.35534432321022
2021-05-12	positive	end	118.52513132363418
2021-05-12	reported	end	96.39755569763439
2021-05-12	symptoms	new	-21.650189219998495
2021-05-12	symptoms	active	915.1870029464791
2021-05-12	presymp	new	-5.717704215431311
2021-05-12	presymp	active	312.059341688641
2021-05-12	positive	new	-42.53768043585377
2021-05-12	positive	active	1669.9932494998855
2021-05-12	infectious	new	-20.02401917395173
2021-05-12	infectious	active	933.9595414744987
2021-05-12	possymp	new	-15.169787000423966
2021-05-12	possymp	active	442.7469048647652
2021-05-13	infections	start	69.1831119481482
2021-05-13	positive	start	74.06721442744129
2021-05-13	infectious	start	76.00417124703704
2021-05-13	symptoms	start	79.37945752193262
2021-05-13	infectious	end	94.40959055978482
2021-05-13	symptoms	end	100.13447956432685
2021-05-13	positive	end	114.01783052461914
2021-05-13	reported	end	54.67324054492696
2021-05-13	symptoms	new	-20.75502204239423
2021-05-13	symptoms	active	894.4319809040849
2021-05-13	presymp	new	-5.312243094491336
2021-05-13	presymp	active	306.74709859414963
2021-05-13	positive	new	-39.95061609717786
2021-05-13	positive	active	1630.0426334027077
2021-05-13	infectious	new	-18.40541931274778
2021-05-13	infectious	active	915.5541221617508
2021-05-13	possymp	new	-13.88335096029229
2021-05-13	possymp	active	428.86355390447295
2021-05-14	infections	start	65.6024017307548
2021-05-14	positive	start	71.83231197063466
2021-05-14	infectious	start	74.078089548995
2021-05-14	symptoms	start	77.85065393191753
2021-05-14	infectious	end	92.6822836835076
2021-05-14	symptoms	end	96.96539005776918
2021-05-14	positive	end	109.93550089536143
2021-05-14	reported	end	84.88739979343923
2021-05-14	symptoms	new	-19.11473612585165
2021-05-14	symptoms	active	875.3172447782332
2021-05-14	presymp	new	-6.0183419612828715
2021-05-14	presymp	active	300.72875663286675
2021-05-14	positive	new	-38.103188924726766
2021-05-14	positive	active	1591.9394444779807
2021-05-14	infectious	new	-18.60419413451261
2021-05-14	infectious	active	896.9499280272382
2021-05-14	possymp	new	-12.970110837592244
2021-05-14	possymp	active	415.8934430668807
2021-05-15	infections	start	62.00924823229527
2021-05-15	positive	start	69.2394217033804
2021-05-15	infectious	start	71.8543546956391
2021-05-15	symptoms	start	76.63834059934734
2021-05-15	infectious	end	91.81900367173945
2021-05-15	symptoms	end	94.40335301264874
2021-05-15	positive	end	106.46551681340974
2021-05-15	reported	end	68.58134559582943
2021-05-15	symptoms	new	-17.765012413301392
2021-05-15	symptoms	active	857.5522323649318
2021-05-15	presymp	new	-7.398918895966943
2021-05-15	presymp	active	293.32983773689983
2021-05-15	positive	new	-37.226095110029334
2021-05-15	positive	active	1554.7133493679514
2021-05-15	infectious	new	-19.96464897610035
2021-05-15	infectious	active	876.9852790511379
2021-05-15	possymp	new	-12.062163800760999
2021-05-15	possymp	active	403.8312792661197
2021-05-16	infections	start	58.82557989701258
2021-05-16	positive	start	65.68126823710007
2021-05-16	infectious	start	69.28793752123308
2021-05-16	symptoms	start	74.70925793335928
2021-05-16	infectious	end	91.18093636459528
2021-05-16	symptoms	end	92.82189591692045
2021-05-16	positive	end	103.47064542681693
2021-05-16	reported	end	54.1936507155855
2021-05-16	symptoms	new	-18.11263798356117
2021-05-16	symptoms	active	839.4395943813706
2021-05-16	presymp	new	-9.027989696259212
2021-05-16	presymp	active	284.3018480406406
2021-05-16	positive	new	-37.78937718971686
2021-05-16	positive	active	1516.9239721782346
2021-05-16	infectious	new	-21.892998843362207
2021-05-16	infectious	active	855.0922802077757
2021-05-16	possymp	new	-10.648749509896476
2021-05-16	possymp	active	393.18252975622323
2021-05-17	infections	start	56.47589522236595
2021-05-17	positive	start	62.09916109352762
2021-05-17	infectious	start	65.75403038570785
2021-05-17	symptoms	start	72.55095069199277
2021-05-17	infectious	end	89.54042420345176
2021-05-17	symptoms	end	91.80131114105266
2021-05-17	positive	end	100.6269342701322
2021-05-17	reported	end	127.57089460482959
2021-05-17	symptoms	new	-19.250360449059897
2021-05-17	symptoms	active	820.1892339323108
2021-05-17	presymp	new	-10.451789598465147
2021-05-17	presymp	active	273.85005844217545
2021-05-17	positive	new	-38.527773176604576
2021-05-17	positive	active	1478.39619900163
2021-05-17	infectious	new	-23.786393817743914
2021-05-17	infectious	active	831.3058863900318
2021-05-17	possymp	new	-8.825623129079531
2021-05-17	possymp	active	384.3569066271437
2021-05-18	infections	start	54.65871033426367
2021-05-18	positive	start	58.90853352680173
2021-05-18	infectious	start	62.17902670642432
2021-05-18	symptoms	start	70.03260772408582
2021-05-18	infectious	end	86.76882673986863
2021-05-18	symptoms	end	90.93929496267691
2021-05-18	positive	end	97.84555046179293
2021-05-18	reported	end	109.34648108985392
2021-05-18	symptoms	new	-20.90668723859109
2021-05-18	symptoms	active	799.2825466937197
2021-05-18	presymp	new	-11.124074197284088
2021-05-18	presymp	active	262.7259842448914
2021-05-18	positive	new	-38.93701693499119
2021-05-18	positive	active	1439.4591820666387
2021-05-18	infectious	new	-24.589800033444313
2021-05-18	infectious	active	806.7160863565874
2021-05-18	possymp	new	-6.906255499116014
2021-05-18	possymp	active	377.4506511280277
2021-05-19	infections	start	52.69535272040054
2021-05-19	positive	start	56.53972064722332
2021-05-19	infectious	start	58.976324504857985
2021-05-19	symptoms	start	66.45951797559968
2021-05-19	infectious	end	83.80498498900924
2021-05-19	symptoms	end	89.3135422887876
2021-05-19	positive	end	95.0105717440615
2021-05-19	reported	end	107.42812177248807
2021-05-19	symptoms	new	-22.85402431318792
2021-05-19	symptoms	active	776.4285223805317
2021-05-19	presymp	new	-9.919797328376362
2021-05-19	presymp	active	252.806186916515
2021-05-19	positive	new	-38.470851096838174
2021-05-19	positive	active	1400.9883309698007
2021-05-19	infectious	new	-24.828660484151257
2021-05-19	infectious	active	781.8874258724362
2021-05-19	possymp	new	-5.697029455273892
2021-05-19	possymp	active	371.7536216727538
2021-05-20	infections	start	50.43998390063348
2021-05-20	positive	start	54.70264242881674
2021-05-20	infectious	start	56.58815459720966
2021-05-20	symptoms	start	62.78790150203745
2021-05-20	infectious	end	81.57516490533517
2021-05-20	symptoms	end	86.74295830050686
2021-05-20	positive	end	92.52592018703312
2021-05-20	reported	end	78.17314218265874
2021-05-20	symptoms	new	-23.955056798469407
2021-05-20	symptoms	active	752.4734655820623
2021-05-20	presymp	new	-8.085259073220712
2021-05-20	presymp	active	244.72092784329428
2021-05-20	positive	new	-37.823277758216385
2021-05-20	positive	active	1363.1650532115843
2021-05-20	infectious	new	-24.987010308125512
2021-05-20	infectious	active	756.9004155643107
2021-05-20	possymp	new	-5.782961886526266
2021-05-20	possymp	active	365.97065978622754
2021-05-21	infections	start	47.73693983059031
2021-05-21	positive	start	52.72738872345407
2021-05-21	infectious	start	54.735839778315786
2021-05-21	symptoms	start	59.49984677474415
2021-05-21	infectious	end	80.38560380263104
2021-05-21	symptoms	end	84.09538355769615
2021-05-21	positive	end	90.75275541134928
2021-05-21	reported	end	65.70380661978065
2021-05-21	symptoms	new	-24.595536782952003
2021-05-21	symptoms	active	727.8779287991104
2021-05-21	presymp	new	-6.77245805129008
2021-05-21	presymp	active	237.9484697920042
2021-05-21	positive	new	-38.025366687895215
2021-05-21	positive	active	1325.139686523689
2021-05-21	infectious	new	-25.649764024315253
2021-05-21	infectious	active	731.2506515399955
2021-05-21	possymp	new	-6.657371853653132
2021-05-21	possymp	active	359.3132879325744
2021-05-22	infections	start	44.86975644055574
2021-05-22	positive	start	50.473444678442654
2021-05-22	infectious	start	52.754577628740904
2021-05-22	symptoms	start	57.06597708787233
2021-05-22	infectious	end	79.51699240024593
2021-05-22	symptoms	end	82.02620568420028
2021-05-22	positive	end	89.50291082479661
2021-05-22	reported	end	57.07118969163429
2021-05-22	symptoms	new	-24.96022859632795
2021-05-22	symptoms	active	702.9177002027824
2021-05-22	presymp	new	-6.592532409429673
2021-05-22	presymp	active	231.35593738257452
2021-05-22	positive	new	-39.02946614635396
2021-05-22	positive	active	1286.110220377335
2021-05-22	infectious	new	-26.76241477150502
2021-05-22	infectious	active	704.4882367684904
2021-05-22	possymp	new	-7.476705140596337
2021-05-22	possymp	active	351.83658279197806
2021-05-23	infections	start	42.206383721583556
2021-05-23	positive	start	47.785564957807246
2021-05-23	infectious	start	50.51010351119028
2021-05-23	symptoms	start	55.22825311255154
2021-05-23	infectious	end	77.86479816235094
2021-05-23	symptoms	end	80.78598523958311
2021-05-23	positive	end	88.6176895006239
2021-05-23	reported	end	38.367186347317165
2021-05-23	symptoms	new	-25.55773212703157
2021-05-23	symptoms	active	677.3599680757509
2021-05-23	presymp	new	-7.442688154744296
2021-05-23	presymp	active	223.91324922783025
2021-05-23	positive	new	-40.83212454281665
2021-05-23	positive	active	1245.2780958345184
2021-05-23	infectious	new	-27.354694651160656
2021-05-23	infectious	active	677.1335421173297
2021-05-23	possymp	new	-7.831704261040784
2021-05-23	possymp	active	344.0048785309373
2021-05-24	infections	start	39.7154009293461
2021-05-24	positive	start	44.938723468724604
2021-05-24	infectious	start	47.844949435880046
2021-05-24	symptoms	start	53.34405577249799
2021-05-24	infectious	end	74.64824177697227
2021-05-24	symptoms	end	79.63696296752887
2021-05-24	positive	end	87.20890951084417
2021-05-24	reported	end	51.79570156887818
2021-05-24	symptoms	new	-26.292907195030885
2021-05-24	symptoms	active	651.06706088072
2021-05-24	presymp	new	-8.405332303773385
2021-05-24	presymp	active	215.50791692405684
2021-05-24	positive	new	-42.27018604211956
2021-05-24	positive	active	1203.007909792399
2021-05-24	infectious	new	-26.803292341092224
2021-05-24	infectious	active	650.3302497762376
2021-05-24	possymp	new	-7.571946543315292
2021-05-24	possymp	active	336.432931987622
2021-05-25	infections	start	37.37507279233095
2021-05-25	positive	start	42.28937756738384
2021-05-25	infectious	start	45.019858714866984
2021-05-25	symptoms	start	51.236102665580646
2021-05-25	infectious	end	70.67535723915906
2021-05-25	symptoms	end	77.7778791947072
2021-05-25	positive	end	84.89253779323612
2021-05-25	reported	end	84.88739979343923
2021-05-25	symptoms	new	-26.54177652912655
2021-05-25	symptoms	active	624.5252843515934
2021-05-25	presymp	new	-8.946725098196808
2021-05-25	presymp	active	206.56119182586005
2021-05-25	positive	new	-42.60316022585228
2021-05-25	positive	active	1160.4047495665466
2021-05-25	infectious	new	-25.65549852429207
2021-05-25	infectious	active	624.6747512519455
2021-05-25	possymp	new	-7.114658598528919
2021-05-25	possymp	active	329.31827338909306
2021-05-26	infections	start	35.06708364392837
2021-05-26	positive	start	39.80007956529105
2021-05-26	infectious	start	42.38098582365349
2021-05-26	symptoms	start	48.67299929022276
2021-05-26	infectious	end	67.29021982904108
2021-05-26	symptoms	end	74.73916173231672
2021-05-26	positive	end	82.26014164737917
2021-05-26	reported	end	78.17314218265874
2021-05-26	symptoms	new	-26.066162442093955
2021-05-26	symptoms	active	598.4591219094995
2021-05-26	presymp	new	-8.872919724931712
2021-05-26	presymp	active	197.68827210092834
2021-05-26	positive	new	-42.46006208208812
2021-05-26	positive	active	1117.9446874844584
2021-05-26	infectious	new	-24.90923400538759
2021-05-26	infectious	active	599.7655172465579
2021-05-26	possymp	new	-7.520979915062455
2021-05-26	possymp	active	321.7972934740306
2021-05-27	infections	start	32.743232303895766
2021-05-27	positive	start	37.45129137187835
2021-05-27	infectious	start	39.88819466749087
2021-05-27	symptoms	start	45.871852235415076
2021-05-27	infectious	end	64.33398485251917
2021-05-27	symptoms	end	70.78845942781722
2021-05-27	positive	end	79.88851215249262
2021-05-27	reported	end	70.4997049131953
2021-05-27	symptoms	new	-24.91660719240214
2021-05-27	symptoms	active	573.5425147170973
2021-05-27	presymp	new	-8.420560863536728
2021-05-27	presymp	active	189.2677112373916
2021-05-27	positive	new	-42.437220780614275
2021-05-27	positive	active	1075.5074667038443
2021-05-27	infectious	new	-24.445790185028294
2021-05-27	infectious	active	575.3197270615295
2021-05-27	possymp	new	-9.100052724675407
2021-05-27	possymp	active	312.6972407493552
2021-05-28	infections	start	30.49048832615501
2021-05-28	positive	start	35.13200476794309
2021-05-28	infectious	start	37.52866901116126
2021-05-28	symptoms	start	43.19491114922852
2021-05-28	infectious	end	61.754146987083345
2021-05-28	symptoms	end	67.31646976557384
2021-05-28	positive	end	78.19159711265192
2021-05-28	reported	end	51.79570156887818
2021-05-28	symptoms	new	-24.121558616345325
2021-05-28	symptoms	active	549.4209561007519
2021-05-28	presymp	new	-8.06290638128543
2021-05-28	presymp	active	181.20480485610616
2021-05-28	positive	new	-43.05959234470883
2021-05-28	positive	active	1032.4478743591353
2021-05-28	infectious	new	-24.225477975922082
2021-05-28	infectious	active	551.0942490856075
2021-05-28	possymp	new	-10.875127347078077
2021-05-28	possymp	active	301.8221134022771
2021-05-29	infections	start	28.388523907468887
2021-05-29	positive	start	32.80038278960219
2021-05-29	infectious	start	35.199959268952355
2021-05-29	symptoms	start	40.65020907274923
2021-05-29	infectious	end	59.92822601075182
2021-05-29	symptoms	end	64.52516045868808
2021-05-29	positive	end	76.75154960086138
2021-05-29	reported	end	46.520213446122064
2021-05-29	symptoms	new	-23.87495138593885
2021-05-29	symptoms	active	525.5460047148131
2021-05-29	presymp	new	-7.8498262831470385
2021-05-29	presymp	active	173.35497857295914
2021-05-29	positive	new	-43.95116681125919
2021-05-29	positive	active	988.4967075478762
2021-05-29	infectious	new	-24.728266741799466
2021-05-29	infectious	active	526.365982343808
2021-05-29	possymp	new	-12.226389142173304
2021-05-29	possymp	active	289.5957242601038
2021-05-30	infections	start	26.461739861699318
2021-05-30	positive	start	30.545688526319772
2021-05-30	infectious	start	32.86450835063991
2021-05-30	symptoms	start	38.262735780296225
2021-05-30	infectious	end	58.291153999885175
2021-05-30	symptoms	end	62.025617468750646
2021-05-30	positive	end	74.9235556347916
2021-05-30	reported	end	28.295799931146412
2021-05-30	symptoms	new	-23.76288168845442
2021-05-30	symptoms	active	501.7831230263587
2021-05-30	presymp	new	-7.717047253976453
2021-05-30	presymp	active	165.63793131898268
2021-05-30	positive	new	-44.377867108471825
2021-05-30	positive	active	944.1188404394044
2021-05-30	infectious	new	-25.426645649245266
2021-05-30	infectious	active	500.93933669456277
2021-05-30	possymp	new	-12.897938166040952
2021-05-30	possymp	active	276.69778609406285
2021-05-31	infections	start	24.64823369666523
2021-05-31	positive	start	28.445986885548972
2021-05-31	infectious	start	30.61169041391158
2021-05-31	symptoms	start	35.94252963562312
2021-05-31	infectious	end	56.227982785172976
2021-05-31	symptoms	end	60.126554026540816
2021-05-31	positive	end	72.08558183595169
2021-05-31	reported	end	73.37724388924408
2021-05-31	symptoms	new	-24.1840243909177
2021-05-31	symptoms	active	477.599098635441
2021-05-31	presymp	new	-7.496542750074145
2021-05-31	presymp	active	158.14138856890855
2021-05-31	positive	new	-43.63959495040271
2021-05-31	positive	active	900.4792454890016
2021-05-31	infectious	new	-25.616292371261395
2021-05-31	infectious	active	475.32304432330136
2021-05-31	possymp	new	-11.95902780941087
2021-05-31	possymp	active	264.738758284652
2021-06-01	infections	start	22.894820521151715
2021-06-01	positive	start	26.52263753837506
2021-06-01	infectious	start	28.515794474561137
2021-06-01	symptoms	start	33.63635367538077
2021-06-01	infectious	end	53.605235791174835
2021-06-01	symptoms	end	58.43783132919571
2021-06-01	positive	end	68.37318515285223
2021-06-01	reported	end	50.836521910195245
2021-06-01	symptoms	new	-24.801477653814942
2021-06-01	symptoms	active	452.79762098162604
2021-06-01	presymp	new	-7.1137161370057065
2021-06-01	presymp	active	151.02767243190283
2021-06-01	positive	new	-41.850547614477165
2021-06-01	positive	active	858.6286978745245
2021-06-01	infectious	new	-25.089441316613698
2021-06-01	infectious	active	450.2336030066877
2021-06-01	possymp	new	-9.93535382365652
2021-06-01	possymp	active	254.80340446099547
2021-06-02	infections	start	21.151199752114238
2021-06-02	positive	start	24.71224155369611
2021-06-02	infectious	start	26.595265054959302
2021-06-02	symptoms	start	31.408634398492005
2021-06-02	infectious	end	50.55202184872872
2021-06-02	symptoms	end	56.29246309151692
2021-06-02	positive	end	65.08703218168337
2021-06-02	reported	end	49.87734225151232
2021-06-02	symptoms	new	-24.883828693024917
2021-06-02	symptoms	active	427.91379228860114
2021-06-02	presymp	new	-6.696392844795895
2021-06-02	presymp	active	144.33127958710693
2021-06-02	positive	new	-40.37479062798726
2021-06-02	positive	active	818.2539072465372
2021-06-02	infectious	new	-23.95675679376942
2021-06-02	infectious	active	426.27684621291826
2021-06-02	possymp	new	-8.794569090166448
2021-06-02	possymp	active	246.00883537082902
2021-06-03	infections	start	19.41510293080176
2021-06-03	positive	start	22.961913367911205
2021-06-03	infectious	start	24.78667740120897
2021-06-03	symptoms	start	29.32486659061549
2021-06-03	infectious	end	47.647984510264074
2021-06-03	symptoms	end	53.70892644722729
2021-06-03	positive	end	62.313551243354695
2021-06-03	reported	end	37.8875965179757
2021-06-03	symptoms	new	-24.384059856611803
2021-06-03	symptoms	active	403.5297324319894
2021-06-03	presymp	new	-6.362953222704284
2021-06-03	presymp	active	137.96832636440266
2021-06-03	positive	new	-39.35163787544349
2021-06-03	positive	active	778.9022693710938
2021-06-03	infectious	new	-22.861307109055105
2021-06-03	infectious	active	403.4155391038631
2021-06-03	possymp	new	-8.604624796127403
2021-06-03	possymp	active	237.40421057470164
2021-06-04	infections	start	17.740030416532935
2021-06-04	positive	start	21.221918184887137
2021-06-04	infectious	start	23.038126377505968
2021-06-04	symptoms	start	27.407510852365082
2021-06-04	infectious	end	45.144699095257614
2021-06-04	symptoms	end	50.754622677961024
2021-06-04	positive	end	59.66390017258711
2021-06-04	reported	end	40.76513549402449
2021-06-04	symptoms	new	-23.347111825595942
2021-06-04	symptoms	active	380.1826206063934
2021-06-04	presymp	new	-6.185592667477945
2021-06-04	presymp	active	131.7827336969247
2021-06-04	positive	new	-38.441981987699975
2021-06-04	positive	active	740.4602873833937
2021-06-04	infectious	new	-22.106572717751646
2021-06-04	infectious	active	381.3089663861115
2021-06-04	possymp	new	-8.909277494626089
2021-06-04	possymp	active	228.49493308007553
2021-06-05	infections	start	16.160988372416835
2021-06-05	positive	start	19.489804484999148
2021-06-05	infectious	start	21.300675770606997
2021-06-05	symptoms	start	25.600631075653993
2021-06-05	infectious	end	42.83441042634827
2021-06-05	symptoms	end	47.86114477449929
2021-06-05	positive	end	57.54634295801323
2021-06-05	reported	end	28.295799931146412
2021-06-05	symptoms	new	-22.260513698845294
2021-06-05	symptoms	active	357.9221069075481
2021-06-05	presymp	new	-6.110826590654845
2021-06-05	presymp	active	125.67190710626986
2021-06-05	positive	new	-38.05653847301408
2021-06-05	positive	active	702.4037489103797
2021-06-05	infectious	new	-21.533734655741274
2021-06-05	infectious	active	359.77523173037025
2021-06-05	possymp	new	-9.68519818351394
2021-06-05	possymp	active	218.8097348965616
2021-06-06	infections	start	14.712735658929919
2021-06-06	positive	start	17.81788635393219
2021-06-06	infectious	start	19.571217697158048
2021-06-06	symptoms	start	23.856139400249962
2021-06-06	infectious	end	40.482159170075874
2021-06-06	symptoms	end	45.325698093399005
2021-06-06	positive	end	55.699682117865144
2021-06-06	reported	end	17.265233856292724
2021-06-06	symptoms	new	-21.469558693149043
2021-06-06	symptoms	active	336.4525482143991
2021-06-06	presymp	new	-6.03825304631777
2021-06-06	presymp	active	119.6336540599521
2021-06-06	positive	new	-37.881795763932956
2021-06-06	positive	active	664.5219531464468
2021-06-06	infectious	new	-20.910941472917827
2021-06-06	infectious	active	338.8642902574524
2021-06-06	possymp	new	-10.37398402446614
2021-06-06	possymp	active	208.43575087209547
2021-06-07	infections	start	13.459989882007248
2021-06-07	positive	start	16.239696440736072
2021-06-07	infectious	start	17.900425993683466
2021-06-07	symptoms	start	22.119133924004817
2021-06-07	infectious	end	37.94245074316564
2021-06-07	symptoms	end	42.94165644660675
2021-06-07	positive	end	53.554122381013165
2021-06-07	reported	end	44.122264299414745
2021-06-07	symptoms	new	-20.822522522601933
2021-06-07	symptoms	active	315.63002569179713
2021-06-07	presymp	new	-5.879437483268745
2021-06-07	presymp	active	113.75421657668335
2021-06-07	positive	new	-37.31442594027709
2021-06-07	positive	active	627.2075272061696
2021-06-07	infectious	new	-20.04202474948217
2021-06-07	infectious	active	318.82226550797026
2021-06-07	possymp	new	-10.612465934406416
2021-06-07	possymp	active	197.82328493768904
2021-06-08	infections	start	12.413230356728084
2021-06-08	positive	start	14.78937584433402
2021-06-08	infectious	start	16.32054696885942
2021-06-08	symptoms	start	20.37794016857348
2021-06-08	infectious	end	35.34953638586666
2021-06-08	symptoms	end	40.54691850026426
2021-06-08	positive	end	51.06816476303074
2021-06-08	reported	end	29.25497958982934
2021-06-08	symptoms	new	-20.16897833169078
2021-06-08	symptoms	active	295.46104736010636
2021-06-08	presymp	new	-5.588564324239462
2021-06-08	presymp	active	108.16565225244389
2021-06-08	positive	new	-36.27878891869672
2021-06-08	positive	active	590.9287382874729
2021-06-08	infectious	new	-19.028989417007235
2021-06-08	infectious	active	299.793276090963
2021-06-08	possymp	new	-10.521246262766475
2021-06-08	possymp	active	187.30203867492256
2021-06-09	infections	start	11.52686774226936
2021-06-09	positive	start	13.532296166489498
2021-06-09	infectious	start	14.865673680502079
2021-06-09	symptoms	start	18.680575522255214
2021-06-09	infectious	end	32.97784854099988
2021-06-09	symptoms	end	38.03255699612044
2021-06-09	positive	end	48.198115844812015
2021-06-09	reported	end	40.28554566468303
2021-06-09	symptoms	new	-19.351981473865226
2021-06-09	symptoms	active	276.1090658862411
2021-06-09	presymp	new	-5.148279355765716
2021-06-09	presymp	active	103.01737289667817
2021-06-09	positive	new	-34.66581967832252
2021-06-09	positive	active	556.2629186091505
2021-06-09	infectious	new	-18.112174860497802
2021-06-09	infectious	active	281.6811012304652
2021-06-09	possymp	new	-10.165558848691575
2021-06-09	possymp	active	177.13647982623098
2021-06-10	infections	start	10.7562855514244
2021-06-10	positive	start	12.479912002466039
2021-06-10	infectious	start	13.60234497921932
2021-06-10	symptoms	start	17.062725351358424
2021-06-10	infectious	end	30.99527728129137
2021-06-10	symptoms	end	35.527898982176865
2021-06-10	positive	end	45.32200707587416
2021-06-10	reported	end	28.295799931146412
2021-06-10	symptoms	new	-18.46517363081844
2021-06-10	symptoms	active	257.6438922554227
2021-06-10	presymp	new	-4.582813348892385
2021-06-10	presymp	active	98.43455954778578
2021-06-10	positive	new	-32.842095073408125
2021-06-10	positive	active	523.4208235357423
2021-06-10	infectious	new	-17.392932302072047
2021-06-10	infectious	active	264.28816892839313
2021-06-10	possymp	new	-9.794108093697297
2021-06-10	possymp	active	167.3423717325337
2021-06-11	infections	start	10.171634612729674
2021-06-11	positive	start	11.587264862070892
2021-06-11	infectious	start	12.543154833986112
2021-06-11	symptoms	start	15.565552616407631
2021-06-11	infectious	end	29.25658330683677
2021-06-11	symptoms	end	33.22988506763814
2021-06-11	positive	end	42.76164484039983
2021-06-11	reported	end	20.622362661682978
2021-06-11	symptoms	new	-17.664332451230514
2021-06-11	symptoms	active	239.97955980419218
2021-06-11	presymp	new	-3.9782877543367388
2021-06-11	presymp	active	94.45627179344905
2021-06-11	positive	new	-31.17437997832894
2021-06-11	positive	active	492.24644355741333
2021-06-11	infectious	new	-16.71342847285066
2021-06-11	infectious	active	247.5747404555425
2021-06-11	possymp	new	-9.531759772761689
2021-06-11	possymp	active	157.81061195977202
2021-06-12	infections	start	9.879296727909606
2021-06-12	positive	start	10.809971046801603
2021-06-12	infectious	start	11.643735886918117
2021-06-12	symptoms	start	14.264527174387913
2021-06-12	infectious	end	27.509367348854294
2021-06-12	symptoms	end	31.267507632813043
2021-06-12	positive	end	40.39081934601506
2021-06-12	reported	end	19.66318300300005
2021-06-12	symptoms	new	-17.002980458425128
2021-06-12	symptoms	active	222.97657934576705
2021-06-12	presymp	new	-3.4545561275863097
2021-06-12	presymp	active	91.00171566586273
2021-06-12	positive	new	-29.580848299213454
2021-06-12	positive	active	462.6655952581999
2021-06-12	infectious	new	-15.865631461936177
2021-06-12	infectious	active	231.70910899360632
2021-06-12	possymp	new	-9.123311713202014
2021-06-12	possymp	active	148.68730024657
2021-06-13	infections	start	9.89116094679693
2021-06-13	positive	start	10.218488102143025
2021-06-13	infectious	start	10.859696068488
2021-06-13	symptoms	start	13.176232685867074
2021-06-13	infectious	end	25.593623296356878
2021-06-13	symptoms	end	29.534505789062006
2021-06-13	positive	end	38.087014367233785
2021-06-13	reported	end	13.428515221561009
2021-06-13	symptoms	new	-16.358273103194932
2021-06-13	symptoms	active	206.61830624257212
2021-06-13	presymp	new	-2.9577445837240486
2021-06-13	presymp	active	88.04397108213868
2021-06-13	positive	new	-27.868526265090757
2021-06-13	positive	active	434.7970689931091
2021-06-13	infectious	new	-14.733927227868877
2021-06-13	infectious	active	216.97518176573743
2021-06-13	possymp	new	-8.552508578171778
2021-06-13	possymp	active	140.1347916683982
2021-06-14	infections	start	10.222740290663074
2021-06-14	positive	start	9.919248268967342
2021-06-14	infectious	start	10.261532726574222
2021-06-14	symptoms	start	12.25396395041809
2021-06-14	infectious	end	23.461490802310458
2021-06-14	symptoms	end	27.754418235000173
2021-06-14	positive	end	35.70968308888823
2021-06-14	reported	end	29.25497958982934
2021-06-14	symptoms	new	-15.500454284582084
2021-06-14	symptoms	active	191.11785195799004
2021-06-14	presymp	new	-2.3347156814507475
2021-06-14	presymp	active	85.70925540068794
2021-06-14	positive	new	-25.790434819920883
2021-06-14	positive	active	409.0066341731883
2021-06-14	infectious	new	-13.199958075736236
2021-06-14	infectious	active	203.7752236900012
2021-06-14	possymp	new	-7.955264853888053
2021-06-14	possymp	active	132.17952681451015
2021-06-15	infections	start	10.93210237865164
2021-06-15	positive	start	9.923490153564739
2021-06-15	infectious	start	9.955593936748679
2021-06-15	symptoms	start	11.449094028542774
2021-06-15	infectious	end	21.321900438169596
2021-06-15	symptoms	end	25.834642755093807
2021-06-15	positive	end	33.30537232543755
2021-06-15	reported	end	18.70400334431712
2021-06-15	symptoms	new	-14.385548726551033
2021-06-15	symptoms	active	176.732303231439
2021-06-15	presymp	new	-1.5256038749780352
2021-06-15	presymp	active	84.1836515257099
2021-06-15	positive	new	-23.381882171872814
2021-06-15	positive	active	385.6247520013154
2021-06-15	infectious	new	-11.366306501420917
2021-06-15	infectious	active	192.4089171885803
2021-06-15	possymp	new	-7.470729570343746
2021-06-15	possymp	active	124.70879724416642
2021-06-16	infections	start	12.060184456805061
2021-06-16	positive	start	10.246082986472032
2021-06-16	infectious	start	9.952379558899624
2021-06-16	symptoms	start	10.832997106630799
2021-06-16	infectious	end	19.347382427391558
2021-06-16	symptoms	end	23.72708387833413
2021-06-16	positive	end	31.023782526588306
2021-06-16	reported	end	18.70400334431712
2021-06-16	symptoms	new	-12.894086771703332
2021-06-16	symptoms	active	163.83821645973566
2021-06-16	presymp	new	-0.5869141201587667
2021-06-16	presymp	active	83.59673740555114
2021-06-16	positive	new	-20.777699540116274
2021-06-16	positive	active	364.84705246119916
2021-06-16	infectious	new	-9.395002868491934
2021-06-16	infectious	active	183.01391432008836
2021-06-16	possymp	new	-7.296698648254175
2021-06-16	possymp	active	117.41209859591224
2021-06-17	infections	start	13.603790064892715
2021-06-17	positive	start	10.944968490376846
2021-06-17	infectious	start	10.266196147964866
2021-06-17	symptoms	start	10.514958665179067
2021-06-17	infectious	end	17.550212244709165
2021-06-17	symptoms	end	21.58176579387039
2021-06-17	positive	end	29.01160741769459
2021-06-17	reported	end	11.51015590419515
2021-06-17	symptoms	new	-11.066807128691321
2021-06-17	symptoms	active	152.77140933104434
2021-06-17	presymp	new	0.43000982519777864
2021-06-17	presymp	active	84.02674723074892
2021-06-17	positive	new	-18.066638927317747
2021-06-17	positive	active	346.7804135338814
2021-06-17	infectious	new	-7.284016096744299
2021-06-17	infectious	active	175.72989822334404
2021-06-17	possymp	new	-7.429841623824203
2021-06-17	possymp	active	109.98225697208804
2021-06-18	infections	start	15.561870798869297
2021-06-18	positive	start	12.061593295414347
2021-06-18	infectious	start	10.955326425997479
2021-06-18	symptoms	start	10.50632977321234
2021-06-18	infectious	end	15.919406490115689
2021-06-18	symptoms	end	19.593371148260296
2021-06-18	positive	end	27.22141451309131
2021-06-18	reported	end	13.908105050902474
2021-06-18	symptoms	new	-9.087041375047956
2021-06-18	symptoms	active	143.68436795599638
2021-06-18	presymp	new	1.555263522202008
2021-06-18	presymp	active	85.58201075295092
2021-06-18	positive	new	-15.159821217676964
2021-06-18	positive	active	331.62059231620447
2021-06-18	infectious	new	-4.96408006411821
2021-06-18	infectious	active	170.76581815922583
2021-06-18	possymp	new	-7.628043364831015
2021-06-18	possymp	active	102.35421360725702
2021-06-19	infections	start	18.086021492023914
2021-06-19	positive	start	13.59364829148643
2021-06-19	infectious	start	12.062188930603305
2021-06-19	symptoms	start	10.826856160623025
2021-06-19	infectious	end	14.399018881658087
2021-06-19	symptoms	end	17.76045914047536
2021-06-19	positive	end	25.450486116464603
2021-06-19	reported	end	8.153027098804898
2021-06-19	symptoms	new	-6.933602979852333
2021-06-19	symptoms	active	136.75076497614404
2021-06-19	presymp	new	2.7667921308634043
2021-06-19	presymp	active	88.34880288381433
2021-06-19	positive	new	-11.856837824978173
2021-06-19	positive	active	319.7637544912263
2021-06-19	infectious	new	-2.3368299510547814
2021-06-19	infectious	active	168.42898820817106
2021-06-19	possymp	new	-7.690026975989245
2021-06-19	possymp	active	94.66418663126778
2021-06-20	infections	start	21.31697423364682
2021-06-20	positive	start	15.540501230848177
2021-06-20	infectious	start	13.585131180834114
2021-06-20	symptoms	start	11.542979201508539
2021-06-20	infectious	end	12.962323735738497
2021-06-20	symptoms	end	16.075199156072543
2021-06-20	positive	end	23.619902647782343
2021-06-20	reported	end	3.836718634731717
2021-06-20	symptoms	new	-4.532219954564004
2021-06-20	symptoms	active	132.21854502158004
2021-06-20	presymp	new	3.9975220293396383
2021-06-20	presymp	active	92.34632491315396
2021-06-20	positive	new	-8.079401416934166
2021-06-20	positive	active	311.6843530742921
2021-06-20	infectious	new	0.6228074450956171
2021-06-20	infectious	active	169.05179565326668
2021-06-20	possymp	new	-7.5447034917098
2021-06-20	possymp	active	87.11948313955799
2021-06-21	infections	start	25.230857395741214
2021-06-21	positive	start	18.05309399399033
2021-06-21	infectious	start	15.52284869918761
2021-06-21	symptoms	start	12.696984312761701
2021-06-21	infectious	end	11.623817747039851
2021-06-21	symptoms	end	14.494288839371311
2021-06-21	positive	end	21.65559521155674
2021-06-21	reported	end	15.346874538926867
2021-06-21	symptoms	new	-1.7973045266096097
2021-06-21	symptoms	active	130.42124049497045
2021-06-21	presymp	new	5.356109681228629
2021-06-21	presymp	active	97.7024345943826
2021-06-21	positive	new	-3.6025012175664095
2021-06-21	positive	active	308.0818518567257
2021-06-21	infectious	new	3.8990309521477595
2021-06-21	infectious	active	172.95082660541445
2021-06-21	possymp	new	-7.161306372185429
2021-06-21	possymp	active	79.95817676737255
2021-06-22	infections	start	29.793105364116673
2021-06-22	positive	start	21.27150662975275
2021-06-22	infectious	start	18.024939259698684
2021-06-22	symptoms	start	14.276914377789636
2021-06-22	infectious	end	10.481180085824828
2021-06-22	symptoms	end	13.003677072872675
2021-06-22	positive	end	19.674893707245232
2021-06-22	reported	end	13.908105050902474
2021-06-22	symptoms	new	1.273237304916961
2021-06-22	symptoms	active	131.6944777998874
2021-06-22	presymp	new	6.994592251963114
2021-06-22	presymp	active	104.69702684634571
2021-06-22	positive	new	1.5966129225075179
2021-06-22	positive	active	309.6784647792332
2021-06-22	infectious	new	7.543759173873855
2021-06-22	infectious	active	180.4945857792883
2021-06-22	possymp	new	-6.671216634372557
2021-06-22	possymp	active	73.286960133
2021-06-23	infections	start	34.59525847185101
2021-06-23	positive	start	25.172210317254226
2021-06-23	infectious	start	21.230896793620705
2021-06-23	symptoms	start	16.271166351778195
2021-06-23	infectious	end	9.72350439891853
2021-06-23	symptoms	end	11.670119244615169
2021-06-23	positive	end	17.851764675575357
2021-06-23	reported	end	14.387694880243938
2021-06-23	symptoms	new	4.601047107163026
2021-06-23	symptoms	active	136.29552490705044
2021-06-23	presymp	new	8.901043965476031
2021-06-23	presymp	active	113.59807081182174
2021-06-23	positive	new	7.3204456416788695
2021-06-23	positive	active	316.99891042091207
2021-06-23	infectious	new	11.507392394702174
2021-06-23	infectious	active	192.00197817399047
2021-06-23	possymp	new	-6.181645430960188
2021-06-23	possymp	active	67.1053147020398
2021-06-24	infections	start	39.398367947663765
2021-06-24	positive	start	29.72130964373365
2021-06-24	infectious	start	25.117223608009827
2021-06-24	symptoms	start	18.826645762135197
2021-06-24	infectious	end	9.389335824485267
2021-06-24	symptoms	end	10.550734599033298
2021-06-24	positive	end	16.199824316070647
2021-06-24	reported	end	11.989745733536616
2021-06-24	symptoms	new	8.275911163101899
2021-06-24	symptoms	active	144.57143607015232
2021-06-24	presymp	new	10.894663881598454
2021-06-24	presymp	active	124.4927346934202
2021-06-24	positive	new	13.521485327663004
2021-06-24	positive	active	330.5203957485751
2021-06-24	infectious	new	15.72788778352456
2021-06-24	infectious	active	207.72986595751502
2021-06-24	possymp	new	-5.649089717037349
2021-06-24	possymp	active	61.45622498500246
2021-06-25	infections	start	44.423776509717435
2021-06-25	positive	start	34.5121050662551
2021-06-25	infectious	start	29.650570560600404
2021-06-25	symptoms	start	22.07614910784464
2021-06-25	infectious	end	9.371352499159023
2021-06-25	symptoms	end	9.77991803351022
2021-06-25	positive	end	14.735279264426493
2021-06-25	reported	end	7.673437269463434
2021-06-25	symptoms	new	12.296231074334418
2021-06-25	symptoms	active	156.86766714448675
2021-06-25	presymp	new	12.435955958410464
2021-06-25	presymp	active	136.92869065183066
2021-06-25	positive	new	19.776825801828608
2021-06-25	positive	active	350.2972215504037
2021-06-25	infectious	new	20.27921806144138
2021-06-25	infectious	active	228.0090840189564
2021-06-25	possymp	new	-4.955361230916273
2021-06-25	possymp	active	56.50086375408618
2021-06-26	infections	start	49.907878222310536
2021-06-26	positive	start	39.30652082285055
2021-06-26	infectious	start	34.4269105439684
2021-06-26	symptoms	start	25.986242917734238
2021-06-26	infectious	end	9.645984821660878
2021-06-26	symptoms	end	9.41324386329554
2021-06-26	positive	end	13.436917131606675
2021-06-26	reported	end	3.836718634731717
2021-06-26	symptoms	new	16.572999054438696
2021-06-26	symptoms	active	173.44066619892544
2021-06-26	presymp	new	13.320277905116313
2021-06-26	presymp	active	150.24896855694698
2021-06-26	positive	new	25.869603691243874
2021-06-26	positive	active	376.1668252416476
2021-06-26	infectious	new	24.78092572230752
2021-06-26	infectious	active	252.79000974126393
2021-06-26	possymp	new	-4.023673268311136
2021-06-26	possymp	active	52.47719048577505
2021-06-27	infections	start	56.156605375067976
2021-06-27	positive	start	44.32293748620251
2021-06-27	infectious	start	39.20973697650485
2021-06-27	symptoms	start	30.52454612466145
2021-06-27	infectious	end	10.265616786714308
2021-06-27	symptoms	end	9.374980023711213
2021-06-27	positive	end	12.287265407684185
2021-06-27	reported	end	6.714257610780504
2021-06-27	symptoms	new	21.149566100950235
2021-06-27	symptoms	active	194.59023229987568
2021-06-27	presymp	new	13.798391361541064
2021-06-27	presymp	active	164.04735991848804
2021-06-27	positive	new	32.03567207851833
2021-06-27	positive	active	408.2024973201659
2021-06-27	infectious	new	28.944120189790542
2021-06-27	infectious	active	281.73412993105444
2021-06-27	possymp	new	-2.9122853839729714
2021-06-27	possymp	active	49.564905101802076
2021-06-28	infections	start	63.04854553046143
2021-06-28	positive	start	49.79098682664379
2021-06-28	infectious	start	44.212927976218324
2021-06-28	symptoms	start	35.27783435025789
2021-06-28	infectious	end	11.221993968765588
2021-06-28	symptoms	end	9.601235002739548
2021-06-28	positive	end	11.307164229489494
2021-06-28	reported	end	20.622362661682978
2021-06-28	symptoms	new	25.67659934751834
2021-06-28	symptoms	active	220.266831647394
2021-06-28	presymp	new	14.513152476385898
2021-06-28	presymp	active	178.56051239487394
2021-06-28	positive	new	38.483822597154294
2021-06-28	positive	active	446.6863199173202
2021-06-28	infectious	new	32.990934007452736
2021-06-28	infectious	active	314.7250639385072
2021-06-28	possymp	new	-1.7059292267499462
2021-06-28	possymp	active	47.85897587505213
2021-06-29	infections	start	70.18290099867411
2021-06-29	positive	start	56.00992320803719
2021-06-29	infectious	start	49.6569701226468
2021-06-29	symptoms	start	39.98558149420584
2021-06-29	infectious	end	12.692630942379678
2021-06-29	symptoms	end	10.18368899790328
2021-06-29	positive	end	10.512673585386729
2021-06-29	reported	end	15.346874538926867
2021-06-29	symptoms	new	29.801892496302557
2021-06-29	symptoms	active	250.06872414369658
2021-06-29	presymp	new	16.024341713831355
2021-06-29	presymp	active	194.5848541087053
2021-06-29	positive	new	45.497249622650465
2021-06-29	positive	active	492.1835695399707
2021-06-29	infectious	new	36.96433918026712
2021-06-29	infectious	active	351.6894031187743
2021-06-29	possymp	new	-0.3289845874834487
2021-06-29	possymp	active	47.52999128756868
2021-06-30	infections	start	77.15069685300479
2021-06-30	positive	start	62.85972748213715
2021-06-30	infectious	start	55.83540205596148
2021-06-30	symptoms	start	44.83579133724901
2021-06-30	infectious	end	14.891671277308197
2021-06-30	symptoms	end	11.13138784722977
2021-06-30	positive	end	10.037286125562085
2021-06-30	reported	end	23.499901637731764
2021-06-30	symptoms	new	33.704403490019246
2021-06-30	symptoms	active	283.77312763371583
2021-06-30	presymp	new	18.02393614488814
2021-06-30	presymp	active	212.60879025359344
2021-06-30	positive	new	52.82244135657507
2021-06-30	positive	active	545.0060108965457
2021-06-30	infectious	new	40.94373077865328
2021-06-30	infectious	active	392.6331338974276
2021-06-30	possymp	new	1.094101721667684
2021-06-30	possymp	active	48.62409300923636
2021-07-01	infections	start	83.24607816086308
2021-07-01	positive	start	69.95185440241957
2021-07-01	infectious	start	62.633330078348756
2021-07-01	symptoms	start	50.04139482113814
2021-07-01	infectious	end	17.72195069795934
2021-07-01	symptoms	end	12.540502700553466
2021-07-01	positive	end	9.961417777461996
2021-07-01	reported	end	22.540721979048836
2021-07-01	symptoms	new	37.50089212058467
2021-07-01	symptoms	active	321.27401975430047
2021-07-01	presymp	new	19.91045958128143
2021-07-01	presymp	active	232.51924983487487
2021-07-01	positive	new	59.990436624957574
2021-07-01	positive	active	604.9964475215033
2021-07-01	infectious	new	44.91137938038942
2021-07-01	infectious	active	437.54451327781703
2021-07-01	possymp	new	2.57908492309147
2021-07-01	possymp	active	51.20317793232783
2021-07-02	infections	start	88.41222007417822
2021-07-02	positive	start	76.89599671519127
2021-07-02	infectious	start	69.67865888687028
2021-07-02	symptoms	start	55.921112233610174
2021-07-02	infectious	end	20.895244808915805
2021-07-02	symptoms	end	14.585463002429535
2021-07-02	positive	end	10.225955643159748
2021-07-02	reported	end	31.1733389071952
2021-07-02	symptoms	new	41.33564923118064
2021-07-02	symptoms	active	362.6096689854811
2021-07-02	presymp	new	20.9748844815811
2021-07-02	presymp	active	253.49413431645596
2021-07-02	positive	new	66.67004107203152
2021-07-02	positive	active	671.6664885935348
2021-07-02	infectious	new	48.783414077954475
2021-07-02	infectious	active	486.3279273557715
2021-07-02	possymp	new	4.359507359269786
2021-07-02	possymp	active	55.56268529159762
2021-07-03	infections	start	93.20756752299475
2021-07-03	positive	start	82.99952124722407
2021-07-03	infectious	start	76.6022339636629
2021-07-03	symptoms	start	62.4286042564563
2021-07-03	infectious	end	24.266845229674765
2021-07-03	symptoms	end	17.215522502108485
2021-07-03	positive	end	10.780670506565658
2021-07-03	reported	end	19.183593173658583
2021-07-03	symptoms	new	45.21308175434782
2021-07-03	symptoms	active	407.82275073982896
2021-07-03	presymp	new	20.570916990767763
2021-07-03	presymp	active	274.0650513072237
2021-07-03	positive	new	72.21885074065841
2021-07-03	positive	active	743.8853393341932
2021-07-03	infectious	new	52.33538873398813
2021-07-03	infectious	active	538.6633160897596
2021-07-03	possymp	new	6.434851995542827
2021-07-03	possymp	active	61.997537287140446
2021-07-04	infections	start	98.19810650110131
2021-07-04	positive	start	88.19862387876168
2021-07-04	infectious	start	82.71849520664585
2021-07-04	symptoms	start	69.25832288264378
2021-07-04	infectious	end	27.916684110530714
2021-07-04	symptoms	end	20.220965897966906
2021-07-04	positive	end	11.721936886381304
2021-07-04	reported	end	31.1733389071952
2021-07-04	symptoms	new	49.037356984676876
2021-07-04	symptoms	active	456.86010772450584
2021-07-04	presymp	new	18.940300996117898
2021-07-04	presymp	active	293.0053523033416
2021-07-04	positive	new	76.47668699238038
2021-07-04	positive	active	820.3620263265736
2021-07-04	infectious	new	54.801811096115145
2021-07-04	infectious	active	593.4651271858747
2021-07-04	possymp	new	8.499029011585602
2021-07-04	possymp	active	70.49656629872605
2021-07-05	infections	start	103.41667847201971
2021-07-05	positive	start	93.03179503690366
2021-07-05	infectious	start	87.94869926330755
2021-07-05	symptoms	start	76.03947587086132
2021-07-05	infectious	end	31.991861780508184
2021-07-05	symptoms	end	23.468315522091054
2021-07-05	positive	end	13.023720096438126
2021-07-05	reported	end	58.98954900900014
2021-07-05	symptoms	new	52.57116034877027
2021-07-05	symptoms	active	509.4312680732761
2021-07-05	presymp	new	16.992319166042336
2021-07-05	presymp	active	309.99767146938393
2021-07-05	positive	new	80.00807494046553
2021-07-05	positive	active	900.3701012670391
2021-07-05	infectious	new	55.95683748279936
2021-07-05	infectious	active	649.4219646686741
2021-07-05	possymp	new	10.444595425652928
2021-07-05	possymp	active	80.94116172437897
2021-07-06	infections	start	108.17639434411576
2021-07-06	positive	start	98.0486903059433
2021-07-06	infectious	start	92.8096535269379
2021-07-06	symptoms	start	82.03174281757059
2021-07-06	infectious	end	36.70471853523956
2021-07-06	symptoms	end	27.058407550629084
2021-07-06	positive	end	14.772649282168677
2021-07-06	reported	end	55.152830374268426
2021-07-06	symptoms	new	54.973335266941504
2021-07-06	symptoms	active	564.4046033402176
2021-07-06	presymp	new	16.016947488372708
2021-07-06	presymp	active	326.0146189577567
2021-07-06	positive	new	83.27604102377462
2021-07-06	positive	active	983.6461422908138
2021-07-06	infectious	new	56.104934991698336
2021-07-06	infectious	active	705.5268996603725
2021-07-06	possymp	new	12.285758268460407
2021-07-06	possymp	active	93.22691999283938
2021-07-07	infections	start	111.98806331374219
2021-07-07	positive	start	103.27965766403071
2021-07-07	infectious	start	97.83762824228361
2021-07-07	symptoms	start	87.0865137992933
2021-07-07	infectious	end	42.11797849328378
2021-07-07	symptoms	end	31.107022641405884
2021-07-07	positive	end	17.18837746682848
2021-07-07	reported	end	70.02011508385384
2021-07-07	symptoms	new	55.979491157887416
2021-07-07	symptoms	active	620.384094498105
2021-07-07	presymp	new	16.193143864737408
2021-07-07	presymp	active	342.2077628224941
2021-07-07	positive	new	86.09128019720222
2021-07-07	positive	active	1069.737422488016
2021-07-07	infectious	new	55.719649748999835
2021-07-07	infectious	active	761.2465494093723
2021-07-07	possymp	new	13.918645174577403
2021-07-07	possymp	active	107.14556516741679
2021-07-08	infections	start	114.37570312370359
2021-07-08	positive	start	108.05016115243086
2021-07-08	infectious	start	103.06753113050885
2021-07-08	symptoms	start	91.69309996535073
2021-07-08	infectious	end	48.17019876743766
2021-07-08	symptoms	end	35.8033017005451
2021-07-08	positive	end	20.242473932142605
2021-07-08	reported	end	58.030369350317216
2021-07-08	symptoms	new	55.88979826480563
2021-07-08	symptoms	active	676.2738927629107
2021-07-08	presymp	new	16.357061187080134
2021-07-08	presymp	active	358.5648240095742
2021-07-08	positive	new	87.80768722028826
2021-07-08	positive	active	1157.5451097083042
2021-07-08	infectious	new	54.89733236307119
2021-07-08	infectious	active	816.1438817724435
2021-07-08	possymp	new	15.560827768402493
2021-07-08	possymp	active	122.70639293581928
2021-07-09	infections	start	115.48450397810274
2021-07-09	positive	start	111.88918962752815
2021-07-09	infectious	start	107.84281386984112
2021-07-09	symptoms	start	96.42164493629002
2021-07-09	infectious	end	54.57927290718547
2021-07-09	symptoms	end	41.21128236958787
2021-07-09	positive	end	23.705344613995038
2021-07-09	reported	end	58.030369350317216
2021-07-09	symptoms	new	55.21036256670215
2021-07-09	symptoms	active	731.4842553296128
2021-07-09	presymp	new	15.467544691238132
2021-07-09	presymp	active	374.03236870081236
2021-07-09	positive	new	88.18384501353312
2021-07-09	positive	active	1245.7289547218375
2021-07-09	infectious	new	53.263540962655654
2021-07-09	infectious	active	869.4074227350992
2021-07-09	possymp	new	17.505937755592832
2021-07-09	possymp	active	140.21233069141212
2021-07-10	infections	start	116.0074647891716
2021-07-10	positive	start	114.3330927028496
2021-07-10	infectious	start	111.71267277061568
2021-07-10	symptoms	start	101.38673689729261
2021-07-10	infectious	end	60.72621599269848
2021-07-10	symptoms	end	47.181405509942316
2021-07-10	positive	end	27.415275560405135
2021-07-10	reported	end	52.27529139821964
2021-07-10	symptoms	new	54.20533138735029
2021-07-10	symptoms	active	785.689586716963
2021-07-10	presymp	new	12.94635580555699
2021-07-10	presymp	active	386.9787245063693
2021-07-10	positive	new	86.91781714244446
2021-07-10	positive	active	1332.6467718642818
2021-07-10	infectious	new	50.986456777917205
2021-07-10	infectious	active	920.3938795130164
2021-07-10	possymp	new	19.76612994953718
2021-07-10	possymp	active	159.9784606409493
2021-07-11	infections	start	116.2893718990342
2021-07-11	positive	start	115.52114696567763
2021-07-11	infectious	start	114.22280014089763
2021-07-11	symptoms	start	106.03644907138172
2021-07-11	infectious	end	66.4074410757052
2021-07-11	symptoms	end	53.526195541948
2021-07-11	positive	end	31.449260254217517
2021-07-11	reported	end	48.91816259282939
2021-07-11	symptoms	new	52.510253529433726
2021-07-11	symptoms	active	838.1998402463968
2021-07-11	presymp	new	9.484697894295905
2021-07-11	presymp	active	396.46342240066525
2021-07-11	positive	new	84.07188671146011
2021-07-11	positive	active	1416.718658575742
2021-07-11	infectious	new	47.81535906519244
2021-07-11	infectious	active	968.2092385782088
2021-07-11	possymp	new	22.076935287730482
2021-07-11	possymp	active	182.0553959286798
2021-07-12	infections	start	116.67831890146225
2021-07-12	positive	start	116.12400373049609
2021-07-12	infectious	start	115.4962627593921
2021-07-12	symptoms	start	109.95215747976349
2021-07-12	infectious	end	71.92162432922893
2021-07-12	symptoms	end	59.764046638289756
2021-07-12	positive	end	35.88140191681231
2021-07-12	reported	end	103.1118133084149
2021-07-12	symptoms	new	50.18811084147373
2021-07-12	symptoms	active	888.3879510878705
2021-07-12	presymp	new	6.1718462507325995
2021-07-12	presymp	active	402.63526865139784
2021-07-12	positive	new	80.24260181368378
2021-07-12	positive	active	1496.9612603894257
2021-07-12	infectious	new	43.57463843016316
2021-07-12	infectious	active	1011.783877008372
2021-07-12	possymp	new	23.882644721477448
2021-07-12	possymp	active	205.93804065015723
2021-07-13	infections	start	117.48420542244368
2021-07-13	positive	start	116.4643780465449
2021-07-13	infectious	start	116.17506683043548
2021-07-13	symptoms	start	112.60597937968025
2021-07-13	infectious	end	77.54074303001254
2021-07-13	symptoms	end	65.65400737404136
2021-07-13	positive	end	40.867620585515844
2021-07-13	reported	end	106.9485319431466
2021-07-13	symptoms	new	46.95197200563889
2021-07-13	symptoms	active	935.3399230935095
2021-07-13	presymp	new	3.8583986668646446
2021-07-13	presymp	active	406.49366731826245
2021-07-13	positive	new	75.59675746102906
2021-07-13	positive	active	1572.5580178504547
2021-07-13	infectious	new	38.63432380042295
2021-07-13	infectious	active	1050.4182008087948
2021-07-13	possymp	new	24.786386788525512
2021-07-13	possymp	active	230.72442743868274
2021-07-14	infections	start	118.33232835807101
2021-07-14	positive	start	116.88314062423086
2021-07-14	infectious	start	116.56310698119182
2021-07-14	symptoms	start	114.00520573888379
2021-07-14	infectious	end	83.29597491877894
2021-07-14	symptoms	end	71.42519200177642
2021-07-14	positive	end	46.44535206773724
2021-07-14	reported	end	119.89745733536616
2021-07-14	symptoms	new	42.580013737107365
2021-07-14	symptoms	active	977.9199368306168
2021-07-14	presymp	new	2.8779348853470736
2021-07-14	presymp	active	409.37160220360954
2021-07-14	positive	new	70.43778855649362
2021-07-14	positive	active	1642.9958064069483
2021-07-14	infectious	new	33.267132062412884
2021-07-14	infectious	active	1083.6853328712077
2021-07-14	possymp	new	24.979839934039184
2021-07-14	possymp	active	255.70426737272192
2021-07-15	infections	start	118.56974383538363
2021-07-15	positive	start	117.69958491005391
2021-07-15	infectious	start	117.00240720076857
2021-07-15	symptoms	start	114.73269176745347
2021-07-15	infectious	end	89.00852839751872
2021-07-15	symptoms	end	77.29584892558523
2021-07-15	positive	end	52.49891213461964
2021-07-15	reported	end	122.29540648207347
2021-07-15	symptoms	new	37.43684284186824
2021-07-15	symptoms	active	1015.356779672485
2021-07-15	presymp	new	2.9668931426004406
2021-07-15	presymp	active	412.33849534621
2021-07-15	positive	new	65.20067277543427
2021-07-15	positive	active	1708.1964791823827
2021-07-15	infectious	new	27.993878803249856
2021-07-15	infectious	active	1111.6792116744577
2021-07-15	possymp	new	24.796936790965596
2021-07-15	possymp	active	280.50120416368753
2021-07-16	infections	start	118.57467922204097
2021-07-16	positive	start	118.55391195780709
2021-07-16	infectious	start	117.82778864526256
2021-07-16	symptoms	start	115.12871984078603
2021-07-16	infectious	end	94.52502996240659
2021-07-16	symptoms	end	83.33230924366475
2021-07-16	positive	end	58.909457398958416
2021-07-16	reported	end	111.74443023656126
2021-07-16	symptoms	new	31.79641059712128
2021-07-16	symptoms	active	1047.1531902696063
2021-07-16	presymp	new	3.425192117021055
2021-07-16	presymp	active	415.76368746323107
2021-07-16	positive	new	59.64445455884867
2021-07-16	positive	active	1767.8409337412313
2021-07-16	infectious	new	23.302758682855966
2021-07-16	infectious	active	1134.9819703573137
2021-07-16	possymp	new	24.422851844706337
2021-07-16	possymp	active	304.92405600839385
2021-07-17	infections	start	118.91380705116363
2021-07-17	positive	start	118.80292545676096
2021-07-17	infectious	start	118.69478772654568
2021-07-17	symptoms	start	115.60676157933737
2021-07-17	infectious	end	99.50474600029058
2021-07-17	symptoms	end	89.3321354273092
2021-07-17	positive	end	65.18016506765433
2021-07-17	reported	end	73.37724388924408
2021-07-17	symptoms	new	26.274626152028176
2021-07-17	symptoms	active	1073.4278164216346
2021-07-17	presymp	new	3.1961638774235865
2021-07-17	presymp	active	418.9598513406546
2021-07-17	positive	new	53.62276038910663
2021-07-17	positive	active	1821.463694130338
2021-07-17	infectious	new	19.190041726255103
2021-07-17	infectious	active	1154.1720120835687
2021-07-17	possymp	new	24.151970359654868
2021-07-17	possymp	active	329.0760263680487
2021-07-18	infections	start	120.0515836097649
2021-07-18	positive	start	118.82471605683492
2021-07-18	infectious	start	118.96710693789053
2021-07-18	symptoms	start	116.56349124654466
2021-07-18	infectious	end	103.3894554262342
2021-07-18	symptoms	end	95.03140889240113
2021-07-18	positive	end	71.021173332191
2021-07-18	reported	end	66.66298627846358
2021-07-18	symptoms	new	21.532082354143526
2021-07-18	symptoms	active	1094.9598987757781
2021-07-18	presymp	new	2.2612248102902583
2021-07-18	presymp	active	421.2210761509449
2021-07-18	positive	new	47.80354272464392
2021-07-18	positive	active	1869.267236854982
2021-07-18	infectious	new	15.577651511656327
2021-07-18	infectious	active	1169.749663595225
2021-07-18	possymp	new	24.010235560210134
2021-07-18	possymp	active	353.08626192825886
2021-07-19	infections	start	122.51054287747536
2021-07-19	positive	start	119.17484242522012
2021-07-19	infectious	start	119.01585194420764
2021-07-19	symptoms	start	117.67077171757448
2021-07-19	infectious	end	105.98819560990655
2021-07-19	symptoms	end	100.13670513886663
2021-07-19	positive	end	76.63178150307702
2021-07-19	reported	end	133.80556238626863
2021-07-19	symptoms	new	17.53406657870785
2021-07-19	symptoms	active	1112.493965354486
2021-07-19	presymp	new	1.5040707076456385
2021-07-19	presymp	active	422.7251468585905
2021-07-19	positive	new	42.5430609221431
2021-07-19	positive	active	1911.810297777125
2021-07-19	infectious	new	13.027656334301085
2021-07-19	infectious	active	1182.7773199295261
2021-07-19	possymp	new	23.50492363578961
2021-07-19	possymp	active	376.5911855640485
2021-07-20	infections	start	126.03664983172403
2021-07-20	positive	start	120.30358849099612
2021-07-20	infectious	start	119.38157845651483
2021-07-20	symptoms	start	118.24499790673084
2021-07-20	infectious	end	107.45053139091172
2021-07-20	symptoms	end	104.14195185453141
2021-07-20	positive	end	82.21085897576845
2021-07-20	reported	end	131.4076132395613
2021-07-20	symptoms	new	14.103046052199431
2021-07-20	symptoms	active	1126.5970114066854
2021-07-20	presymp	new	2.058590584265275
2021-07-20	presymp	active	424.7837374428558
2021-07-20	positive	new	38.092729515227674
2021-07-20	positive	active	1949.9030272923526
2021-07-20	infectious	new	11.93104706560311
2021-07-20	infectious	active	1194.7083669951292
2021-07-20	possymp	new	21.931092878762968
2021-07-20	possymp	active	398.52227844281146
2021-07-21	infections	start	130.39810099235476
2021-07-21	positive	start	122.72331256140005
2021-07-21	infectious	start	120.50158904778127
2021-07-21	symptoms	start	118.58236049023348
2021-07-21	infectious	end	108.25671282170822
2021-07-21	symptoms	end	106.84155721076102
2021-07-21	positive	end	87.79899978158875
2021-07-21	reported	end	135.7239217036345
2021-07-21	symptoms	new	11.740803279472459
2021-07-21	symptoms	active	1138.3378146861578
2021-07-21	presymp	new	4.140952071166566
2021-07-21	presymp	active	428.92468951402236
2021-07-21	positive	new	34.9243127798113
2021-07-21	positive	active	1984.827340072164
2021-07-21	infectious	new	12.244876226073046
2021-07-21	infectious	active	1206.9532432212022
2021-07-21	possymp	new	19.042557429172277
2021-07-21	possymp	active	417.5648358719837
2021-07-22	infections	start	136.3501736994761
2021-07-22	positive	start	126.17603806230926
2021-07-22	infectious	start	122.88021021171872
2021-07-22	symptoms	start	119.15986795980301
2021-07-22	infectious	end	109.26353505049093
2021-07-22	symptoms	end	108.54849340816313
2021-07-22	positive	end	93.1870884426029
2021-07-22	reported	end	122.29540648207347
2021-07-22	symptoms	new	10.611374551639884
2021-07-22	symptoms	active	1148.9491892377976
2021-07-22	presymp	new	7.016170102506251
2021-07-22	presymp	active	435.9408596165286
2021-07-22	positive	new	32.98894961970636
2021-07-22	positive	active	2017.8162896918702
2021-07-22	infectious	new	13.61667516122779
2021-07-22	infectious	active	1220.5699183824302
2021-07-22	possymp	new	15.361404965560226
2021-07-22	possymp	active	432.92624083754396
2021-07-23	infections	start	144.74792161467164
2021-07-23	positive	start	130.43768974367194
2021-07-23	infectious	start	126.26084069297268
2021-07-23	symptoms	start	120.38706264353753
2021-07-23	infectious	end	110.61316162149885
2021-07-23	symptoms	end	109.57944893464489
2021-07-23	positive	end	98.19438239050896
2021-07-23	reported	end	123.73417597009787
2021-07-23	symptoms	new	10.807613708892646
2021-07-23	symptoms	active	1159.7568029466902
2021-07-23	presymp	new	10.050627100134406
2021-07-23	presymp	active	445.991486716663
2021-07-23	positive	new	32.243307353162976
2021-07-23	positive	active	2050.059597045033
2021-07-23	infectious	new	15.647679071473831
2021-07-23	infectious	active	1236.2175974539039
2021-07-23	possymp	new	11.385066544135924
2021-07-23	possymp	active	444.31130738167985
2021-07-24	infections	start	155.5238549083958
2021-07-24	positive	start	136.2777026741362
2021-07-24	infectious	start	130.4334018066399
2021-07-24	symptoms	start	122.80877331800805
2021-07-24	infectious	end	111.74262630694805
2021-07-24	symptoms	end	110.59498030521391
2021-07-24	positive	end	102.65605976184001
2021-07-24	reported	end	93.52001672158559
2021-07-24	symptoms	new	12.213793012794142
2021-07-24	symptoms	active	1171.9705959594844
2021-07-24	presymp	new	13.468929356128157
2021-07-24	presymp	active	459.4604160727912
2021-07-24	positive	new	33.621642912296196
2021-07-24	positive	active	2083.6812399573296
2021-07-24	infectious	new	18.69077549969184
2021-07-24	infectious	active	1254.9083729535957
2021-07-24	possymp	new	7.9389205433738965
2021-07-24	possymp	active	452.25022792505376
2021-07-25	infections	start	168.60402090151408
2021-07-25	positive	start	144.55782657733016
2021-07-25	infectious	start	136.17990205401654
2021-07-25	symptoms	start	126.2439574747837
2021-07-25	infectious	end	112.18528285690235
2021-07-25	symptoms	end	111.78743896236232
2021-07-25	positive	end	106.16982028855321
2021-07-25	reported	end	74.33642354792701
2021-07-25	symptoms	new	14.456518512421383
2021-07-25	symptoms	active	1186.4271144719057
2021-07-25	presymp	new	18.313869102546462
2021-07-25	presymp	active	477.77428517533764
2021-07-25	positive	new	38.38800628877695
2021-07-25	positive	active	2122.0692462461066
2021-07-25	infectious	new	23.99461919711419
2021-07-25	infectious	active	1278.90299215071
2021-07-25	possymp	new	5.617618673809105
2021-07-25	possymp	active	457.86784659886285
2021-07-26	infections	start	182.88660657039338
2021-07-26	positive	start	155.20997300479817
2021-07-26	infectious	start	144.36064123983664
2021-07-26	symptoms	start	130.50343066601744
2021-07-26	infectious	end	111.9598281232476
2021-07-26	symptoms	end	112.68094844993944
2021-07-26	positive	end	108.56247847985699
2021-07-26	reported	end	139.5606403383662
2021-07-26	symptoms	new	17.822482216078
2021-07-26	symptoms	active	1204.2495966879837
2021-07-26	presymp	new	24.706542338780736
2021-07-26	presymp	active	502.4808275141184
2021-07-26	positive	new	46.64749452494118
2021-07-26	positive	active	2168.7167407710476
2021-07-26	infectious	new	32.400813116589035
2021-07-26	infectious	active	1311.303805267299
2021-07-26	possymp	new	4.118469970082444
2021-07-26	possymp	active	461.9863165689453
2021-07-27	infections	start	197.64066138485583
2021-07-27	positive	start	168.1606234445264
2021-07-27	infectious	start	154.9030239536235
2021-07-27	symptoms	start	136.33317584333756
2021-07-27	infectious	end	111.47932439885447
2021-07-27	symptoms	end	112.8959357502246
2021-07-27	positive	end	110.03232263944031
2021-07-27	reported	end	108.387301431171
2021-07-27	symptoms	new	23.437240093112962
2021-07-27	symptoms	active	1227.6868367810969
2021-07-27	presymp	new	31.82744760118885
2021-07-27	presymp	active	534.3082751153072
2021-07-27	positive	new	58.1283008050861
2021-07-27	positive	active	2226.8450415761336
2021-07-27	infectious	new	43.423699554769016
2021-07-27	infectious	active	1354.7275048220679
2021-07-27	possymp	new	2.8636131107842857
2021-07-27	possymp	active	464.8499296797296
2021-07-28	infections	start	213.3234509896696
2021-07-28	positive	start	182.31795142914126
2021-07-28	infectious	start	167.73389314991707
2021-07-28	symptoms	start	144.54738983866062
2021-07-28	infectious	end	111.10944424007273
2021-07-28	symptoms	end	112.39236010826232
2021-07-28	positive	end	110.76828393804705
2021-07-28	reported	end	140.51981999704913
2021-07-28	symptoms	new	32.1550297303983
2021-07-28	symptoms	active	1259.841866511495
2021-07-28	presymp	new	37.77056159048064
2021-07-28	presymp	active	572.0788367057879
2021-07-28	positive	new	71.54966749109421
2021-07-28	positive	active	2298.3947090672277
2021-07-28	infectious	new	56.62444890984433
2021-07-28	infectious	active	1411.3519537319123
2021-07-28	possymp	new	1.6240761702152753
2021-07-28	possymp	active	466.4740058499449
2021-07-29	infections	start	230.37331807630875
2021-07-29	positive	start	196.96848935215692
2021-07-29	infectious	start	181.77426379170672
2021-07-29	symptoms	start	155.047544553389
2021-07-29	infectious	end	111.38941376889397
2021-07-29	symptoms	end	111.61904889720715
2021-07-29	positive	end	111.45025374395085
2021-07-29	reported	end	132.36679289824423
2021-07-29	symptoms	new	43.42849565618185
2021-07-29	symptoms	active	1303.270362167677
2021-07-29	presymp	new	41.92094479876792
2021-07-29	presymp	active	613.9997815045558
2021-07-29	positive	new	85.51823560820607
2021-07-29	positive	active	2383.912944675434
2021-07-29	infectious	new	70.38485002281274
2021-07-29	infectious	active	1481.736803754725
2021-07-29	possymp	new	0.16879515325629768
2021-07-29	possymp	active	466.64280100320116
2021-07-30	infections	start	247.78107833430388
2021-07-30	positive	start	212.5803430239843
2021-07-30	infectious	start	196.33159508451251
2021-07-30	symptoms	start	167.79330758145
2021-07-30	infectious	end	112.74470032980356
2021-07-30	symptoms	end	111.00214262652906
2021-07-30	positive	end	112.39579553346594
2021-07-30	reported	end	139.5606403383662
2021-07-30	symptoms	new	56.79116495492093
2021-07-30	symptoms	active	1360.061527122598
2021-07-30	presymp	new	44.78703544253432
2021-07-30	presymp	active	658.7868169470901
2021-07-30	positive	new	100.18454749051837
2021-07-30	positive	active	2484.097492165952
2021-07-30	infectious	new	83.58689475470895
2021-07-30	infectious	active	1565.323698509434
2021-07-30	possymp	new	-1.3936529069368788
2021-07-30	possymp	active	465.24914809626426
2021-07-31	infections	start	264.11868258757096
2021-07-31	positive	start	229.58727659287345
2021-07-31	infectious	start	211.87775277688976
2021-07-31	symptoms	start	181.74558987100656
2021-07-31	infectious	end	115.13655456090925
2021-07-31	symptoms	end	110.89812875085397
2021-07-31	positive	end	113.25477149736706
2021-07-31	reported	end	101.19345399104903
2021-07-31	symptoms	new	70.84746112015259
2021-07-31	symptoms	active	1430.9089882427504
2021-07-31	presymp	new	47.84168672186689
2021-07-31	presymp	active	706.628503668957
2021-07-31	positive	new	116.33250509550639
2021-07-31	positive	active	2600.429997261459
2021-07-31	infectious	new	96.74119821598052
2021-07-31	infectious	active	1662.0648967254144
2021-07-31	possymp	new	-2.3566427465130886
2021-07-31	possymp	active	462.8925053497512
2021-08-01	infections	start	279.1898977776223
2021-08-01	positive	start	246.97249751718002
2021-08-01	infectious	start	228.83014348405356
2021-08-01	symptoms	start	196.15809659828898
2021-08-01	infectious	end	118.88522310146533
2021-08-01	symptoms	end	111.88234550639149
2021-08-01	positive	end	113.70234932518875
2021-08-01	reported	end	73.37724388924408
2021-08-01	symptoms	new	84.27575109189749
2021-08-01	symptoms	active	1515.184739334648
2021-08-01	presymp	new	50.81440091889104
2021-08-01	presymp	active	757.442904587848
2021-08-01	positive	new	133.27014819199127
2021-08-01	positive	active	2733.70014545345
2021-08-01	infectious	new	109.94492038258824
2021-08-01	infectious	active	1772.0098171080028
2021-08-01	possymp	new	-1.820003818797261
2021-08-01	possymp	active	461.07250153095396
2021-08-02	infections	start	292.8165079778082
2021-08-02	positive	start	263.31182732920377
2021-08-02	infectious	start	246.16419746422793
2021-08-02	symptoms	start	211.3893989655155
2021-08-02	infectious	end	123.93111899348854
2021-08-02	symptoms	end	113.88503439759182
2021-08-02	positive	end	113.70249632315354
2021-08-02	reported	end	165.4584911228053
2021-08-02	symptoms	new	97.50436456792369
2021-08-02	symptoms	active	1612.6891039025716
2021-08-02	presymp	new	51.922428363688255
2021-08-02	presymp	active	809.3653329515363
2021-08-02	positive	new	149.60933100605024
2021-08-02	positive	active	2883.3094764595003
2021-08-02	infectious	new	122.23307847073939
2021-08-02	infectious	active	1894.242895578742
2021-08-02	possymp	new	0.18253807443828407
2021-08-02	possymp	active	461.2550396053922
2021-08-03	infections	start	303.084101112065
2021-08-03	positive	start	278.42385705199473
2021-08-03	infectious	start	262.46943625834103
2021-08-03	symptoms	start	227.80555901729227
2021-08-03	infectious	end	130.068524807925
2021-08-03	symptoms	end	117.0570531653139
2021-08-03	positive	end	113.65339800758898
2021-08-03	reported	end	150.59120641321988
2021-08-03	symptoms	new	110.74850585197836
2021-08-03	symptoms	active	1723.43760975455
2021-08-03	presymp	new	50.61829803470246
2021-08-03	presymp	active	859.9836309862387
2021-08-03	positive	new	164.77045904440575
2021-08-03	positive	active	3048.079935503906
2021-08-03	infectious	new	132.40091145041603
2021-08-03	infectious	active	2026.643807029158
2021-08-03	possymp	new	3.403655157724927
2021-08-03	possymp	active	464.6586947631171
2021-08-04	infections	start	308.4800443841254
2021-08-04	positive	start	292.1503820908049
2021-08-04	infectious	start	277.58797126439123
2021-08-04	symptoms	start	244.4297348839071
2021-08-04	infectious	end	138.43097551173983
2021-08-04	symptoms	end	121.78852199508054
2021-08-04	positive	end	113.89705727154924
2021-08-04	reported	end	166.89726061082968
2021-08-04	symptoms	new	122.64121288882654
2021-08-04	symptoms	active	1846.0788226433765
2021-08-04	presymp	new	47.72064720689781
2021-08-04	presymp	active	907.7042781931366
2021-08-04	positive	new	178.25332481925565
2021-08-04	positive	active	3226.3332603231615
2021-08-04	infectious	new	139.1569957526514
2021-08-04	infectious	active	2165.8008027818096
2021-08-04	possymp	new	7.8914647235313
2021-08-04	possymp	active	472.55015948664845
2021-08-05	infections	start	309.4960272943037
2021-08-05	positive	start	302.5855212860659
2021-08-05	infectious	start	291.3872779773493
2021-08-05	symptoms	start	260.00331042305135
2021-08-05	infectious	end	149.8976829861458
2021-08-05	symptoms	end	127.87982287670037
2021-08-05	positive	end	114.76599283074832
2021-08-05	reported	end	172.65233856292727
2021-08-05	symptoms	new	132.123487546351
2021-08-05	symptoms	active	1978.2023101897275
2021-08-05	presymp	new	42.58221086301455
2021-08-05	presymp	active	950.2864890561511
2021-08-05	positive	new	187.8195284553176
2021-08-05	positive	active	3414.152788778479
2021-08-05	infectious	new	141.4895949912035
2021-08-05	infectious	active	2307.290397773013
2021-08-05	possymp	new	13.113830045952056
2021-08-05	possymp	active	485.6639895326005
2021-08-06	infections	start	306.70187963704876
2021-08-06	positive	start	308.191832320915
2021-08-06	infectious	start	301.96241726866896
2021-08-06	symptoms	start	274.48739739909814
2021-08-06	infectious	end	164.464861292975
2021-08-06	symptoms	end	136.18026786667505
2021-08-06	positive	end	116.82531325343831
2021-08-06	reported	end	163.54013180543942
2021-08-06	symptoms	new	138.3071295324231
2021-08-06	symptoms	active	2116.5094397221505
2021-08-06	presymp	new	33.70443492181687
2021-08-06	presymp	active	983.990923977968
2021-08-06	positive	new	191.3665190674767
2021-08-06	positive	active	3605.519307845956
2021-08-06	infectious	new	137.49755597569396
2021-08-06	infectious	active	2444.787953748707
2021-08-06	possymp	new	19.354954613236742
2021-08-06	possymp	active	505.0189441458372
2021-08-07	infections	start	302.49067013478316
2021-08-07	positive	start	309.41918290591434
2021-08-07	infectious	start	307.7440977696391
2021-08-07	symptoms	start	287.7278684270485
2021-08-07	infectious	end	181.09679207916372
2021-08-07	symptoms	end	147.55943674856636
2021-08-07	positive	end	120.02069326347274
2021-08-07	reported	end	172.65233856292727
2021-08-07	symptoms	new	140.16843167848216
2021-08-07	symptoms	active	2256.6778714006327
2021-08-07	presymp	new	21.69131447886582
2021-08-07	presymp	active	1005.6822384568338
2021-08-07	positive	new	189.3984896424416
2021-08-07	positive	active	3794.917797488398
2021-08-07	infectious	new	126.64730569047538
2021-08-07	infectious	active	2571.4352594391826
2021-08-07	possymp	new	27.53874348509362
2021-08-07	possymp	active	532.5576876309309
2021-08-08	infections	start	298.079362803424
2021-08-08	positive	start	306.80870393588117
2021-08-08	infectious	start	309.14826667425217
2021-08-08	symptoms	start	297.7751064893308
2021-08-08	infectious	end	197.07589113469015
2021-08-08	symptoms	end	161.551615983176
2021-08-08	positive	end	124.59925542701076
2021-08-08	reported	end	152.50956573058573
2021-08-08	symptoms	new	136.22349050615483
2021-08-08	symptoms	active	2392.9013619067878
2021-08-08	presymp	new	9.033597446550345
2021-08-08	presymp	active	1014.7158359033841
2021-08-08	positive	new	182.20944850887042
2021-08-08	positive	active	3977.127245997268
2021-08-08	infectious	new	112.07237553956202
2021-08-08	infectious	active	2683.5076349787446
2021-08-08	possymp	new	36.95236055616523
2021-08-08	possymp	active	569.5100481870961
2021-08-09	infections	start	292.3728507066541
2021-08-09	positive	start	302.7408136713891
2021-08-09	infectious	start	306.6992495487114
2021-08-09	symptoms	start	303.10331618694477
2021-08-09	infectious	end	211.7247780063837
2021-08-09	symptoms	end	177.63533708192577
2021-08-09	positive	end	130.88904029412635
2021-08-09	reported	end	338.590419515074
2021-08-09	symptoms	new	125.467979105019
2021-08-09	symptoms	active	2518.3693410118067
2021-08-09	presymp	new	-0.3625025155556614
2021-08-09	presymp	active	1014.3533333878285
2021-08-09	positive	new	171.85177337726276
2021-08-09	positive	active	4148.979019374531
2021-08-09	infectious	new	94.9744715423277
2021-08-09	infectious	active	2778.482106521072
2021-08-09	possymp	new	46.74629678779942
2021-08-09	possymp	active	616.2563449748956
2021-08-10	infections	start	284.32506012305413
2021-08-10	positive	start	298.4280741944473
2021-08-10	infectious	start	302.7624196253883
2021-08-10	symptoms	start	304.1755042469222
2021-08-10	infectious	end	226.91400242340112
2021-08-10	symptoms	end	193.87187282294417
2021-08-10	positive	end	138.40909849728072
2021-08-10	reported	end	312.21297890129347
2021-08-10	symptoms	new	110.303631423978
2021-08-10	symptoms	active	2628.6729724357847
2021-08-10	presymp	new	-5.747430052474897
2021-08-10	presymp	active	1008.6059033353536
2021-08-10	positive	new	160.01897569716655
2021-08-10	positive	active	4308.997995071697
2021-08-10	infectious	new	75.84841720198719
2021-08-10	infectious	active	2854.3305237230593
2021-08-10	possymp	new	55.462774325663446
2021-08-10	possymp	active	671.719119300559
2021-08-11	infections	start	273.7974016874524
2021-08-11	positive	start	292.7810449526982
2021-08-11	infectious	start	298.54095483709847
2021-08-11	symptoms	start	301.48691594602946
2021-08-11	infectious	end	243.72403701315017
2021-08-11	symptoms	end	209.39999756595196
2021-08-11	positive	end	147.79759240789912
2021-08-11	reported	end	310.2946195839276
2021-08-11	symptoms	new	92.08691838007749
2021-08-11	symptoms	active	2720.759890815862
2021-08-11	presymp	new	-8.705870993331246
2021-08-11	presymp	active	999.9000323420223
2021-08-11	positive	new	144.9834525447991
2021-08-11	positive	active	4453.981447616497
2021-08-11	infectious	new	54.8169178239483
2021-08-11	infectious	active	2909.1474415470075
2021-08-11	possymp	new	61.602405158052846
2021-08-11	possymp	active	733.3215244586119
2021-08-12	infections	start	262.10402251076374
2021-08-12	positive	start	284.7754104314032
2021-08-12	infectious	start	292.960575131347
2021-08-12	symptoms	start	297.3589291560101
2021-08-12	infectious	end	260.6610797507414
2021-08-12	symptoms	end	225.3914527166615
2021-08-12	positive	end	159.8698232250712
2021-08-12	reported	end	288.23348743422025
2021-08-12	symptoms	new	71.96747643934862
2021-08-12	symptoms	active	2792.7273672552105
2021-08-12	presymp	new	-12.583518724606904
2021-08-12	presymp	active	987.3165136174155
2021-08-12	positive	new	124.905587206332
2021-08-12	positive	active	4578.887034822828
2021-08-12	infectious	new	32.299495380605606
2021-08-12	infectious	active	2941.446936927613
2021-08-12	possymp	new	65.52162949159029
2021-08-12	possymp	active	798.8431539502021
2021-08-13	infections	start	250.34969468541772
2021-08-13	positive	start	274.2921271650973
2021-08-13	infectious	start	285.0286453750934
2021-08-13	symptoms	start	293.10179412413316
2021-08-13	infectious	end	275.52555856455587
2021-08-13	symptoms	end	242.71339005947937
2021-08-13	positive	end	174.38230262823706
2021-08-13	reported	end	285.8355382875129
2021-08-13	symptoms	new	50.3884040646538
2021-08-13	symptoms	active	2843.1157713198645
2021-08-13	presymp	new	-18.809666959035837
2021-08-13	presymp	active	968.5068466583796
2021-08-13	positive	new	99.90982453686027
2021-08-13	positive	active	4678.796859359689
2021-08-13	infectious	new	9.503086810537525
2021-08-13	infectious	active	2950.950023738151
2021-08-13	possymp	new	68.33108743124231
2021-08-13	possymp	active	867.1742413814444
2021-08-14	infections	start	239.574797405607
2021-08-14	positive	start	262.64209350464654
2021-08-14	infectious	start	274.63638457295957
2021-08-14	symptoms	start	287.8067902729105
2021-08-14	infectious	end	287.18410427459355
2021-08-14	symptoms	end	260.3009725397451
2021-08-14	positive	end	191.0960492549922
2021-08-14	reported	end	230.68270791324449
2021-08-14	symptoms	new	27.50581773316543
2021-08-14	symptoms	active	2870.6215890530298
2021-08-14	presymp	new	-25.16469676826398
2021-08-14	presymp	active	943.3421498901156
2021-08-14	positive	new	71.54604424965433
2021-08-14	positive	active	4750.342903609343
2021-08-14	infectious	new	-12.54771970163398
2021-08-14	infectious	active	2938.402304036517
2021-08-14	possymp	new	69.20492328475288
2021-08-14	possymp	active	936.3791646661973
2021-08-15	infections	start	231.0550508515329
2021-08-15	positive	start	250.9068242267212
2021-08-15	infectious	start	263.0739185819889
2021-08-15	symptoms	start	280.4980005031632
2021-08-15	infectious	end	294.6486794993858
2021-08-15	symptoms	end	275.7440316234775
2021-08-15	positive	end	207.82737312446724
2021-08-15	reported	end	207.18280627551272
2021-08-15	symptoms	new	4.753968879685715
2021-08-15	symptoms	active	2875.3755579327158
2021-08-15	presymp	new	-29.591176276442013
2021-08-15	presymp	active	913.7509736136736
2021-08-15	positive	new	43.079451102253955
2021-08-15	positive	active	4793.422354711597
2021-08-15	infectious	new	-31.57476091739693
2021-08-15	infectious	active	2906.82754311912
2021-08-15	possymp	new	67.91665849901025
2021-08-15	possymp	active	1004.2958231652076
2021-08-16	infections	start	224.59295875641868
2021-08-16	positive	start	240.10301371978045
2021-08-16	infectious	start	251.38883492517772
2021-08-16	symptoms	start	270.92235815504966
2021-08-16	infectious	end	298.0017851194367
2021-08-16	symptoms	end	287.92371112097265
2021-08-16	positive	end	223.22879933295536
2021-08-16	reported	end	496.37547336841584
2021-08-16	symptoms	new	-17.00135296592299
2021-08-16	symptoms	active	2858.3742049667926
2021-08-16	presymp	new	-30.819344435269215
2021-08-16	presymp	active	882.9316291784044
2021-08-16	positive	new	16.874214386825088
2021-08-16	positive	active	4810.296569098422
2021-08-16	infectious	new	-46.612950194258985
2021-08-16	infectious	active	2860.214592924861
2021-08-16	possymp	new	64.6949117880173
2021-08-16	possymp	active	1068.9907349532248
2021-08-17	infections	start	219.01434105724613
2021-08-17	positive	start	231.50400549119726
2021-08-17	infectious	start	240.57091796405388
2021-08-17	symptoms	start	260.11479947278565
2021-08-17	infectious	end	298.14596362816684
2021-08-17	symptoms	end	295.9409343185811
2021-08-17	positive	end	238.30505739355453
2021-08-17	reported	end	317.96805685339103
2021-08-17	symptoms	new	-35.82613484579548
2021-08-17	symptoms	active	2822.548070120997
2021-08-17	presymp	new	-28.610793981588387
2021-08-17	presymp	active	854.320835196816
2021-08-17	positive	new	-6.801051902357273
2021-08-17	positive	active	4803.495517196065
2021-08-17	infectious	new	-57.57504566411296
2021-08-17	infectious	active	2802.639547260748
2021-08-17	possymp	new	57.635876925026594
2021-08-17	possymp	active	1126.6266118782514
2021-08-18	infections	start	213.87616747991717
2021-08-18	positive	start	224.9356741850257
2021-08-18	infectious	start	231.9043177826028
2021-08-18	symptoms	start	248.97184048519424
2021-08-18	infectious	end	295.86281628966185
2021-08-18	symptoms	end	299.68908087759496
2021-08-18	positive	end	254.06707133496084
2021-08-18	reported	end	316.52928736536666
2021-08-18	symptoms	new	-50.717240392400726
2021-08-18	symptoms	active	2771.8308297285967
2021-08-18	presymp	new	-24.03616630016853
2021-08-18	presymp	active	830.2846688966475
2021-08-18	positive	new	-29.13139714993514
2021-08-18	positive	active	4774.36412004613
2021-08-18	infectious	new	-63.95849850705906
2021-08-18	infectious	active	2738.6810487536886
2021-08-18	possymp	new	45.62200954263412
2021-08-18	possymp	active	1172.2486214208855
2021-08-19	infections	start	208.60673160306413
2021-08-19	positive	start	219.25783172180383
2021-08-19	infectious	start	225.25187627753502
2021-08-19	symptoms	start	238.54159326650395
2021-08-19	infectious	end	292.4075362403385
2021-08-19	symptoms	end	300.1745382727135
2021-08-19	positive	end	269.60490989965854
2021-08-19	reported	end	286.7947179461958
2021-08-19	symptoms	new	-61.63294500620955
2021-08-19	symptoms	active	2710.197884722387
2021-08-19	presymp	new	-19.283761544700127
2021-08-19	presymp	active	811.0009073519474
2021-08-19	positive	new	-50.34707817785471
2021-08-19	positive	active	4724.017041868275
2021-08-19	infectious	new	-67.1556599628035
2021-08-19	infectious	active	2671.5253887908852
2021-08-19	possymp	new	30.569628373054968
2021-08-19	possymp	active	1202.8182497939406
2021-08-20	infections	start	202.94802140630958
2021-08-20	positive	start	214.0519478205219
2021-08-20	infectious	start	219.50726984351732
2021-08-20	symptoms	start	230.25438869246645
2021-08-20	infectious	end	289.0182427298178
2021-08-20	symptoms	end	298.4197265007834
2021-08-20	positive	end	282.7479243262517
2021-08-20	reported	end	258.01932818570793
2021-08-20	symptoms	new	-68.16533780831693
2021-08-20	symptoms	active	2642.03254691407
2021-08-20	presymp	new	-16.20244087194456
2021-08-20	presymp	active	794.7984664800028
2021-08-20	positive	new	-68.69597650572979
2021-08-20	positive	active	4655.321065362546
2021-08-20	infectious	new	-69.5109728863005
2021-08-20	infectious	active	2602.014415904585
2021-08-20	possymp	new	15.671802174531706
2021-08-20	possymp	active	1218.4900519684722
2021-08-21	infections	start	197.9419988922792
2021-08-21	positive	start	208.74890329403058
2021-08-21	infectious	start	214.26729190085197
2021-08-21	symptoms	start	224.08279449876395
2021-08-21	infectious	end	285.07687303119013
2021-08-21	symptoms	end	295.2312310884316
2021-08-21	positive	end	292.68467381917804
2021-08-21	reported	end	171.6931589042443
2021-08-21	symptoms	new	-71.14843658966768
2021-08-21	symptoms	active	2570.884110324402
2021-08-21	presymp	new	-15.333891204733362
2021-08-21	presymp	active	779.4645752752695
2021-08-21	positive	new	-83.93577052514746
2021-08-21	positive	active	4571.385294837398
2021-08-21	infectious	new	-70.80958113033816
2021-08-21	infectious	active	2531.2048347742466
2021-08-21	possymp	new	2.546557269253583
2021-08-21	possymp	active	1221.0366092377258
2021-08-22	infections	start	194.17754596876435
2021-08-22	positive	start	203.0759926041653
2021-08-22	infectious	start	208.95537668539623
2021-08-22	symptoms	start	218.92728268657504
2021-08-22	infectious	end	278.6170033918965
2021-08-22	symptoms	end	291.47659209735457
2021-08-22	positive	end	298.69492052621945
2021-08-22	reported	end	174.57069788029312
2021-08-22	symptoms	new	-72.54930941077953
2021-08-22	symptoms	active	2498.334800913623
2021-08-22	presymp	new	-15.851290082409747
2021-08-22	presymp	active	763.6132851928597
2021-08-22	positive	new	-95.61892792205416
2021-08-22	positive	active	4475.7663669153435
2021-08-22	infectious	new	-69.66162670650027
2021-08-22	infectious	active	2461.5432080677465
2021-08-22	possymp	new	-7.218328428864879
2021-08-22	possymp	active	1213.818280808861
2021-08-23	infections	start	192.2642374903889
2021-08-23	positive	start	198.05456459224357
2021-08-23	infectious	start	203.27957236906485
2021-08-23	symptoms	start	214.3119299126155
2021-08-23	infectious	end	268.7891363937312
2021-08-23	symptoms	end	286.650498012347
2021-08-23	positive	end	300.7543925095143
2021-08-23	reported	end	351.0597550779521
2021-08-23	symptoms	new	-72.33856809973148
2021-08-23	symptoms	active	2425.9962328138913
2021-08-23	presymp	new	-16.257365320371946
2021-08-23	presymp	active	747.3559198724878
2021-08-23	positive	new	-102.69982791727071
2021-08-23	positive	active	4373.066538998073
2021-08-23	infectious	new	-65.50956402466636
2021-08-23	infectious	active	2396.03364404308
2021-08-23	possymp	new	-14.103894497167289
2021-08-23	possymp	active	1199.7143863116937
2021-08-24	infections	start	191.19092600672093
2021-08-24	positive	start	194.2573807238248
2021-08-24	infectious	start	198.23915127909973
2021-08-24	symptoms	start	209.54389981295537
2021-08-24	infectious	end	257.63233077920114
2021-08-24	symptoms	end	279.57097011195845
2021-08-24	positive	end	299.7593298834855
2021-08-24	reported	end	274.8049722126592
2021-08-24	symptoms	new	-70.02707029900307
2021-08-24	symptoms	active	2355.969162514888
2021-08-24	presymp	new	-15.286519089130564
2021-08-24	presymp	active	732.0694007833572
2021-08-24	positive	new	-105.50194915966071
2021-08-24	positive	active	4267.564589838412
2021-08-24	infectious	new	-59.39317950010141
2021-08-24	infectious	active	2336.6404645429784
2021-08-24	possymp	new	-20.188359771527075
2021-08-24	possymp	active	1179.5260265401666
2021-08-25	infections	start	189.42040057025056
2021-08-25	positive	start	192.29401241350806
2021-08-25	infectious	start	194.3949385902009
2021-08-25	symptoms	start	204.209494101751
2021-08-25	infectious	end	247.4317216634664
2021-08-25	symptoms	end	269.5761332158165
2021-08-25	positive	end	296.40523008588013
2021-08-25	reported	end	248.42753159887866
2021-08-25	symptoms	new	-65.36663911406552
2021-08-25	symptoms	active	2290.6025234008225
2021-08-25	presymp	new	-11.915481688242949
2021-08-25	presymp	active	720.1539190951142
2021-08-25	positive	new	-104.11121767237208
2021-08-25	positive	active	4163.45337216604
2021-08-25	infectious	new	-53.0367830732655
2021-08-25	infectious	active	2283.603681469713
2021-08-25	possymp	new	-26.82909687006361
2021-08-25	possymp	active	1152.696929670103
2021-08-26	infections	start	186.79045300074446
2021-08-26	positive	start	191.16967973977606
2021-08-26	infectious	start	192.36750428964177
2021-08-26	symptoms	start	199.28871482737657
2021-08-26	infectious	end	239.06946109749904
2021-08-26	symptoms	end	258.2108605757701
2021-08-26	positive	end	291.3612538393911
2021-08-26	reported	end	253.2234298922933
2021-08-26	symptoms	new	-58.92214574839352
2021-08-26	symptoms	active	2231.6803776524293
2021-08-26	presymp	new	-8.119035087600508
2021-08-26	presymp	active	712.0348840075137
2021-08-26	positive	new	-100.19157409961505
2021-08-26	positive	active	4063.261798066425
2021-08-26	infectious	new	-46.70195680785727
2021-08-26	infectious	active	2236.901724661856
2021-08-26	possymp	new	-33.15039326362103
2021-08-26	possymp	active	1119.546536406482
2021-08-27	infections	start	183.12638100871342
2021-08-27	positive	start	189.3690557768124
2021-08-27	infectious	start	191.18490952901652
2021-08-27	symptoms	start	195.43146093931492
2021-08-27	infectious	end	232.94158026767988
2021-08-27	symptoms	end	247.9763493329145
2021-08-27	positive	end	285.8336122008015
2021-08-27	reported	end	200.94813849407367
2021-08-27	symptoms	new	-52.54488839359959
2021-08-27	symptoms	active	2179.1354892588297
2021-08-27	presymp	new	-6.062405162502529
2021-08-27	presymp	active	705.9724788450112
2021-08-27	positive	new	-96.46455642398911
2021-08-27	positive	active	3966.797241642436
2021-08-27	infectious	new	-41.75667073866336
2021-08-27	infectious	active	2195.1450539231923
2021-08-27	possymp	new	-37.85726286788699
2021-08-27	possymp	active	1081.689273538595
2021-08-28	infections	start	179.0635598872055
2021-08-28	positive	start	186.74438742498933
2021-08-28	infectious	start	189.3533225184222
2021-08-28	symptoms	start	193.37066140456665
2021-08-28	infectious	end	228.06392621488712
2021-08-28	symptoms	end	239.4559352179968
2021-08-28	positive	end	279.90414566881066
2021-08-28	reported	end	150.11161658387843
2021-08-28	symptoms	new	-46.08527381343015
2021-08-28	symptoms	active	2133.0502154453993
2021-08-28	presymp	new	-6.62627397957732
2021-08-28	presymp	active	699.3462048654338
2021-08-28	positive	new	-93.15975824382133
2021-08-28	positive	active	3873.6374833986147
2021-08-28	infectious	new	-38.710603696464915
2021-08-28	infectious	active	2156.4344502267277
2021-08-28	possymp	new	-40.44821045081386
2021-08-28	possymp	active	1041.2410630877812
2021-08-29	infections	start	175.21896689345718
2021-08-29	positive	start	183.1190966991748
2021-08-29	infectious	start	186.7370616888328
2021-08-29	symptoms	start	192.22753352151267
2021-08-29	infectious	end	223.27680107182704
2021-08-29	symptoms	end	232.96346138659115
2021-08-29	positive	end	272.6096939693437
2021-08-29	reported	end	118.45868784734175
2021-08-29	symptoms	new	-40.73592786507848
2021-08-29	symptoms	active	2092.314287580321
2021-08-29	presymp	new	-9.108436822337865
2021-08-29	presymp	active	690.237768043096
2021-08-29	positive	new	-89.4905972701689
2021-08-29	positive	active	3784.1468861284457
2021-08-29	infectious	new	-36.53973938299424
2021-08-29	infectious	active	2119.8947108437333
2021-08-29	possymp	new	-39.64623258275256
2021-08-29	possymp	active	1001.5948305050285
2021-08-30	infections	start	171.3916562536496
2021-08-30	positive	start	179.10887701640274
2021-08-30	infectious	start	183.1499449591624
2021-08-30	symptoms	start	190.53985263648397
2021-08-30	infectious	end	218.05877081559066
2021-08-30	symptoms	end	227.74774496120392
2021-08-30	positive	end	263.02264536576916
2021-08-30	reported	end	275.2845620420007
2021-08-30	symptoms	new	-37.20789232471995
2021-08-30	symptoms	active	2055.106395255601
2021-08-30	presymp	new	-11.430975620081227
2021-08-30	presymp	active	678.8067924230148
2021-08-30	positive	new	-83.91376834936642
2021-08-30	positive	active	3700.2331177790793
2021-08-30	infectious	new	-34.90882585642825
2021-08-30	infectious	active	2084.985884987305
2021-08-30	possymp	new	-35.274900404565244
2021-08-30	possymp	active	966.3199301004632
2021-08-31	infections	start	167.40397398347346
2021-08-31	positive	start	175.3071959316236
2021-08-31	infectious	start	179.1806012437888
2021-08-31	symptoms	start	188.09618336988848
2021-08-31	infectious	end	212.389629977447
2021-08-31	symptoms	end	222.5870163150199
2021-08-31	positive	end	252.26706216150905
2021-08-31	reported	end	223.00927064378104
2021-08-31	symptoms	new	-34.490832945131416
2021-08-31	symptoms	active	2020.6155623104696
2021-08-31	presymp	new	-12.788987438264883
2021-08-31	presymp	active	666.0178049847499
2021-08-31	positive	new	-76.95986622988545
2021-08-31	positive	active	3623.273251549194
2021-08-31	infectious	new	-33.20902873365819
2021-08-31	infectious	active	2051.776856253647
2021-08-31	possymp	new	-29.68004584648915
2021-08-31	possymp	active	936.6398842539742
2021-09-01	infections	start	162.71937056941977
2021-09-01	positive	start	171.5015566542787
2021-09-01	infectious	start	175.40099166628443
2021-09-01	symptoms	start	184.58900056495244
2021-09-01	infectious	end	207.3599871400741
2021-09-01	symptoms	end	217.28012721626146
2021-09-01	positive	end	242.44829477310952
2021-09-01	reported	end	203.82567747012246
2021-09-01	symptoms	new	-32.69112665130902
2021-09-01	symptoms	active	1987.9244356591605
2021-09-01	presymp	new	-13.087443910673755
2021-09-01	presymp	active	652.9303610740761
2021-09-01	positive	new	-70.94673811883084
2021-09-01	positive	active	3552.326513430363
2021-09-01	infectious	new	-31.958995473789685
2021-09-01	infectious	active	2019.8178607798573
2021-09-01	possymp	new	-25.16816755684806
2021-09-01	possymp	active	911.4717166971261
2021-09-02	infections	start	157.104593965652
2021-09-02	positive	start	167.5212477699203
2021-09-02	infectious	start	171.59520662885694
2021-09-02	symptoms	start	180.53671150530036
2021-09-02	infectious	end	203.86143966166873
2021-09-02	symptoms	end	211.81478699424548
2021-09-02	positive	end	234.06351096848266
2021-09-02	reported	end	228.7643485958786
2021-09-02	symptoms	new	-31.27807548894512
2021-09-02	symptoms	active	1956.6463601702155
2021-09-02	presymp	new	-13.015463735380052
2021-09-02	presymp	active	639.914897338696
2021-09-02	positive	new	-66.54226319856235
2021-09-02	positive	active	3485.784250231801
2021-09-02	infectious	new	-32.26623303281178
2021-09-02	infectious	active	1987.5516277470454
2021-09-02	possymp	new	-22.24872397423718
2021-09-02	possymp	active	889.2229927228889
2021-09-03	infections	start	150.85086736776032
2021-09-03	positive	start	162.84651271376046
2021-09-03	infectious	start	167.610883346832
2021-09-03	symptoms	start	176.56690001391343
2021-09-03	infectious	end	202.1035413764548
2021-09-03	symptoms	end	207.06432375762915
2021-09-03	positive	end	227.58830183309635
2021-09-03	reported	end	216.29501303300054
2021-09-03	symptoms	new	-30.49742374371573
2021-09-03	symptoms	active	1926.1489364264996
2021-09-03	presymp	new	-13.720387300152964
2021-09-03	presymp	active	626.1945100385432
2021-09-03	positive	new	-64.74178911933589
2021-09-03	positive	active	3421.0424611124645
2021-09-03	infectious	new	-34.49265802962282
2021-09-03	infectious	active	1953.0589697174225
2021-09-03	possymp	new	-20.5239780754672
2021-09-03	possymp	active	868.6990146474217
2021-09-04	infections	start	144.23963593300397
2021-09-04	positive	start	157.25367527383813
2021-09-04	infectious	start	162.94663116756496
2021-09-04	symptoms	start	172.58930278617458
2021-09-04	infectious	end	201.4602640879726
2021-09-04	symptoms	end	203.92440334258953
2021-09-04	positive	end	222.5118951675709
2021-09-04	reported	end	133.80556238626863
2021-09-04	symptoms	new	-31.335100556414943
2021-09-04	symptoms	active	1894.8138358700849
2021-09-04	presymp	new	-15.335627512336458
2021-09-04	presymp	active	610.8588825262067
2021-09-04	positive	new	-65.25821989373279
2021-09-04	positive	active	3355.784241218732
2021-09-04	infectious	new	-38.513632920407645
2021-09-04	infectious	active	1914.545336797015
2021-09-04	possymp	new	-18.587491824981385
2021-09-04	possymp	active	850.1115228224403
2021-09-05	infections	start	137.97209035401048
2021-09-05	positive	start	151.03067784456067
2021-09-05	infectious	start	157.38145512387374
2021-09-05	symptoms	start	168.52946143520836
2021-09-05	infectious	end	199.90851085447923
2021-09-05	symptoms	end	202.10192029825149
2021-09-05	positive	end	217.81731414852806
2021-09-05	reported	end	99.27509467368317
2021-09-05	symptoms	new	-33.572458863043124
2021-09-05	symptoms	active	1861.2413770070416
2021-09-05	presymp	new	-17.49878359064769
2021-09-05	presymp	active	593.360098935559
2021-09-05	positive	new	-66.78663630396738
2021-09-05	positive	active	3288.9976049147645
2021-09-05	infectious	new	-42.5270557306055
2021-09-05	infectious	active	1872.0182810664094
2021-09-05	possymp	new	-15.71539385027657
2021-09-05	possymp	active	834.3961289721638
2021-09-06	infections	start	132.32917783903713
2021-09-06	positive	start	144.4473671402399
2021-09-06	infectious	start	151.19445266262375
2021-09-06	symptoms	start	163.8940684431498
2021-09-06	infectious	end	196.58471985563153
2021-09-06	symptoms	end	201.19597697585306
2021-09-06	positive	end	213.23702375284543
2021-09-06	reported	end	263.2948163084641
2021-09-06	symptoms	new	-37.301908532703266
2021-09-06	symptoms	active	1823.9394684743384
2021-09-06	presymp	new	-19.4467013029099
2021-09-06	presymp	active	573.9133976326491
2021-09-06	positive	new	-68.78965661260554
2021-09-06	positive	active	3220.207948302159
2021-09-06	infectious	new	-45.39026719300779
2021-09-06	infectious	active	1826.6280138734016
2021-09-06	possymp	new	-12.041046776992374
2021-09-06	possymp	active	822.3550821951713
2021-09-07	infections	start	126.963886018861
2021-09-07	positive	start	138.1945690258139
2021-09-07	infectious	start	144.63931562725517
2021-09-07	symptoms	start	158.40421388683075
2021-09-07	infectious	end	192.1779300265358
2021-09-07	symptoms	end	199.6332553832088
2021-09-07	positive	end	208.48084129975902
2021-09-07	reported	end	199.02977917670782
2021-09-07	symptoms	new	-41.229041496378045
2021-09-07	symptoms	active	1782.7104269779604
2021-09-07	presymp	new	-20.20964486101684
2021-09-07	presymp	active	553.7037527716323
2021-09-07	positive	new	-70.28627227394512
2021-09-07	positive	active	3149.921676028214
2021-09-07	infectious	new	-47.53861439928062
2021-09-07	infectious	active	1779.0893994741211
2021-09-07	possymp	new	-8.84758591655023
2021-09-07	possymp	active	813.5074962786211
2021-09-08	infections	start	121.53765034979656
2021-09-08	positive	start	132.55146405944615
2021-09-08	infectious	start	138.39800248009206
2021-09-08	symptoms	start	152.26537583642076
2021-09-08	infectious	end	187.6867550179679
2021-09-08	symptoms	end	196.44014234814952
2021-09-08	positive	end	204.10718226437302
2021-09-08	reported	end	218.2133723503664
2021-09-08	symptoms	new	-44.17476651172876
2021-09-08	symptoms	active	1738.5356604662315
2021-09-08	presymp	new	-19.713911776974612
2021-09-08	presymp	active	533.9898409946576
2021-09-08	positive	new	-71.55571820492688
2021-09-08	positive	active	3078.365957823287
2021-09-08	infectious	new	-49.28875253787584
2021-09-08	infectious	active	1729.8006469362451
2021-09-08	possymp	new	-7.6670399162235015
2021-09-08	possymp	active	805.8404563623976
2021-09-09	infections	start	115.79471452195865
2021-09-09	positive	start	127.17676802573767
2021-09-09	infectious	start	132.75253912012866
2021-09-09	symptoms	start	145.70629731707425
2021-09-09	infectious	end	184.148861120976
2021-09-09	symptoms	end	192.42795889239824
2021-09-09	positive	end	200.84070266525936
2021-09-09	reported	end	185.12167412580533
2021-09-09	symptoms	new	-46.72166157532399
2021-09-09	symptoms	active	1691.8139988909077
2021-09-09	presymp	new	-18.529529291336573
2021-09-09	presymp	active	515.460311703321
2021-09-09	positive	new	-73.66393463952168
2021-09-09	positive	active	3004.7020231837655
2021-09-09	infectious	new	-51.396322000847334
2021-09-09	infectious	active	1678.4043249353979
2021-09-09	possymp	new	-8.41274377286112
2021-09-09	possymp	active	797.4277125895366
2021-09-10	infections	start	109.93851076521756
2021-09-10	positive	start	121.74083064703551
2021-09-10	infectious	start	127.37010180450305
2021-09-10	symptoms	start	139.43355898804333
2021-09-10	infectious	end	181.38890801566978
2021-09-10	symptoms	end	188.31175138511207
2021-09-10	positive	end	198.61387213306708
2021-09-10	reported	end	190.39716224856144
2021-09-10	symptoms	new	-48.878192397068744
2021-09-10	symptoms	active	1642.9358064938388
2021-09-10	presymp	new	-17.692728341007822
2021-09-10	presymp	active	497.76758336231325
2021-09-10	positive	new	-76.87304148603157
2021-09-10	positive	active	2927.8289816977335
2021-09-10	infectious	new	-54.01880621116673
2021-09-10	infectious	active	1624.3855187242311
2021-09-10	possymp	new	-10.302120747955001
2021-09-10	possymp	active	787.1255918415815
2021-09-11	infections	start	104.31117717608024
2021-09-11	positive	start	115.99378874888227
2021-09-11	infectious	start	121.93102863649615
2021-09-11	symptoms	start	133.7809194941666
2021-09-11	infectious	end	178.40232572036464
2021-09-11	symptoms	end	184.93317781252162
2021-09-11	positive	end	197.39310847207304
2021-09-11	reported	end	114.14237938326858
2021-09-11	symptoms	new	-51.152258318355024
2021-09-11	symptoms	active	1591.783548175484
2021-09-11	presymp	new	-17.78713074528433
2021-09-11	presymp	active	479.9804526170289
2021-09-11	positive	new	-81.39931972319077
2021-09-11	positive	active	2846.429661974543
2021-09-11	infectious	new	-56.47129708386849
2021-09-11	infectious	active	1567.9142216403627
2021-09-11	possymp	new	-12.459930659551418
2021-09-11	possymp	active	774.6656611820301
2021-09-12	infections	start	99.24509777951323
2021-09-12	positive	start	110.13805309220675
2021-09-12	infectious	start	116.18855483102502
2021-09-12	symptoms	start	128.4540240861635
2021-09-12	infectious	end	174.13858835573046
2021-09-12	symptoms	end	182.13775728090113
2021-09-12	positive	end	195.79364429618406
2021-09-12	reported	end	82.00986081739045
2021-09-12	symptoms	new	-53.68373319473761
2021-09-12	symptoms	active	1538.0998149807463
2021-09-12	presymp	new	-18.315970993956768
2021-09-12	presymp	active	461.6644816230721
2021-09-12	positive	new	-85.65559120397731
2021-09-12	positive	active	2760.7740707705657
2021-09-12	infectious	new	-57.95003352470545
2021-09-12	infectious	active	1509.9641881156572
2021-09-12	possymp	new	-13.655887015282929
2021-09-12	possymp	active	761.0097741667472
2021-09-13	infections	start	94.981480572628
2021-09-13	positive	start	104.50910428944265
2021-09-13	infectious	start	110.3401524352668
2021-09-13	symptoms	start	123.13012554228318
2021-09-13	infectious	end	168.1543955501243
2021-09-13	symptoms	end	178.937988962301
2021-09-13	positive	end	192.77649181488425
2021-09-13	reported	end	193.7542910539517
2021-09-13	symptoms	new	-55.807863420017824
2021-09-13	symptoms	active	1482.2919515607284
2021-09-13	presymp	new	-18.621021252840535
2021-09-13	presymp	active	443.04346037023157
2021-09-13	positive	new	-88.2673875254416
2021-09-13	positive	active	2672.506683245124
2021-09-13	infectious	new	-57.81424311485749
2021-09-13	infectious	active	1452.1499450007998
2021-09-13	possymp	new	-13.838502852583247
2021-09-13	possymp	active	747.171271314164
2021-09-14	infections	start	91.34349514720554
2021-09-14	positive	start	99.43191669351977
2021-09-14	infectious	start	104.71226293357724
2021-09-14	symptoms	start	117.52222205309778
2021-09-14	infectious	end	161.09589991237254
2021-09-14	symptoms	end	174.53062944353402
2021-09-14	positive	end	188.84493396209717
2021-09-14	reported	end	163.54013180543942
2021-09-14	symptoms	new	-57.00840739043625
2021-09-14	symptoms	active	1425.283544170292
2021-09-14	presymp	new	-18.09030535957801
2021-09-14	presymp	active	424.9531550106536
2021-09-14	positive	new	-89.4130172685774
2021-09-14	positive	active	2583.0936659765466
2021-09-14	infectious	new	-56.38363697879531
2021-09-14	infectious	active	1395.7663080220045
2021-09-14	possymp	new	-14.314304518563148
2021-09-14	possymp	active	732.8569667956008
2021-09-15	infections	start	88.03872827448052
2021-09-15	positive	start	95.14519609015726
2021-09-15	infectious	start	99.62213261207151
2021-09-15	symptoms	start	111.76855047963289
2021-09-15	infectious	end	153.96766469769034
2021-09-15	symptoms	end	168.51106051833912
2021-09-15	positive	end	184.47287077131784
2021-09-15	reported	end	181.7645453204151
2021-09-15	symptoms	new	-56.74251003870623
2021-09-15	symptoms	active	1368.541034131586
2021-09-15	presymp	new	-16.623354389475637
2021-09-15	presymp	active	408.3298006211779
2021-09-15	positive	new	-89.32767468116059
2021-09-15	positive	active	2493.765991295386
2021-09-15	infectious	new	-54.34553208561883
2021-09-15	infectious	active	1341.4207759363856
2021-09-15	possymp	new	-15.961810252978722
2021-09-15	possymp	active	716.8951565426221
2021-09-16	infections	start	84.77636428037887
2021-09-16	positive	start	91.47645193293098
2021-09-16	infectious	start	95.30968506757394
2021-09-16	symptoms	start	106.16368243060091
2021-09-16	infectious	end	147.76415123141933
2021-09-16	symptoms	end	161.5707652137683
2021-09-16	positive	end	180.49762673770627
2021-09-16	reported	end	154.90751487729307
2021-09-16	symptoms	new	-55.4070827831674
2021-09-16	symptoms	active	1313.1339513484186
2021-09-16	presymp	new	-14.68723049766993
2021-09-16	presymp	active	393.642570123508
2021-09-16	positive	new	-89.02117480477528
2021-09-16	positive	active	2404.744816490611
2021-09-16	infectious	new	-52.454466163845396
2021-09-16	infectious	active	1288.9663097725402
2021-09-16	possymp	new	-18.92686152393796
2021-09-16	possymp	active	697.9682950186841
2021-09-17	infections	start	81.70221455034714
2021-09-17	positive	start	88.14126738087275
2021-09-17	infectious	start	91.61054005208479
2021-09-17	symptoms	start	101.04689053877924
2021-09-17	infectious	end	142.81392363815564
2021-09-17	symptoms	end	154.6832505219056
2021-09-17	positive	end	176.9867217033901
2021-09-17	reported	end	128.53007426351252
2021-09-17	symptoms	new	-53.636359983126354
2021-09-17	symptoms	active	1259.4975913652922
2021-09-17	presymp	new	-12.90562315790649
2021-09-17	presymp	active	380.73694696560153
2021-09-17	positive	new	-88.84545432251734
2021-09-17	positive	active	2315.8993621680934
2021-09-17	infectious	new	-51.203383586070856
2021-09-17	infectious	active	1237.7629261864693
2021-09-17	possymp	new	-22.303471181484497
2021-09-17	possymp	active	675.6648238371996
2021-09-18	infections	start	79.20824076104537
2021-09-18	positive	start	84.85500611142122
2021-09-18	infectious	start	88.24892282826424
2021-09-18	symptoms	start	96.7060780047404
2021-09-18	infectious	end	138.43887338690965
2021-09-18	symptoms	end	148.58851602981517
2021-09-18	positive	end	173.2707292807787
2021-09-18	reported	end	90.16288791619534
2021-09-18	symptoms	new	-51.88243802507476
2021-09-18	symptoms	active	1207.6151533402174
2021-09-18	presymp	new	-11.851071893319187
2021-09-18	presymp	active	368.8858750722823
2021-09-18	positive	new	-88.41572316935749
2021-09-18	positive	active	2227.483638998736
2021-09-18	infectious	new	-50.18995055864541
2021-09-18	infectious	active	1187.572975627824
2021-09-18	possymp	new	-24.682213250963542
2021-09-18	possymp	active	650.9826105862361
2021-09-19	infections	start	77.36797790794404
2021-09-19	positive	start	81.76467491910884
2021-09-19	infectious	start	84.94448650647357
2021-09-19	symptoms	start	93.0126657131217
2021-09-19	infectious	end	133.64319597821884
2021-09-19	symptoms	end	143.5787015326155
2021-09-19	positive	end	168.72450557635656
2021-09-19	reported	end	64.74462696109772
2021-09-19	symptoms	new	-50.56603581949379
2021-09-19	symptoms	active	1157.0491175207237
2021-09-19	presymp	new	-11.247990794012864
2021-09-19	presymp	active	357.6378842782695
2021-09-19	positive	new	-86.95983065724772
2021-09-19	positive	active	2140.5238083414883
2021-09-19	infectious	new	-48.698709471745275
2021-09-19	infectious	active	1138.8742661560786
2021-09-19	possymp	new	-25.145804043741066
2021-09-19	possymp	active	625.836806542495
2021-09-20	infections	start	76.06233000233675
2021-09-20	positive	start	79.25867525439111
2021-09-20	infectious	start	81.84214820512744
2021-09-20	symptoms	start	89.69299550372322
2021-09-20	infectious	end	127.69654845431012
2021-09-20	symptoms	end	138.95065412816922
2021-09-20	positive	end	162.90439558125223
2021-09-20	reported	end	147.7136674371711
2021-09-20	symptoms	new	-49.257658624445995
2021-09-20	symptoms	active	1107.7914588962776
2021-09-20	presymp	new	-10.434320249332117
2021-09-20	presymp	active	347.20356402893736
2021-09-20	positive	new	-83.64572032686112
2021-09-20	positive	active	2056.878088014627
2021-09-20	infectious	new	-45.854400249182675
2021-09-20	infectious	active	1093.019865906896
2021-09-20	possymp	new	-23.953741453083012
2021-09-20	possymp	active	601.883065089412
2021-09-21	infections	start	75.35804109483455
2021-09-21	positive	start	77.40571644383988
2021-09-21	infectious	start	79.32485819425787
2021-09-21	symptoms	start	86.43784561605563
2021-09-21	infectious	end	120.91827176927174
2021-09-21	symptoms	end	133.8976876936077
2021-09-21	positive	end	156.24670025200385
2021-09-21	reported	end	115.58114887129297
2021-09-21	symptoms	new	-47.45984207755208
2021-09-21	symptoms	active	1060.3316168187255
2021-09-21	presymp	new	-9.032129172215747
2021-09-21	presymp	active	338.1714348567216
2021-09-21	positive	new	-78.84098380816397
2021-09-21	positive	active	1978.037104206463
2021-09-21	infectious	new	-41.59341357501387
2021-09-21	infectious	active	1051.426452331882
2021-09-21	possymp	new	-22.34901255839614
2021-09-21	possymp	active	579.5340525310158
2021-09-22	infections	start	74.87438088578492
2021-09-22	positive	start	76.08461056719611
2021-09-22	infectious	start	77.45639157269095
2021-09-22	symptoms	start	83.35835808795964
2021-09-22	infectious	end	114.19968670505172
2021-09-22	symptoms	end	127.85301433306049
2021-09-22	positive	end	149.43426719299663
2021-09-22	reported	end	122.29540648207347
2021-09-22	symptoms	new	-44.49465624510084
2021-09-22	symptoms	active	1015.8369605736247
2021-09-22	presymp	new	-7.273747520763536
2021-09-22	presymp	active	330.8976873359581
2021-09-22	positive	new	-73.34965662580052
2021-09-22	positive	active	1904.6874475806626
2021-09-22	infectious	new	-36.74329513236077
2021-09-22	infectious	active	1014.6831571995214
2021-09-22	possymp	new	-21.581252859936143
2021-09-22	possymp	active	557.9527996710797
2021-09-23	infections	start	74.14423718174612
2021-09-23	positive	start	75.36492372852983
2021-09-23	infectious	start	76.11526345383146
2021-09-23	symptoms	start	80.8205780589045
2021-09-23	infectious	end	108.22877374859819
2021-09-23	symptoms	end	121.0264392929386
2021-09-23	positive	end	143.11012716161216
2021-09-23	reported	end	92.0812472335612
2021-09-23	symptoms	new	-40.2058612340341
2021-09-23	symptoms	active	975.6310993395906
2021-09-23	presymp	new	-5.455654330374671
2021-09-23	presymp	active	325.4420330055834
2021-09-23	positive	new	-67.74520343308232
2021-09-23	positive	active	1836.9422441475804
2021-09-23	infectious	new	-32.113510294766726
2021-09-23	infectious	active	982.5696469047547
2021-09-23	possymp	new	-22.08368786867355
2021-09-23	possymp	active	535.8691118024061
2021-09-24	infections	start	73.39361580193983
2021-09-24	positive	start	74.87176471350286
2021-09-24	infectious	start	75.37675409351654
2021-09-24	symptoms	start	78.89879261774533
2021-09-24	infectious	end	103.47986947280222
2021-09-24	symptoms	end	114.37601252474511
2021-09-24	positive	end	137.6968632911275
2021-09-24	reported	end	107.90771160182953
2021-09-24	symptoms	new	-35.47721990699978
2021-09-24	symptoms	active	940.1538794325908
2021-09-24	presymp	new	-4.027027904242473
2021-09-24	presymp	active	321.4150051013409
2021-09-24	positive	new	-62.825098577624644
2021-09-24	positive	active	1774.1171455699557
2021-09-24	infectious	new	-28.103115379285683
2021-09-24	infectious	active	954.4665315254689
2021-09-24	possymp	new	-23.320850766382392
2021-09-24	possymp	active	512.5482610360237
2021-09-25	infections	start	72.84827641613334
2021-09-25	positive	start	74.14229847578096
2021-09-25	infectious	start	74.87299314678218
2021-09-25	symptoms	start	77.50340770629707
2021-09-25	infectious	end	99.68235268720353
2021-09-25	symptoms	end	108.44576260204148
2021-09-25	positive	end	132.78238187603125
2021-09-25	reported	end	79.61191167068313
2021-09-25	symptoms	new	-30.942354895744415
2021-09-25	symptoms	active	909.2115245368464
2021-09-25	presymp	new	-3.3611092305161065
2021-09-25	presymp	active	318.0538958708248
2021-09-25	positive	new	-58.64008340025029
2021-09-25	positive	active	1715.4770621697053
2021-09-25	infectious	new	-24.809359540421354
2021-09-25	infectious	active	929.6571719850476
2021-09-25	possymp	new	-24.33661927398977
2021-09-25	possymp	active	488.211641762034
2021-09-26	infections	start	72.73106384364824
2021-09-26	positive	start	73.40102182173916
2021-09-26	infectious	start	74.14400991335168
2021-09-26	symptoms	start	76.74398882429865
2021-09-26	infectious	end	96.21323698426089
2021-09-26	symptoms	end	103.60190349662841
2021-09-26	positive	end	127.77398151439655
2021-09-26	reported	end	43.64267447007328
2021-09-26	symptoms	new	-26.857914672329755
2021-09-26	symptoms	active	882.3536098645167
2021-09-26	presymp	new	-3.34296700255949
2021-09-26	presymp	active	314.71092886826534
2021-09-26	positive	new	-54.37295969265739
2021-09-26	positive	active	1661.104102477048
2021-09-26	infectious	new	-22.069227070909207
2021-09-26	infectious	active	907.5879449141383
2021-09-26	possymp	new	-24.172078017768143
2021-09-26	possymp	active	464.0395637442658
2021-09-27	infections	start	72.93282994594429
2021-09-27	positive	start	72.86740708230444
2021-09-27	infectious	start	73.40959841813675
2021-09-27	symptoms	start	76.24755403082146
2021-09-27	infectious	end	92.619256909612
2021-09-27	symptoms	end	99.66144374868504
2021-09-27	positive	end	122.1110173563167
2021-09-27	reported	end	117.97909801800029
2021-09-27	symptoms	new	-23.413889717863583
2021-09-27	symptoms	active	858.939720146653
2021-09-27	presymp	new	-3.380146948517023
2021-09-27	presymp	active	311.3307819197483
2021-09-27	positive	new	-49.243610274012255
2021-09-27	positive	active	1611.8604922030356
2021-09-27	infectious	new	-19.209658491475253
2021-09-27	infectious	active	888.3782864226631
2021-09-27	possymp	new	-22.44957360763165
2021-09-27	possymp	active	441.5899901366342
2021-09-28	infections	start	73.18604468847738
2021-09-28	positive	start	72.7583418082663
2021-09-28	infectious	start	72.88179743107595
2021-09-28	symptoms	start	75.51666943256842
2021-09-28	infectious	end	88.78168402175258
2021-09-28	symptoms	end	95.98737834170983
2021-09-28	positive	end	115.84681883284108
2021-09-28	reported	end	79.61191167068313
2021-09-28	symptoms	new	-20.470708909141408
2021-09-28	symptoms	active	838.4690112375116
2021-09-28	presymp	new	-2.758327624302126
2021-09-28	presymp	active	308.57245429544616
2021-09-28	positive	new	-43.088477024574786
2021-09-28	positive	active	1568.7720151784608
2021-09-28	infectious	new	-15.89988659067663
2021-09-28	infectious	active	872.4783998319865
2021-09-28	possymp	new	-19.859440491131252
2021-09-28	possymp	active	421.73054964550295
2021-09-29	infections	start	73.22720934688545
2021-09-29	positive	start	72.96188283986437
2021-09-29	infectious	start	72.77317321877423
2021-09-29	symptoms	start	74.74808989932735
2021-09-29	infectious	end	85.32935188529859
2021-09-29	symptoms	end	92.34425875640342
2021-09-29	positive	end	109.69829639385668
2021-09-29	reported	end	77.2139625239758
2021-09-29	symptoms	new	-17.596168857076066
2021-09-29	symptoms	active	820.8728423804356
2021-09-29	presymp	new	-1.7862070594629813
2021-09-29	presymp	active	306.7862472359832
2021-09-29	positive	new	-36.73641355399231
2021-09-29	positive	active	1532.0356016244687
2021-09-29	infectious	new	-12.55617866652436
2021-09-29	infectious	active	859.9222211654621
2021-09-29	possymp	new	-17.35403763745326
2021-09-29	possymp	active	404.37651200804964
2021-09-30	infections	start	73.15141162545811
2021-09-30	positive	start	73.21097177868678
2021-09-30	infectious	start	72.97073544714989
2021-09-30	symptoms	start	74.14684171541579
2021-09-30	infectious	end	82.78731511492202
2021-09-30	symptoms	end	88.61893189022706
2021-09-30	positive	end	104.08946356454845
2021-09-30	reported	end	82.96904047607337
2021-09-30	symptoms	new	-14.472090174811271
2021-09-30	symptoms	active	806.4007522056243
2021-09-30	presymp	new	-0.9358699367290058
2021-09-30	presymp	active	305.8503772992542
2021-09-30	positive	new	-30.87849178586167
2021-09-30	positive	active	1501.1571098386069
2021-09-30	infectious	new	-9.816579667772132
2021-09-30	infectious	active	850.10564149769
2021-09-30	possymp	new	-15.470531674321393
2021-09-30	possymp	active	388.9059803337283
2021-10-01	infections	start	73.34583654166559
2021-10-01	positive	start	73.24583053628277
2021-10-01	infectious	start	73.21003291081581
2021-10-01	symptoms	start	73.93157689054561
2021-10-01	infectious	end	81.22021817335772
2021-10-01	symptoms	end	85.2770375512986
2021-10-01	positive	end	99.43023261987662
2021-10-01	reported	end	79.13232184134166
2021-10-01	symptoms	new	-11.345460660752991
2021-10-01	symptoms	active	795.0552915448714
2021-10-01	presymp	new	-0.6857463542628466
2021-10-01	presymp	active	305.16463094499136
2021-10-01	positive	new	-26.184402083593852
2021-10-01	positive	active	1474.972707755013
2021-10-01	infectious	new	-8.01018526254191
2021-10-01	infectious	active	842.095456235148
2021-10-01	possymp	new	-14.153195068578015
2021-10-01	possymp	active	374.75278526515024
2021-10-02	infections	start	73.9861306840242
2021-10-02	positive	start	73.16522974650319
2021-10-02	infectious	start	73.23788574569843
2021-10-02	symptoms	start	74.01911690477331
2021-10-02	infectious	end	80.2338416777119
2021-10-02	symptoms	end	82.84012879450572
2021-10-02	positive	end	95.68124665024908
2021-10-02	reported	end	67.14257610780504
2021-10-02	symptoms	new	-8.821011889732404
2021-10-02	symptoms	active	786.234279655139
2021-10-02	presymp	new	-0.8538871582701262
2021-10-02	presymp	active	304.3107437867212
2021-10-02	positive	new	-22.516016903745893
2021-10-02	positive	active	1452.4566908512672
2021-10-02	infectious	new	-6.995955932013459
2021-10-02	infectious	active	835.0995003031346
2021-10-02	possymp	new	-12.841117855743363
2021-10-02	possymp	active	361.9116674094069
2021-10-03	infections	start	75.2480420442501
2021-10-03	positive	start	73.35472325416424
2021-10-03	infectious	start	73.15523506034252
2021-10-03	symptoms	start	74.18134467576894
2021-10-03	infectious	end	79.08394932386513
2021-10-03	symptoms	end	81.16459145994585
2021-10-03	positive	end	92.36220205305442
2021-10-03	reported	end	42.68349481139035
2021-10-03	symptoms	new	-6.983246784176913
2021-10-03	symptoms	active	779.251032870962
2021-10-03	presymp	new	-0.826621421604699
2021-10-03	presymp	active	303.48412236511655
2021-10-03	positive	new	-19.007478798890176
2021-10-03	positive	active	1433.449212052377
2021-10-03	infectious	new	-5.9287142635226076
2021-10-03	infectious	active	829.170786039612
2021-10-03	possymp	new	-11.197610593108564
2021-10-03	possymp	active	350.71405681629835
2021-10-04	infections	start	77.151425886703
2021-10-04	positive	start	73.98460247716372
2021-10-04	infectious	start	73.34151605932124
2021-10-04	symptoms	start	74.16099179137954
2021-10-04	infectious	end	77.90335377197465
2021-10-04	symptoms	end	80.1590351560701
2021-10-04	positive	end	89.22695833687648
2021-10-04	reported	end	104.55058279643929
2021-10-04	symptoms	new	-5.9980433646905595
2021-10-04	symptoms	active	773.2529895062714
2021-10-04	presymp	new	-0.17638931421582527
2021-10-04	presymp	active	303.3077330509007
2021-10-04	positive	new	-15.24235585971276
2021-10-04	positive	active	1418.2068561926642
2021-10-04	infectious	new	-4.561837712653414
2021-10-04	infectious	active	824.6089483269586
2021-10-04	possymp	new	-9.067923180806375
2021-10-04	possymp	active	341.64613363549194
2021-10-05	infections	start	79.51172048871271
2021-10-05	positive	start	75.22758364864032
2021-10-05	infectious	start	73.96037384516235
2021-10-05	symptoms	start	74.02800290145265
2021-10-05	infectious	end	76.73816315995236
2021-10-05	symptoms	end	79.05510305645072
2021-10-05	positive	end	86.02316523030953
2021-10-05	reported	end	81.53027098804898
2021-10-05	symptoms	new	-5.027100154998067
2021-10-05	symptoms	active	768.2258893512734
2021-10-05	presymp	new	1.1995807471876674
2021-10-05	presymp	active	304.5073137980884
2021-10-05	positive	new	-10.795581581669211
2021-10-05	positive	active	1407.411274610995
2021-10-05	infectious	new	-2.777789314790013
2021-10-05	infectious	active	821.8311590121687
2021-10-05	possymp	new	-6.9680621738588115
2021-10-05	possymp	active	334.6780714616331
2021-10-06	infections	start	82.19651335675127
2021-10-06	positive	start	77.10656019277775
2021-10-06	infectious	start	75.18270162389489
2021-10-06	symptoms	start	74.13564167550052
2021-10-06	infectious	end	75.50281587546287
2021-10-06	symptoms	end	77.81279487484454
2021-10-06	positive	end	83.06928610588216
2021-10-06	reported	end	85.3669896227807
2021-10-06	symptoms	new	-3.677153199344019
2021-10-06	symptoms	active	764.5487361519293
2021-10-06	presymp	new	2.9709185172772266
2021-10-06	presymp	active	307.4782323153656
2021-10-06	positive	new	-5.962725913104407
2021-10-06	positive	active	1401.4485486978906
2021-10-06	infectious	new	-0.32011425156798623
2021-10-06	infectious	active	821.5110447606006
2021-10-06	possymp	new	-5.256491231037614
2021-10-06	possymp	active	329.4215802305955
2021-10-07	infections	start	85.06362928423125
2021-10-07	positive	start	79.44585440106778
2021-10-07	infectious	start	77.0373465905655
2021-10-07	symptoms	start	74.64892408209894
2021-10-07	infectious	end	74.68197955181809
2021-10-07	symptoms	end	76.72241538369558
2021-10-07	positive	end	80.83968394804096
2021-10-07	reported	end	84.88739979343923
2021-10-07	symptoms	new	-2.0734913015966328
2021-10-07	symptoms	active	762.4752448503327
2021-10-07	presymp	new	4.796930318968833
2021-10-07	presymp	active	312.27516263433444
2021-10-07	positive	new	-1.3938295469731798
2021-10-07	positive	active	1400.0547191509174
2021-10-07	infectious	new	2.355367038747417
2021-10-07	infectious	active	823.866411799348
2021-10-07	possymp	new	-4.11726856434538
2021-10-07	possymp	active	325.30431166625016
2021-10-08	infections	start	87.77399761710858
2021-10-08	positive	start	82.12282599665025
2021-10-08	infectious	start	79.35904204428819
2021-10-08	symptoms	start	75.77110785762335
2021-10-08	infectious	end	74.39483877587685
2021-10-08	symptoms	end	75.60299513412355
2021-10-08	positive	end	79.30549679890814
2021-10-08	reported	end	77.2139625239758
2021-10-08	symptoms	new	0.168112723499803
2021-10-08	symptoms	active	762.6433575738325
2021-10-08	presymp	new	6.3517181390269
2021-10-08	presymp	active	318.62688077336134
2021-10-08	positive	new	2.8173291977421115
2021-10-08	positive	active	1402.8720483486595
2021-10-08	infectious	new	4.964203268411339
2021-10-08	infectious	active	828.8306150677594
2021-10-08	possymp	new	-3.7025016647845916
2021-10-08	possymp	active	321.60181000146554
2021-10-09	infections	start	90.23830393439826
2021-10-09	positive	start	84.99995863276177
2021-10-09	infectious	start	82.03338853418163
2021-10-09	symptoms	start	77.56950130717664
2021-10-09	infectious	end	74.28781480845997
2021-10-09	symptoms	end	74.79016266711179
2021-10-09	positive	end	78.44418783041247
2021-10-09	reported	end	59.94872866768308
2021-10-09	symptoms	new	2.77933864006485
2021-10-09	symptoms	active	765.4226962138973
2021-10-09	presymp	new	7.430457325585138
2021-10-09	presymp	active	326.05733809894645
2021-10-09	positive	new	6.555770802349301
2021-10-09	positive	active	1409.4278191510089
2021-10-09	infectious	new	7.7455737257216555
2021-10-09	infectious	active	836.576188793481
2021-10-09	possymp	new	-3.6540251633006875
2021-10-09	possymp	active	317.94778483816486
2021-10-10	infections	start	92.67980044131951
2021-10-10	positive	start	87.73553138810706
2021-10-10	infectious	start	84.92349470956535
2021-10-10	symptoms	start	79.89123486959805
2021-10-10	infectious	end	73.87711987507882
2021-10-10	symptoms	end	74.38698329774472
2021-10-10	positive	end	77.52541023440818
2021-10-10	reported	end	37.8875965179757
2021-10-10	symptoms	new	5.504251571853331
2021-10-10	symptoms	active	770.9269477857507
2021-10-10	presymp	new	7.844296518509012
2021-10-10	presymp	active	333.9016346174555
2021-10-10	positive	new	10.210121153698879
2021-10-10	positive	active	1419.6379403047079
2021-10-10	infectious	new	11.046374834486528
2021-10-10	infectious	active	847.6225636279676
2021-10-10	possymp	new	-3.138426936663464
2021-10-10	possymp	active	314.8093579015014
2021-10-11	infections	start	95.32918616819612
2021-10-11	positive	start	90.23278741145387
2021-10-11	infectious	start	87.68231213734086
2021-10-11	symptoms	start	82.60141602425581
2021-10-11	infectious	end	73.01807186188732
2021-10-11	symptoms	end	74.06915299509691
2021-10-11	positive	end	76.53949802971428
2021-10-11	reported	end	97.35673535631732
2021-10-11	symptoms	new	8.532263029158898
2021-10-11	symptoms	active	779.4592108149096
2021-10-11	presymp	new	7.631371387198058
2021-10-11	presymp	active	341.53300600465354
2021-10-11	positive	new	13.69328938173959
2021-10-11	positive	active	1433.3312296864474
2021-10-11	infectious	new	14.664240275453537
2021-10-11	infectious	active	862.2868039034211
2021-10-11	possymp	new	-2.4703450346173668
2021-10-11	possymp	active	312.33901286688405
2021-10-12	infections	start	98.15599238376247
2021-10-12	positive	start	92.70676602726179
2021-10-12	infectious	start	90.20588466684359
2021-10-12	symptoms	start	85.53252005875147
2021-10-12	infectious	end	72.36118930204056
2021-10-12	symptoms	end	73.58355714704585
2021-10-12	positive	end	75.70918493317058
2021-10-12	reported	end	71.45888457187823
2021-10-12	symptoms	new	11.948962911705621
2021-10-12	symptoms	active	791.4081737266152
2021-10-12	presymp	new	7.17424596851032
2021-10-12	presymp	active	348.70725197316386
2021-10-12	positive	new	16.997581094091217
2021-10-12	positive	active	1450.3288107805386
2021-10-12	infectious	new	17.84469536480303
2021-10-12	infectious	active	880.1314992682242
2021-10-12	possymp	new	-2.125627786124724
2021-10-12	possymp	active	310.21338508075934
2021-10-13	infections	start	100.83053347456234
2021-10-13	positive	start	95.38207711124319
2021-10-13	infectious	start	92.70208327093452
2021-10-13	symptoms	start	88.30606254963449
2021-10-13	infectious	end	72.51445511151812
2021-10-13	symptoms	end	72.80751770465444
2021-10-13	positive	end	74.76706923192478
2021-10-13	reported	end	85.3669896227807
2021-10-13	symptoms	new	15.498544844980046
2021-10-13	symptoms	active	806.9067185715953
2021-10-13	presymp	new	7.076014561608702
2021-10-13	presymp	active	355.78326653477257
2021-10-13	positive	new	20.615007879318412
2021-10-13	positive	active	1470.943818659857
2021-10-13	infectious	new	20.187628159416406
2021-10-13	infectious	active	900.3191274276405
2021-10-13	possymp	new	-1.9595515272703352
2021-10-13	possymp	active	308.25383355348896
2021-10-14	infections	start	103.15282804641363
2021-10-14	positive	start	98.22557078666536
2021-10-14	infectious	start	95.39190775885262
2021-10-14	symptoms	start	90.7997057896088
2021-10-14	infectious	end	73.62447332532749
2021-10-14	symptoms	end	72.23020384847422
2021-10-14	positive	end	74.04213719141013
2021-10-14	reported	end	81.05068115870752
2021-10-14	symptoms	new	18.569501941134575
2021-10-14	symptoms	active	825.4762205127298
2021-10-14	presymp	new	7.425864997056564
2021-10-14	presymp	active	363.20913153182914
2021-10-14	positive	new	24.183433595255224
2021-10-14	positive	active	1495.1272522551121
2021-10-14	infectious	new	21.76743443352514
2021-10-14	infectious	active	922.0865618611657
2021-10-14	possymp	new	-1.811933342935916
2021-10-14	possymp	active	306.44190021055306
2021-10-15	infections	start	104.93344074090396
2021-10-15	positive	start	100.90714653960649
2021-10-15	infectious	start	98.24218442525694
2021-10-15	symptoms	start	93.22507893237652
2021-10-15	infectious	end	75.57473279048367
2021-10-15	symptoms	end	72.48503575889443
2021-10-15	positive	end	73.74229851489245
2021-10-15	reported	end	81.05068115870752
2021-10-15	symptoms	new	20.740043173482093
2021-10-15	symptoms	active	846.216263686212
2021-10-15	presymp	new	7.682067607229968
2021-10-15	presymp	active	370.8911991390591
2021-10-15	positive	new	27.164848024714033
2021-10-15	positive	active	1522.2921002798262
2021-10-15	infectious	new	22.667451634773272
2021-10-15	infectious	active	944.7540134959389
2021-10-15	possymp	new	-1.2572627559980276
2021-10-15	possymp	active	305.18463745455506
2021-10-16	infections	start	107.29578962123632
2021-10-16	positive	start	103.22775962254909
2021-10-16	infectious	start	100.92424579941155
2021-10-16	symptoms	start	95.81819920593004
2021-10-16	infectious	end	77.73239357393413
2021-10-16	symptoms	end	73.57399228357602
2021-10-16	positive	end	73.68307339748412
2021-10-16	reported	end	57.55077952097575
2021-10-16	symptoms	new	22.244206922354024
2021-10-16	symptoms	active	868.460470608566
2021-10-16	presymp	new	7.409560416619044
2021-10-16	presymp	active	378.30075955567816
2021-10-16	positive	new	29.544686225064964
2021-10-16	positive	active	1551.8367865048913
2021-10-16	infectious	new	23.19185222547742
2021-10-16	infectious	active	967.9458657214163
2021-10-16	possymp	new	-0.10908111390810404
2021-10-16	possymp	active	305.0755563406469
2021-10-17	infections	start	111.28785994128059
2021-10-17	positive	start	104.9990391956925
2021-10-17	infectious	start	103.24167388990372
2021-10-17	symptoms	start	98.56923382583466
2021-10-17	infectious	end	79.76386055762441
2021-10-17	symptoms	end	75.45239134858059
2021-10-17	positive	end	73.62119836917239
2021-10-17	reported	end	48.438572763487926
2021-10-17	symptoms	new	23.116842477254067
2021-10-17	symptoms	active	891.57731308582
2021-10-17	presymp	new	6.429805369857846
2021-10-17	presymp	active	384.730564925536
2021-10-17	positive	new	31.377840826520114
2021-10-17	positive	active	1583.2146273314113
2021-10-17	infectious	new	23.47781333227931
2021-10-17	infectious	active	991.4236790536957
2021-10-17	possymp	new	1.8311929794082005
2021-10-17	possymp	active	306.90674932005516
2021-10-18	infections	start	116.61506613377722
2021-10-18	positive	start	107.34369025611751
2021-10-18	infectious	start	105.00702073472462
2021-10-18	symptoms	start	101.18044198650087
2021-10-18	infectious	end	81.84943840353948
2021-10-18	symptoms	end	77.65026278051292
2021-10-18	positive	end	73.31441674834332
2021-10-18	reported	end	110.78525057787833
2021-10-18	symptoms	new	23.53017920598795
2021-10-18	symptoms	active	915.107492291808
2021-10-18	presymp	new	6.163248269616645
2021-10-18	presymp	active	390.89381319515263
2021-10-18	positive	new	34.02927350777419
2021-10-18	positive	active	1617.2439008391855
2021-10-18	infectious	new	23.15758233118514
2021-10-18	infectious	active	1014.5812613848808
2021-10-18	possymp	new	4.335846032169599
2021-10-18	possymp	active	311.2425953522247
2021-10-19	infections	start	122.98690318034343
2021-10-19	positive	start	111.30575063978429
2021-10-19	infectious	start	107.33788652688368
2021-10-19	symptoms	start	103.46332948331865
2021-10-19	infectious	end	84.10763560751364
2021-10-19	symptoms	end	79.78291264336802
2021-10-19	positive	end	73.1262678090225
2021-10-19	reported	end	104.07099296709782
2021-10-19	symptoms	new	23.680416839950624
2021-10-19	symptoms	active	938.7879091317586
2021-10-19	presymp	new	7.842421156465647
2021-10-19	presymp	active	398.7362343516183
2021-10-19	positive	new	38.1794828307618
2021-10-19	positive	active	1655.4233836699473
2021-10-19	infectious	new	23.230250919370036
2021-10-19	infectious	active	1037.8115123042508
2021-10-19	possymp	new	6.656644834345528
2021-10-19	possymp	active	317.89924018657024
2021-10-20	infections	start	129.34575241652453
2021-10-20	positive	start	116.58874576697129
2021-10-20	infectious	start	111.27107356602362
2021-10-20	symptoms	start	105.19834397207775
2021-10-20	infectious	end	86.47871339013805
2021-10-20	symptoms	end	81.96641889641441
2021-10-20	positive	end	73.62291432073411
2021-10-20	reported	end	117.01991835931736
2021-10-20	symptoms	new	23.23192507566334
2021-10-20	symptoms	active	962.0198342074219
2021-10-20	presymp	new	11.390401794893535
2021-10-20	presymp	active	410.1266361465118
2021-10-20	positive	new	42.965831446237175
2021-10-20	positive	active	1698.3892151161845
2021-10-20	infectious	new	24.792360175885563
2021-10-20	infectious	active	1062.6038724801365
2021-10-20	possymp	new	8.3435045756803
2021-10-20	possymp	active	326.24274476225054
2021-10-21	infections	start	135.51942624585465
2021-10-21	positive	start	122.90959635781844
2021-10-21	infectious	start	116.50991936296708
2021-10-21	symptoms	start	107.46612656918383
2021-10-21	infectious	end	88.82998564670562
2021-10-21	symptoms	end	84.289735421226
2021-10-21	positive	end	74.85293773782675
2021-10-21	reported	end	109.82607091919539
2021-10-21	symptoms	new	23.17639114795783
2021-10-21	symptoms	active	985.1962253553797
2021-10-21	presymp	new	15.443469788634616
2021-10-21	presymp	active	425.57010593514644
2021-10-21	positive	new	48.056658619991694
2021-10-21	positive	active	1746.445873736176
2021-10-21	infectious	new	27.67993371626146
2021-10-21	infectious	active	1090.2838061963978
2021-10-21	possymp	new	9.436797683399249
2021-10-21	possymp	active	335.6795424456498
2021-10-22	infections	start	142.53429458462054
2021-10-22	positive	start	129.22774466619578
2021-10-22	infectious	start	122.78348592179195
2021-10-22	symptoms	start	111.30446545270874
2021-10-22	infectious	end	91.0844716136003
2021-10-22	symptoms	end	86.71144007504665
2021-10-22	positive	end	76.8616353286156
2021-10-22	reported	end	104.07099296709782
2021-10-22	symptoms	new	24.593025377662087
2021-10-22	symptoms	active	1009.7892507330419
2021-10-22	presymp	new	17.923279213487035
2021-10-22	presymp	active	443.4933851486335
2021-10-22	positive	new	52.36610933758017
2021-10-22	positive	active	1798.8119830737564
2021-10-22	infectious	new	31.69901430819165
2021-10-22	infectious	active	1121.9828205045894
2021-10-22	possymp	new	9.849804746431047
2021-10-22	possymp	active	345.5293471920809
2021-10-23	infections	start	150.21261802796616
2021-10-23	positive	start	135.38692102910704
2021-10-23	infectious	start	129.07171793266292
2021-10-23	symptoms	start	116.46961893677799
2021-10-23	infectious	end	93.14355793691219
2021-10-23	symptoms	end	89.07536404867903
2021-10-23	positive	end	79.19670020916216
2021-10-23	reported	end	76.25478286529287
2021-10-23	symptoms	new	27.394254888098956
2021-10-23	symptoms	active	1037.1835056211407
2021-10-23	presymp	new	18.917302092329052
2021-10-23	presymp	active	462.4106872409625
2021-10-23	positive	new	56.190220819944884
2021-10-23	positive	active	1855.002203893701
2021-10-23	infectious	new	35.92815999575073
2021-10-23	infectious	active	1157.9109805003402
2021-10-23	possymp	new	9.878663839516875
2021-10-23	possymp	active	355.4080110315977
2021-10-24	infections	start	158.68292025190698
2021-10-24	positive	start	142.41423054344654
2021-10-24	infectious	start	135.2311241772395
2021-10-24	symptoms	start	122.7634867615873
2021-10-24	infectious	end	94.92038239114149
2021-10-24	symptoms	end	91.27940840669235
2021-10-24	positive	end	81.44189838883196
2021-10-24	reported	end	54.1936507155855
2021-10-24	symptoms	new	31.484078354894947
2021-10-24	symptoms	active	1068.6675839760358
2021-10-24	presymp	new	19.650743781859234
2021-10-24	presymp	active	482.06143102282175
2021-10-24	positive	new	60.97233215461458
2021-10-24	positive	active	1915.9745360483157
2021-10-24	infectious	new	40.31074178609802
2021-10-24	infectious	active	1198.2217222864383
2021-10-24	possymp	new	9.837510017860396
2021-10-24	possymp	active	365.24552104945815
2021-10-25	infections	start	168.24974429898649
2021-10-25	positive	start	150.11532523085904
2021-10-25	infectious	start	142.2796893922533
2021-10-25	symptoms	start	129.1950369348139
2021-10-25	infectious	end	96.39446164647792
2021-10-25	symptoms	end	93.22156637211265
2021-10-25	positive	end	83.69369858122863
2021-10-25	reported	end	149.1524369251955
2021-10-25	symptoms	new	35.973470562701266
2021-10-25	symptoms	active	1104.641054538737
2021-10-25	presymp	new	20.92028829604513
2021-10-25	presymp	active	502.98171931886685
2021-10-25	positive	new	66.42162664963041
2021-10-25	positive	active	1982.3961626979462
2021-10-25	infectious	new	45.88522774577537
2021-10-25	infectious	active	1244.1069500322137
2021-10-25	possymp	new	9.527867790884017
2021-10-25	possymp	active	374.77338884034214
2021-10-26	infections	start	177.85368335715884
2021-10-26	positive	start	158.59693911069834
2021-10-26	infectious	start	149.9954458883727
2021-10-26	symptoms	start	135.52352586021112
2021-10-26	infectious	end	97.54926079401856
2021-10-26	symptoms	end	94.79974463671482
2021-10-26	positive	end	86.04561353005028
2021-10-26	reported	end	100.71386416170756
2021-10-26	symptoms	new	40.7237812234963
2021-10-26	symptoms	active	1145.3648357622333
2021-10-26	presymp	new	23.07341325048722
2021-10-26	presymp	active	526.0551325693541
2021-10-26	positive	new	72.55132558064807
2021-10-26	positive	active	2054.9474882785944
2021-10-26	infectious	new	52.446185094354135
2021-10-26	infectious	active	1296.5531351265677
2021-10-26	possymp	new	8.754131106664545
2021-10-26	possymp	active	383.5275199470067
2021-10-27	infections	start	186.93949004354727
2021-10-27	positive	start	168.15828589981888
2021-10-27	infectious	start	158.46754219499428
2021-10-27	symptoms	start	142.62696776998342
2021-10-27	infectious	end	98.89641898938417
2021-10-27	symptoms	end	96.061674798833
2021-10-27	positive	end	88.46901174001697
2021-10-27	reported	end	117.01991835931736
2021-10-27	symptoms	new	46.56529297115043
2021-10-27	symptoms	active	1191.9301287333838
2021-10-27	presymp	new	25.531318129835455
2021-10-27	presymp	active	551.5864506991895
2021-10-27	positive	new	79.68927415980191
2021-10-27	positive	active	2134.636762438396
2021-10-27	infectious	new	59.57112320561011
2021-10-27	infectious	active	1356.124258332178
2021-10-27	possymp	new	7.592663058816029
2021-10-27	possymp	active	391.1201830058227
2021-10-28	infections	start	194.95560724471113
2021-10-28	positive	start	177.7536299637702
2021-10-28	infectious	start	168.0030739669984
2021-10-28	symptoms	start	150.2434347217722
2021-10-28	infectious	end	101.7076305805621
2021-10-28	symptoms	end	97.30018153554313
2021-10-28	positive	end	90.83177077736707
2021-10-28	reported	end	113.66278955392711
2021-10-28	symptoms	new	52.94325318622906
2021-10-28	symptoms	active	1244.8733819196127
2021-10-28	presymp	new	27.51019524199802
2021-10-28	presymp	active	579.0966459411876
2021-10-28	positive	new	86.92185918640314
2021-10-28	positive	active	2221.5586216247993
2021-10-28	infectious	new	66.29544338643629
2021-10-28	infectious	active	1422.419701718614
2021-10-28	possymp	new	6.468410758176063
2021-10-28	possymp	active	397.5885937639988
2021-10-29	infections	start	202.69533312521335
2021-10-29	positive	start	186.8455127808576
2021-10-29	infectious	start	177.57831969642356
2021-10-29	symptoms	start	158.52331578966565
2021-10-29	infectious	end	106.39994260885243
2021-10-29	symptoms	end	98.84100292898108
2021-10-29	positive	end	93.08061070577716
2021-10-29	reported	end	116.5403285299759
2021-10-29	symptoms	new	59.68231286068456
2021-10-29	symptoms	active	1304.5556947802975
2021-10-29	presymp	new	28.32219699119196
2021-10-29	presymp	active	607.4188429323796
2021-10-29	positive	new	93.76490207508044
2021-10-29	positive	active	2315.32352369988
2021-10-29	infectious	new	71.17837708757114
2021-10-29	infectious	active	1493.5980788061854
2021-10-29	possymp	new	5.760392223203922
2021-10-29	possymp	active	403.3489859872027
2021-10-30	infections	start	211.37978391739696
2021-10-30	positive	start	194.88609851138608
2021-10-30	infectious	start	186.67555657221223
2021-10-30	symptoms	start	167.89485753734283
2021-10-30	infectious	end	112.39395341643524
2021-10-30	symptoms	end	101.66706377959734
2021-10-30	positive	end	95.18913172381794
2021-10-30	reported	end	101.67304382039049
2021-10-30	symptoms	new	66.22779375774549
2021-10-30	symptoms	active	1370.7834885380428
2021-10-30	presymp	new	26.99124097404325
2021-10-30	presymp	active	634.4100839064228
2021-10-30	positive	new	99.69696678756814
2021-10-30	positive	active	2415.020490487448
2021-10-30	infectious	new	74.28160315577699
2021-10-30	infectious	active	1567.8796819619622
2021-10-30	possymp	new	6.477932055779405
2021-10-30	possymp	active	409.82691804298213
2021-10-31	infections	start	221.10542808647818
2021-10-31	positive	start	202.65085672619162
2021-10-31	infectious	start	194.73948714272004
2021-10-31	symptoms	start	177.39719955574242
2021-10-31	infectious	end	118.81857679614036
2021-10-31	symptoms	end	106.24595174870555
2021-10-31	positive	end	97.15799093664417
2021-10-31	reported	end	74.81601337726848
2021-10-31	symptoms	new	71.15124780703687
2021-10-31	symptoms	active	1441.9347363450797
2021-10-31	presymp	new	25.253657170449202
2021-10-31	presymp	active	659.6637410768719
2021-10-31	positive	new	105.49286578954745
2021-10-31	positive	active	2520.513356276995
2021-10-31	infectious	new	75.92091034657967
2021-10-31	infectious	active	1643.800592308542
2021-10-31	possymp	new	9.087960812061382
2021-10-31	possymp	active	418.91487885504347
2021-11-01	infections	start	231.98834559350615
2021-11-01	positive	start	211.33954175034674
2021-11-01	infectious	start	202.52019021937951
2021-11-01	symptoms	start	186.45486088901833
2021-11-01	infectious	end	124.71933643045068
2021-11-01	symptoms	end	111.92140868769019
2021-11-01	positive	end	99.07297347141193
2021-11-01	reported	end	146.2748979491467
2021-11-01	symptoms	new	74.53345220132815
2021-11-01	symptoms	active	1516.4681885464079
2021-11-01	presymp	new	24.884680861328405
2021-11-01	presymp	active	684.5484219382004
2021-11-01	positive	new	112.26656827893481
2021-11-01	positive	active	2632.7799245559304
2021-11-01	infectious	new	77.80085378892883
2021-11-01	infectious	active	1721.601446097471
2021-11-01	possymp	new	12.848435216278261
2021-11-01	possymp	active	431.76331407132176
2021-11-02	infections	start	243.49286807238323
2021-11-02	positive	start	221.03626954465147
2021-11-02	infectious	start	211.20030283924146
2021-11-02	symptoms	start	194.44640207242858
2021-11-02	infectious	end	130.3306072711402
2021-11-02	symptoms	end	118.11326870582111
2021-11-02	positive	end	101.05121372376651
2021-11-02	reported	end	187.04003344317118
2021-11-02	symptoms	new	76.33313336660747
2021-11-02	symptoms	active	1592.8013219130153
2021-11-02	presymp	new	26.589867472222892
2021-11-02	presymp	active	711.1382894104232
2021-11-02	positive	new	119.98505582088497
2021-11-02	positive	active	2752.764980376815
2021-11-02	infectious	new	80.86969556810126
2021-11-02	infectious	active	1802.471141665572
2021-11-02	possymp	new	17.062054982054605
2021-11-02	possymp	active	448.82536905337633
2021-11-03	infections	start	255.099172457813
2021-11-03	positive	start	231.8571945170777
2021-11-03	infectious	start	220.8527784326091
2021-11-03	symptoms	start	202.06204277570103
2021-11-03	infectious	end	136.74986390963213
2021-11-03	symptoms	end	124.08684174722262
2021-11-03	positive	end	103.18117757607399
2021-11-03	reported	end	182.72372497909802
2021-11-03	symptoms	new	77.97520102847841
2021-11-03	symptoms	active	1670.7765229414938
2021-11-03	presymp	new	29.795151741376657
2021-11-03	presymp	active	740.9334411517999
2021-11-03	positive	new	128.6760169410037
2021-11-03	positive	active	2881.440997317819
2021-11-03	infectious	new	84.10291452297699
2021-11-03	infectious	active	1886.574056188549
2021-11-03	possymp	new	20.90566417114863
2021-11-03	possymp	active	469.731033224525
2021-11-04	infections	start	266.9530361082826
2021-11-04	positive	start	243.28635356687232
2021-11-04	infectious	start	231.60085605274344
2021-11-04	symptoms	start	210.4487544150074
2021-11-04	infectious	end	144.857295692995
2021-11-04	symptoms	end	130.01207339536418
2021-11-04	positive	end	106.38819073210621
2021-11-04	reported	end	203.82567747012246
2021-11-04	symptoms	new	80.4366810196432
2021-11-04	symptoms	active	1751.213203961137
2021-11-04	presymp	new	32.837599151864936
2021-11-04	presymp	active	773.7710403036649
2021-11-04	positive	new	136.8981628347661
2021-11-04	positive	active	3018.339160152585
2021-11-04	infectious	new	86.74356035974844
2021-11-04	infectious	active	1973.3176165482976
2021-11-04	possymp	new	23.623882663257973
2021-11-04	possymp	active	493.35491588778297
2021-11-05	infections	start	279.1719094733265
2021-11-05	positive	start	254.83294688738047
2021-11-05	infectious	start	242.9590853225105
2021-11-05	symptoms	start	219.75824331837666
2021-11-05	infectious	end	154.3299903494962
2021-11-05	symptoms	end	136.72494337883873
2021-11-05	positive	end	111.23569080253425
2021-11-05	reported	end	175.52987753897605
2021-11-05	symptoms	new	83.03329993953793
2021-11-05	symptoms	active	1834.246503900675
2021-11-05	presymp	new	35.074703569003816
2021-11-05	presymp	active	808.8457438726687
2021-11-05	positive	new	143.5972560848462
2021-11-05	positive	active	3161.9364162374313
2021-11-05	infectious	new	88.6290949730143
2021-11-05	infectious	active	2061.946711521312
2021-11-05	possymp	new	25.48925257630448
2021-11-05	possymp	active	518.8441684640875
2021-11-06	infections	start	292.2059662941113
2021-11-06	positive	start	266.65923312105247
2021-11-06	infectious	start	254.46319199073864
2021-11-06	symptoms	start	230.241243079808
2021-11-06	infectious	end	163.60888243985025
2021-11-06	symptoms	end	144.78010081956717
2021-11-06	positive	end	117.2579065523934
2021-11-06	reported	end	141.47899965573205
2021-11-06	symptoms	new	85.46114226024082
2021-11-06	symptoms	active	1919.7076461609156
2021-11-06	presymp	new	36.41799004124448
2021-11-06	presymp	active	845.2637339139131
2021-11-06	positive	new	149.40132656865907
2021-11-06	positive	active	3311.3377428060903
2021-11-06	infectious	new	90.85430955088839
2021-11-06	infectious	active	2152.8010210722
2021-11-06	possymp	new	27.522194267173774
2021-11-06	possymp	active	546.3663627312612
2021-11-07	infections	start	306.28309811711915
2021-11-07	positive	start	278.8766195871505
2021-11-07	infectious	start	266.2811645562304
2021-11-07	symptoms	start	241.50191732748553
2021-11-07	infectious	end	171.46425669981002
2021-11-07	symptoms	end	153.9328044554875
2021-11-07	positive	end	124.00472226018871
2021-11-07	reported	end	110.78525057787833
2021-11-07	symptoms	new	87.56911287199802
2021-11-07	symptoms	active	2007.2767590329138
2021-11-07	presymp	new	37.374702259664986
2021-11-07	presymp	active	882.6384361735782
2021-11-07	positive	new	154.8718973269618
2021-11-07	positive	active	3466.209640133052
2021-11-07	infectious	new	94.81690785642039
2021-11-07	infectious	active	2247.6179289286206
2021-11-07	possymp	new	29.9280821952988
2021-11-07	possymp	active	576.29444492656
2021-11-08	infections	start	321.16172061037014
2021-11-08	positive	start	291.9148338586193
2021-11-08	infectious	start	278.50310807304066
2021-11-08	symptoms	start	253.03561425323386
2021-11-08	infectious	end	177.67932765668377
2021-11-08	symptoms	end	162.8525645060835
2021-11-08	positive	end	130.62765841124278
2021-11-08	reported	end	265.6927654551714
2021-11-08	symptoms	new	90.18304974715036
2021-11-08	symptoms	active	2097.459808780064
2021-11-08	presymp	new	38.87921960538546
2021-11-08	presymp	active	921.5176557789636
2021-11-08	positive	new	161.28717544737654
2021-11-08	positive	active	3627.4968155804286
2021-11-08	infectious	new	100.8237804163569
2021-11-08	infectious	active	2348.4417093449774
2021-11-08	possymp	new	32.22490609484072
2021-11-08	possymp	active	608.5193510214008
2021-11-09	infections	start	336.60604008848577
2021-11-09	positive	start	305.98932214280836
2021-11-09	infectious	start	291.5355274406425
2021-11-09	symptoms	start	264.8743234278908
2021-11-09	infectious	end	183.27696307526622
2021-11-09	symptoms	end	170.44616748952285
2021-11-09	positive	end	137.03489304869842
2021-11-09	reported	end	208.6215757635371
2021-11-09	symptoms	new	94.42815593836792
2021-11-09	symptoms	active	2191.887964718432
2021-11-09	presymp	new	41.11499871491759
2021-11-09	presymp	active	962.6326544938812
2021-11-09	positive	new	168.95442909410994
2021-11-09	positive	active	3796.4512446745384
2021-11-09	infectious	new	108.25856436537629
2021-11-09	infectious	active	2456.700273710354
2021-11-09	possymp	new	33.41127444082443
2021-11-09	possymp	active	641.9306254622252
2021-11-10	infections	start	350.6597301200589
2021-11-10	positive	start	320.8623353788069
2021-11-10	infectious	start	305.58973474033814
2021-11-10	symptoms	start	277.0196846369882
2021-11-10	infectious	end	190.40522270770197
2021-11-10	symptoms	end	176.8547953411132
2021-11-10	positive	end	143.89027598142664
2021-11-10	reported	end	241.2336841587567
2021-11-10	symptoms	new	100.16488929587499
2021-11-10	symptoms	active	2292.052854014307
2021-11-10	presymp	new	43.842650741818716
2021-11-10	presymp	active	1006.4753052356999
2021-11-10	positive	new	176.97205939738026
2021-11-10	positive	active	3973.4233040719187
2021-11-10	infectious	new	115.18451203263618
2021-11-10	infectious	active	2571.88478574299
2021-11-10	possymp	new	32.96451935968656
2021-11-10	possymp	active	674.8951448219117
2021-11-11	infections	start	362.1468593446717
2021-11-11	positive	start	336.3122951305734
2021-11-11	infectious	start	320.4386291742997
2021-11-11	symptoms	start	289.86209718211654
2021-11-11	infectious	end	199.92256774063685
2021-11-11	symptoms	end	182.80105522677496
2021-11-11	positive	end	151.84634573768432
2021-11-11	reported	end	261.3764569910982
2021-11-11	symptoms	new	107.06104195534158
2021-11-11	symptoms	active	2399.1138959696486
2021-11-11	presymp	new	46.45019794845683
2021-11-11	presymp	active	1052.9255031841567
2021-11-11	positive	new	184.46594939288906
2021-11-11	positive	active	4157.889253464808
2021-11-11	infectious	new	120.51606143366286
2021-11-11	infectious	active	2692.400847176653
2021-11-11	possymp	new	30.954709489090646
2021-11-11	possymp	active	705.8498543110023
2021-11-12	infections	start	372.0089396569762
2021-11-12	positive	start	350.3972108784176
2021-11-12	infectious	start	335.88165796341883
2021-11-12	symptoms	start	303.67265988087024
2021-11-12	infectious	end	211.2163708028482
2021-11-12	symptoms	end	190.01608032150034
2021-11-12	positive	end	160.93877041773712
2021-11-12	reported	end	245.0704027934884
2021-11-12	symptoms	new	113.6565795593699
2021-11-12	symptoms	active	2512.7704755290183
2021-11-12	presymp	new	46.72455099754734
2021-11-12	presymp	active	1099.650054181704
2021-11-12	positive	new	189.45844046068046
2021-11-12	positive	active	4347.347693925488
2021-11-12	infectious	new	124.66528716057064
2021-11-12	infectious	active	2817.0661343372235
2021-11-12	possymp	new	29.077309903763222
2021-11-12	possymp	active	734.9271642147656
2021-11-13	infections	start	381.197540611523
2021-11-13	positive	start	361.9380446874484
2021-11-13	infectious	start	349.9913564420135
2021-11-13	symptoms	start	318.31519782303576
2021-11-13	infectious	end	223.1366077441925
2021-11-13	symptoms	end	199.4358880259948
2021-11-13	positive	end	170.1069533014131
2021-11-13	reported	end	153.46874538926866
2021-11-13	symptoms	new	118.87930979704095
2021-11-13	symptoms	active	2631.6497853260594
2021-11-13	presymp	new	43.62284686441262
2021-11-13	presymp	active	1143.2729010461167
2021-11-13	positive	new	191.83109138603527
2021-11-13	positive	active	4539.178785311524
2021-11-13	infectious	new	126.85474869782101
2021-11-13	infectious	active	2943.9208830350444
2021-11-13	possymp	new	29.3289347245817
2021-11-13	possymp	active	764.2560989393473
2021-11-14	infections	start	392.4007489669868
2021-11-14	positive	start	371.8532143635936
2021-11-14	infectious	start	361.5804070671036
2021-11-14	symptoms	start	333.63135942493574
2021-11-14	infectious	end	234.09344825196285
2021-11-14	symptoms	end	210.2619172794653
2021-11-14	positive	end	178.36531750093252
2021-11-14	reported	end	136.68310136231742
2021-11-14	symptoms	new	123.36944214547043
2021-11-14	symptoms	active	2755.01922747153
2021-11-14	presymp	new	38.221854938657884
2021-11-14	presymp	active	1181.4947559847747
2021-11-14	positive	new	193.4878968626611
2021-11-14	positive	active	4732.666682174185
2021-11-14	infectious	new	127.48695881514072
2021-11-14	infectious	active	3071.4078418501854
2021-11-14	possymp	new	31.89659977853279
2021-11-14	possymp	active	796.1526987178801
2021-11-15	infections	start	406.4351181141209
2021-11-15	positive	start	381.0636349982654
2021-11-15	infectious	start	371.5396193951293
2021-11-15	symptoms	start	347.68455977687154
2021-11-15	infectious	end	244.14717781589331
2021-11-15	symptoms	end	221.74029099271095
2021-11-15	positive	end	185.62220057370692
2021-11-15	reported	end	352.4985245659765
2021-11-15	symptoms	new	125.94426878416058
2021-11-15	symptoms	active	2880.9634962556906
2021-11-15	presymp	new	33.37907522139386
2021-11-15	presymp	active	1214.8738312061685
2021-11-15	positive	new	195.44143442455848
2021-11-15	positive	active	4928.108116598743
2021-11-15	infectious	new	127.39244157923599
2021-11-15	infectious	active	3198.800283429421
2021-11-15	possymp	new	36.118090419004034
2021-11-15	possymp	active	832.2707891368841
2021-11-16	infections	start	421.4832507756778
2021-11-16	positive	start	392.2341987742488
2021-11-16	infectious	start	380.7562235670776
2021-11-16	symptoms	start	359.20702814092624
2021-11-16	infectious	end	254.7439332186661
2021-11-16	symptoms	end	232.6494691060345
2021-11-16	positive	end	192.24357512471468
2021-11-16	reported	end	307.8966704372203
2021-11-16	symptoms	new	126.55755903489174
2021-11-16	symptoms	active	3007.5210552905824
2021-11-16	presymp	new	33.027170633322555
2021-11-16	presymp	active	1247.901001839491
2021-11-16	positive	new	199.99062364953411
2021-11-16	positive	active	5128.098740248277
2021-11-16	infectious	new	126.01229034841151
2021-11-16	infectious	active	3324.8125737778328
2021-11-16	possymp	new	40.40589398131982
2021-11-16	possymp	active	872.676683118204
2021-11-17	infections	start	435.74710209169206
2021-11-17	positive	start	406.1816397861816
2021-11-17	infectious	start	391.87442683935603
2021-11-17	symptoms	start	368.97634024130065
2021-11-17	infectious	end	267.1521450068425
2021-11-17	symptoms	end	242.9641905813695
2021-11-17	positive	end	199.8381379463057
2021-11-17	reported	end	357.29442285939115
2021-11-17	symptoms	new	126.01214965993114
2021-11-17	symptoms	active	3133.533204950513
2021-11-17	presymp	new	37.20529954488097
2021-11-17	presymp	active	1285.106301384372
2021-11-17	positive	new	206.34350183987593
2021-11-17	positive	active	5334.442242088153
2021-11-17	infectious	new	124.72228183251354
2021-11-17	infectious	active	3449.5348556103463
2021-11-17	possymp	new	43.126052635063814
2021-11-17	possymp	active	915.8027357532677
2021-11-18	infections	start	447.263412049615
2021-11-18	positive	start	421.1195625163614
2021-11-18	infectious	start	405.71971111599856
2021-11-18	symptoms	start	377.82389471609224
2021-11-18	infectious	end	281.48365367441045
2021-11-18	symptoms	end	253.89289352996295
2021-11-18	positive	end	209.4258853216644
2021-11-18	reported	end	350.10057541926915
2021-11-18	symptoms	new	123.9310011861293
2021-11-18	symptoms	active	3257.4642061366426
2021-11-18	presymp	new	43.29566780026914
2021-11-18	presymp	active	1328.401969184641
2021-11-18	positive	new	211.693677194697
2021-11-18	positive	active	5546.13591928285
2021-11-18	infectious	new	124.23605744158812
2021-11-18	infectious	active	3573.7709130519343
2021-11-18	possymp	new	44.46700820829855
2021-11-18	possymp	active	960.2697439615663
2021-11-19	infections	start	456.74227938382705
2021-11-19	positive	start	435.30489878605914
2021-11-19	infectious	start	420.5505867662176
2021-11-19	symptoms	start	388.43498295563194
2021-11-19	infectious	end	296.7023773042465
2021-11-19	symptoms	end	266.4235273920705
2021-11-19	positive	end	220.47197841623316
2021-11-19	reported	end	352.97811439531796
2021-11-19	symptoms	new	122.01145556356141
2021-11-19	symptoms	active	3379.475661700204
2021-11-19	presymp	new	46.8699158304272
2021-11-19	presymp	active	1375.2718850150684
2021-11-19	positive	new	214.83292036982598
2021-11-19	positive	active	5760.968839652676
2021-11-19	infectious	new	123.84820946197107
2021-11-19	infectious	active	3697.6191225139055
2021-11-19	possymp	new	45.95154897583737
2021-11-19	possymp	active	1006.2212929374036
2021-11-20	infections	start	466.3415743118364
2021-11-20	positive	start	446.82053596625445
2021-11-20	infectious	start	434.68949030581024
2021-11-20	symptoms	start	401.8500484099064
2021-11-20	infectious	end	311.70489360220614
2021-11-20	symptoms	end	280.7624413917017
2021-11-20	positive	end	232.46464470744763
2021-11-20	reported	end	259.45809767373237
2021-11-20	symptoms	new	121.08760701820466
2021-11-20	symptoms	active	3500.563268718409
2021-11-20	presymp	new	44.970487556348075
2021-11-20	presymp	active	1420.2423725714164
2021-11-20	positive	new	214.35589125880682
2021-11-20	positive	active	5975.324730911483
2021-11-20	infectious	new	122.9845967036041
2021-11-20	infectious	active	3820.6037192175095
2021-11-20	possymp	new	48.29779668425408
2021-11-20	possymp	active	1054.5190896216577
2021-11-21	infections	start	478.17583872734474
2021-11-21	positive	start	456.374595410833
2021-11-21	infectious	start	446.25047220385767
2021-11-21	symptoms	start	416.5739604516272
2021-11-21	infectious	end	325.170437918643
2021-11-21	symptoms	end	295.816224192681
2021-11-21	positive	end	244.10399269716677
2021-11-21	reported	end	198.55018934736634
2021-11-21	symptoms	new	120.75773625894624
2021-11-21	symptoms	active	3621.3210049773547
2021-11-21	presymp	new	39.80063495920581
2021-11-21	presymp	active	1460.0430075306222
2021-11-21	positive	new	212.27060271366625
2021-11-21	positive	active	6187.59533362515
2021-11-21	infectious	new	121.08003428521465
2021-11-21	infectious	active	3941.6837535027244
2021-11-21	possymp	new	51.7122314955142
2021-11-21	possymp	active	1106.231321117172
2021-11-22	infections	start	492.09539250134713
2021-11-22	positive	start	466.0814571411881
2021-11-22	infectious	start	455.9128261186541
2021-11-22	symptoms	start	430.97682504393816
2021-11-22	infectious	end	336.2655767746373
2021-11-22	symptoms	end	310.4245902288646
2021-11-22	positive	end	255.07969005709387
2021-11-22	reported	end	477.67147002409877
2021-11-22	symptoms	new	120.55223481507358
2021-11-22	symptoms	active	3741.8732397924286
2021-11-22	presymp	new	35.10463209724992
2021-11-22	presymp	active	1495.1476396278722
2021-11-22	positive	new	211.0017670840942
2021-11-22	positive	active	6398.597100709243
2021-11-22	infectious	new	119.64724934401681
2021-11-22	infectious	active	4061.331002846741
2021-11-22	possymp	new	55.34490017177072
2021-11-22	possymp	active	1161.5762212889426
2021-11-23	infections	start	505.2422901758686
2021-11-23	positive	start	478.0055753386371
2021-11-23	infectious	start	465.72996477339416
2021-11-23	symptoms	start	443.0070170309125
2021-11-23	infectious	end	345.706729509162
2021-11-23	symptoms	end	323.5976191444665
2021-11-23	positive	end	266.3511978961575
2021-11-23	reported	end	444.5797717995377
2021-11-23	symptoms	new	119.40939788644602
2021-11-23	symptoms	active	3861.2826376788744
2021-11-23	presymp	new	34.99855830772458
2021-11-23	presymp	active	1530.1461979355968
2021-11-23	positive	new	211.65437744247959
2021-11-23	positive	active	6610.251478151723
2021-11-23	infectious	new	120.02323526423214
2021-11-23	infectious	active	4181.354238110973
2021-11-23	possymp	new	57.24642124830899
2021-11-23	possymp	active	1218.8226425372516
2021-11-24	infections	start	515.6925815675378
2021-11-24	positive	start	491.9816984757857
2021-11-24	infectious	start	477.7126033386456
2021-11-24	symptoms	start	453.00495590777234
2021-11-24	infectious	end	354.9350593031395
2021-11-24	symptoms	end	334.61715128858145
2021-11-24	positive	end	278.8356463458221
2021-11-24	reported	end	427.7941277725864
2021-11-24	symptoms	new	118.38780461919089
2021-11-24	symptoms	active	3979.6704422980656
2021-11-24	presymp	new	38.97674256801338
2021-11-24	presymp	active	1569.1229405036102
2021-11-24	positive	new	213.1460521299636
2021-11-24	positive	active	6823.397530281687
2021-11-24	infectious	new	122.77754403550608
2021-11-24	infectious	active	4304.131782146479
2021-11-24	possymp	new	55.78150494275934
2021-11-24	possymp	active	1274.604147480011
2021-11-25	infections	start	521.818451418335
2021-11-25	positive	start	505.19057922074757
2021-11-25	infectious	start	491.70546762206305
2021-11-25	symptoms	start	462.8131081196582
2021-11-25	infectious	end	365.69320861210593
2021-11-25	symptoms	end	344.23326894243763
2021-11-25	positive	end	292.7983302284045
2021-11-25	reported	end	411.00848374563515
2021-11-25	symptoms	new	118.57983917722055
2021-11-25	symptoms	active	4098.250281475286
2021-11-25	presymp	new	42.377471101089384
2021-11-25	presymp	active	1611.5004116046994
2021-11-25	positive	new	212.39224899234307
2021-11-25	positive	active	7035.78977927403
2021-11-25	infectious	new	126.01225900995712
2021-11-25	infectious	active	4430.144041156436
2021-11-25	possymp	new	51.43493871403314
2021-11-25	possymp	active	1326.039086194044
2021-11-26	infections	start	523.8295245623963
2021-11-26	positive	start	515.7710669251468
2021-11-26	infectious	start	504.9561231449649
2021-11-26	symptoms	start	474.5560335994369
2021-11-26	infectious	end	379.16438946270813
2021-11-26	symptoms	end	353.9551497017659
2021-11-26	positive	end	307.33126558650355
2021-11-26	reported	end	427.7941277725864
2021-11-26	symptoms	new	120.600883897671
2021-11-26	symptoms	active	4218.8511653729565
2021-11-26	presymp	new	41.215033325709896
2021-11-26	presymp	active	1652.7154449304094
2021-11-26	positive	new	208.43980133864324
2021-11-26	positive	active	7244.229580612673
2021-11-26	infectious	new	125.79173368225679
2021-11-26	infectious	active	4555.935774838693
2021-11-26	possymp	new	46.62388411526234
2021-11-26	possymp	active	1372.6629703093065
2021-11-27	infections	start	524.8129468067061
2021-11-27	positive	start	522.1310141298527
2021-11-27	infectious	start	515.6724096889712
2021-11-27	symptoms	start	488.3957302264862
2021-11-27	infectious	end	394.4030167423154
2021-11-27	symptoms	end	365.0372466870201
2021-11-27	positive	end	321.6028298761892
2021-11-27	reported	end	294.9477450450007
2021-11-27	symptoms	new	123.35848353946608
2021-11-27	symptoms	active	4342.209648912423
2021-11-27	presymp	new	33.73528390336651
2021-11-27	presymp	active	1686.4507288337759
2021-11-27	positive	new	200.52818425366348
2021-11-27	positive	active	7444.757764866336
2021-11-27	infectious	new	121.26939294665584
2021-11-27	infectious	active	4677.205167785349
2021-11-27	possymp	new	43.434416810830896
2021-11-27	possymp	active	1416.0973871201375
2021-11-28	infections	start	526.8257616321565
2021-11-28	positive	start	524.4528497223184
2021-11-28	infectious	start	522.2830785431519
2021-11-28	symptoms	start	501.9004955551423
2021-11-28	infectious	end	409.32599405849606
2021-11-28	symptoms	end	378.4768346731676
2021-11-28	positive	end	334.85033571278393
2021-11-28	reported	end	224.9276299611469
2021-11-28	symptoms	new	123.42366088197468
2021-11-28	symptoms	active	4465.633309794398
2021-11-28	presymp	new	22.552354167176134
2021-11-28	presymp	active	1709.003083000952
2021-11-28	positive	new	189.6025140095345
2021-11-28	positive	active	7634.360278875871
2021-11-28	infectious	new	112.95708448465581
2021-11-28	infectious	active	4790.1622522700045
2021-11-28	possymp	new	43.626498960383685
2021-11-28	possymp	active	1459.723886080521
2021-11-29	infections	start	529.2214644877729
2021-11-29	positive	start	525.7489138668124
2021-11-29	infectious	start	524.9121738109068
2021-11-29	symptoms	start	513.3177937548511
2021-11-29	infectious	end	422.0952630671503
2021-11-29	symptoms	end	393.41518906916684
2021-11-29	positive	end	346.33621119053186
2021-11-29	reported	end	570.7118969163429
2021-11-29	symptoms	new	119.90260468568425
2021-11-29	symptoms	active	4585.535914480082
2021-11-29	presymp	new	12.431120111961263
2021-11-29	presymp	active	1721.4342031129133
2021-11-29	positive	new	179.4127026762805
2021-11-29	positive	active	7813.772981552152
2021-11-29	infectious	new	102.81691074375647
2021-11-29	infectious	active	4892.9791630137615
2021-11-29	possymp	new	47.07897787863499
2021-11-29	possymp	active	1506.802863959156
2021-11-30	infections	start	531.4524288703659
2021-11-30	positive	start	528.0052769554334
2021-11-30	infectious	start	526.4816455546909
2021-11-30	symptoms	start	520.7953002828503
2021-11-30	infectious	end	432.7267916365842
2021-11-30	symptoms	end	408.12477724519294
2021-11-30	positive	end	356.54188599853904
2021-11-30	reported	end	493.97752422170856
2021-11-30	symptoms	new	112.6705230376574
2021-11-30	symptoms	active	4698.20643751774
2021-11-30	presymp	new	7.209976672583025
2021-11-30	presymp	active	1728.6441797854964
2021-11-30	positive	new	171.46339095689433
2021-11-30	positive	active	7985.236372509045
2021-11-30	infectious	new	93.75485391810668
2021-11-30	infectious	active	4986.734016931868
2021-11-30	possymp	new	51.5828912466539
2021-11-30	possymp	active	1558.38575520581
2021-12-01	infections	start	533.35403119013165
2021-12-01	positive	start	530.5465480348739
2021-12-01	infectious	start	528.9192144736181
2021-12-01	symptoms	start	524.0839206190172
2021-12-01	infectious	end	443.17846667757334
2021-12-01	symptoms	end	421.30712703490184
2021-12-01	positive	end	366.5454391886184
2021-12-01	reported	end	587.4975409432941
2021-12-01	symptoms	new	102.77679358411541
2021-12-01	symptoms	active	4800.9832311018545
2021-12-01	presymp	new	6.462627415856673
2021-12-01	presymp	active	1735.106807201353
2021-12-01	positive	new	164.00110884625553
2021-12-01	positive	active	8149.2374813553015
2021-12-01	infectious	new	85.74074779604479
2021-12-01	infectious	active	5072.474764727913
2021-12-01	possymp	new	54.76168784628345
2021-12-01	possymp	active	1613.1474430520934
2021-12-02	infections	start	535.8483921933441
2021-12-02	positive	start	532.8487284770249
2021-12-02	infectious	start	531.5537008487255
2021-12-02	symptoms	start	525.9604801302285
2021-12-02	infectious	end	455.7220792875766
2021-12-02	symptoms	end	432.97829779080456
2021-12-02	positive	end	377.3697469937937
2021-12-02	reported	end	542.4160969851964
2021-12-02	symptoms	new	92.9821823394239
2021-12-02	symptoms	active	4893.9654134412785
2021-12-02	presymp	new	6.888248346796445
2021-12-02	presymp	active	1741.9950555481494
2021-12-02	positive	new	155.47898148323122
2021-12-02	positive	active	8304.716462838533
2021-12-02	infectious	new	75.83162156114889
2021-12-02	infectious	active	5148.306386289061
2021-12-02	possymp	new	55.60855079701088
2021-12-02	possymp	active	1668.7559938491042
2021-12-03	infections	start	540.0621329878468
2021-12-03	positive	start	534.7911279646431
2021-12-03	infectious	start	533.9096819867893
2021-12-03	symptoms	start	528.53706554191206
2021-12-03	infectious	end	471.05414619272034
2021-12-03	symptoms	end	445.01325800304016
2021-12-03	positive	end	390.1720373161057
2021-12-03	reported	end	548.6507647666355
2021-12-03	symptoms	new	83.52380753887189
2021-12-03	symptoms	active	4977.489220980151
2021-12-03	presymp	new	6.254062422731067
2021-12-03	presymp	active	1748.2491179708804
2021-12-03	positive	new	144.61909064853745
2021-12-03	positive	active	8449.33555348707
2021-12-03	infectious	new	62.855535794069
2021-12-03	infectious	active	5211.161922083131
2021-12-03	possymp	new	54.84122068693449
2021-12-03	possymp	active	1723.5972145360388
2021-12-04	infections	start	547.0736590869805
2021-12-04	positive	start	537.3237710305073
2021-12-04	infectious	start	535.9100004936377
2021-12-04	symptoms	start	531.4413127734712
2021-12-04	infectious	end	485.85163784764
2021-12-04	symptoms	end	458.6299824228784
2021-12-04	positive	end	404.50451625445476
2021-12-04	reported	end	359.6923720060984
2021-12-04	symptoms	new	72.81133035059275
2021-12-04	symptoms	active	5050.3005513307435
2021-12-04	presymp	new	5.882458257036092
2021-12-04	presymp	active	1754.1315762279166
2021-12-04	positive	new	132.8192547760525
2021-12-04	positive	active	8582.154808263122
2021-12-04	infectious	new	50.05836264599765
2021-12-04	infectious	active	5261.220284729128
2021-12-04	possymp	new	54.12546616842366
2021-12-04	possymp	active	1777.7226807044624
2021-12-05	infections	start	562.6134568435094
2021-12-05	positive	start	541.5629473770776
2021-12-05	infectious	start	538.5174793240816
2021-12-05	symptoms	start	534.4274172845738
2021-12-05	infectious	end	496.7315216143952
2021-12-05	symptoms	end	474.42239324288266
2021-12-05	positive	end	418.989006565197
2021-12-05	reported	end	295.4273348743422
2021-12-05	symptoms	new	60.00502404169117
2021-12-05	symptoms	active	5110.305575372435
2021-12-05	presymp	new	7.135530092503814
2021-12-05	presymp	active	1761.2671063204205
2021-12-05	positive	new	122.57394081188068
2021-12-05	positive	active	8704.728749075002
2021-12-05	infectious	new	41.785957709686386
2021-12-05	infectious	active	5303.006242438814
2021-12-05	possymp	new	55.43338667768569
2021-12-05	possymp	active	1833.1560673821482
2021-12-06	infections	start	589.5994774365989
2021-12-06	positive	start	548.5449169763955
2021-12-06	infectious	start	542.8103370547825
2021-12-06	symptoms	start	537.4149890658714
2021-12-06	infectious	end	502.5271184657775
2021-12-06	symptoms	end	489.76859874542345
2021-12-06	positive	end	432.252468384857
2021-12-06	reported	end	693.4868932277578
2021-12-06	symptoms	new	47.64639032044795
2021-12-06	symptoms	active	5157.951965692882
2021-12-06	presymp	new	11.129927910524088
2021-12-06	presymp	active	1772.3970342309444
2021-12-06	positive	new	116.29244859153846
2021-12-06	positive	active	8821.021197666541
2021-12-06	infectious	new	40.283218589005
2021-12-06	infectious	active	5343.28946102782
2021-12-06	possymp	new	57.51613036056642
2021-12-06	possymp	active	1890.6721977427146
2021-12-07	infections	start	624.9716301880044
2021-12-07	positive	start	563.9794319464515
2021-12-07	infectious	start	549.7650120806521
2021-12-07	symptoms	start	541.0937947514204
2021-12-07	infectious	end	503.48950666914976
2021-12-07	symptoms	end	501.01555695194725
2021-12-07	positive	end	443.77689147937605
2021-12-07	reported	end	601.8852358235381
2021-12-07	symptoms	new	40.078237799473186
2021-12-07	symptoms	active	5198.030203492355
2021-12-07	presymp	new	22.88563719503111
2021-12-07	presymp	active	1795.2826714259756
2021-12-07	positive	new	120.2025404670755
2021-12-07	positive	active	8941.223738133616
2021-12-07	infectious	new	46.275505411502365
2021-12-07	infectious	active	5389.564966439322
2021-12-07	possymp	new	57.2386654725712
2021-12-07	possymp	active	1947.9108632152856
2021-12-08	infections	start	665.7682767438267
2021-12-08	positive	start	590.7955241030987
2021-12-08	infectious	start	565.0810722769918
2021-12-08	symptoms	start	546.2739651424317
2021-12-08	infectious	end	502.6168870189169
2021-12-08	symptoms	end	507.68545496757974
2021-12-08	positive	end	454.7811053991674
2021-12-08	reported	end	569.7527172576599
2021-12-08	symptoms	new	38.58851017485199
2021-12-08	symptoms	active	5236.618713667208
2021-12-08	presymp	new	44.521558960666994
2021-12-08	presymp	active	1839.8042303866425
2021-12-08	positive	new	136.0144187039313
2021-12-08	positive	active	9077.238156837548
2021-12-08	infectious	new	62.464185258074906
2021-12-08	infectious	active	5452.029151697397
2021-12-08	possymp	new	52.90434956841233
2021-12-08	possymp	active	2000.8152127836981
2021-12-09	infections	start	710.6468060385721
2021-12-09	positive	start	625.9658670731847
2021-12-09	infectious	start	591.719338305851
2021-12-09	symptoms	start	553.8989342555079
2021-12-09	infectious	end	502.47479922416585
2021-12-09	symptoms	end	509.7863345412598
2021-12-09	positive	end	466.4064928441987
2021-12-09	reported	end	607.6403137756356
2021-12-09	symptoms	new	44.11259971424812
2021-12-09	symptoms	active	5280.731313381456
2021-12-09	presymp	new	72.06693281767673
2021-12-09	presymp	active	1911.8711632043194
2021-12-09	positive	new	159.55937422898597
2021-12-09	positive	active	9236.797531066535
2021-12-09	infectious	new	89.24453908168516
2021-12-09	infectious	active	5541.273690779082
2021-12-09	possymp	new	43.379841697061124
2021-12-09	possymp	active	2044.1950544807592
2021-12-10	infections	start	762.6575388255924
2021-12-10	positive	start	666.5768976217818
2021-12-10	infectious	start	626.6956022587906
2021-12-10	symptoms	start	569.8404885311597
2021-12-10	infectious	end	503.9107663254516
2021-12-10	symptoms	end	509.9506556997515
2021-12-10	positive	end	479.77551153358877
2021-12-10	reported	end	582.222052820538
2021-12-10	symptoms	new	59.88983283140823
2021-12-10	symptoms	active	5340.621146212864
2021-12-10	presymp	new	96.73640909062203
2021-12-10	presymp	active	2008.6075722949413
2021-12-10	positive	new	186.801386088193
2021-12-10	positive	active	9423.598917154728
2021-12-10	infectious	new	122.78483593333897
2021-12-10	infectious	active	5664.058526712421
2021-12-10	possymp	new	30.175144166162738
2021-12-10	possymp	active	2074.370198646922
2021-12-11	infections	start	825.4402751807512
2021-12-11	positive	start	711.3207431798303
2021-12-11	infectious	start	667.1451527407421
2021-12-11	symptoms	start	597.2812089796817
2021-12-11	infectious	end	504.4761552405328
2021-12-11	symptoms	end	510.05910909409704
2021-12-11	positive	end	492.8968890053162
2021-12-11	reported	end	388.4677617665863
2021-12-11	symptoms	new	87.22209988558461
2021-12-11	symptoms	active	5427.843246098449
2021-12-11	presymp	new	114.03953420014864
2021-12-11	presymp	active	2122.64710649509
2021-12-11	positive	new	218.42385417451408
2021-12-11	positive	active	9642.02277132924
2021-12-11	infectious	new	162.6689975002093
2021-12-11	infectious	active	5826.727524212631
2021-12-11	possymp	new	17.162220088780828
2021-12-11	possymp	active	2091.532418735703
2021-12-12	infections	start	902.6788737656908
2021-12-12	positive	start	763.238502103862
2021-12-12	infectious	start	711.7855788164123
2021-12-12	symptoms	start	633.3885149405761
2021-12-12	infectious	end	501.31350640441127
2021-12-12	symptoms	end	510.37847347885526
2021-12-12	positive	end	502.6871224217412
2021-12-12	reported	end	261.85604682043964
2021-12-12	symptoms	new	123.01004146172085
2021-12-12	symptoms	active	5550.8532875601695
2021-12-12	presymp	new	129.84998716328585
2021-12-12	presymp	active	2252.497093658376
2021-12-12	positive	new	260.55137968212074
2021-12-12	positive	active	9902.574151011362
2021-12-12	infectious	new	210.47207241200107
2021-12-12	infectious	active	6037.199596624631
2021-12-12	possymp	new	7.691351057114048
2021-12-12	possymp	active	2099.2237697928167
2021-12-13	infections	start	994.4734380497451
2021-12-13	positive	start	825.8902897345721
2021-12-13	infectious	start	763.6303882908703
2021-12-13	symptoms	start	675.3380548942232
2021-12-13	infectious	end	497.27480386274203
2021-12-13	symptoms	end	510.08867272648985
2021-12-13	positive	end	508.6984595141396
2021-12-13	reported	end	702.5990999852456
2021-12-13	symptoms	new	165.24938216773336
2021-12-13	symptoms	active	5716.102669727903
2021-12-13	presymp	new	150.5522348403489
2021-12-13	presymp	active	2403.0493284987247
2021-12-13	positive	new	317.1918302204325
2021-12-13	positive	active	10219.765981231794
2021-12-13	infectious	new	266.3555844281283
2021-12-13	infectious	active	6303.5551810527595
2021-12-13	possymp	new	1.390213212350261
2021-12-13	possymp	active	2100.613983005167
2021-12-14	infections	start	1097.024178171222
2021-12-14	positive	start	902.8171406927833
2021-12-14	infectious	start	826.1275328406632
2021-12-14	symptoms	start	721.6139176722317
2021-12-14	infectious	end	496.35952089555053
2021-12-14	symptoms	end	506.7725253812227
2021-12-14	positive	end	510.49798531295494
2021-12-14	reported	end	599.9668765061722
2021-12-14	symptoms	new	214.84139229100896
2021-12-14	symptoms	active	5930.944062018912
2021-12-14	presymp	new	181.2032230205516
2021-12-14	presymp	active	2584.2525515192765
2021-12-14	positive	new	392.3191553798283
2021-12-14	positive	active	10612.085136611622
2021-12-14	infectious	new	329.7680119451127
2021-12-14	infectious	active	6633.323192997872
2021-12-14	possymp	new	-3.725459931732246
2021-12-14	possymp	active	2096.888523073435
2021-12-15	infections	start	1208.3252668567413
2021-12-15	positive	start	993.9923849154386
2021-12-15	infectious	start	902.655979556665
2021-12-15	symptoms	start	774.5966848913973
2021-12-15	infectious	end	499.92960357772955
2021-12-15	symptoms	end	502.2263743122723
2021-12-15	positive	end	510.27602265212806
2021-12-15	reported	end	631.6198052427089
2021-12-15	symptoms	new	272.37031057912503
2021-12-15	symptoms	active	6203.314372598037
2021-12-15	presymp	new	219.39570002404128
2021-12-15	presymp	active	2803.6482515433177
2021-12-15	positive	new	483.71636226331054
2021-12-15	positive	active	11095.801498874933
2021-12-15	infectious	new	402.72637597893544
2021-12-15	infectious	active	7036.049568976808
2021-12-15	possymp	new	-8.049648339855764
2021-12-15	possymp	active	2088.838874733579
2021-12-16	infections	start	1326.382491662878
2021-12-16	positive	start	1095.604814009823
2021-12-16	infectious	start	993.1265890543741
2021-12-16	symptoms	start	837.2013524603394
2021-12-16	infectious	end	509.71061853503653
2021-12-16	symptoms	end	500.73719659756165
2021-12-16	positive	end	510.1255878424886
2021-12-16	reported	end	608.1199036049771
2021-12-16	symptoms	new	336.4641558627778
2021-12-16	symptoms	active	6539.778528460814
2021-12-16	presymp	new	258.4034615494836
2021-12-16	presymp	active	3062.051713092801
2021-12-16	positive	new	585.4792261673344
2021-12-16	positive	active	11681.280725042268
2021-12-16	infectious	new	483.4159705193376
2021-12-16	infectious	active	7519.4655394961455
2021-12-16	possymp	new	-9.388391244926936
2021-12-16	possymp	active	2079.450483488652
2021-12-17	infections	start	1468.3087680590443
2021-12-17	positive	start	1205.7305062227372
2021-12-17	infectious	start	1093.8060209282887
2021-12-17	symptoms	start	912.9306832526369
2021-12-17	infectious	end	526.9959005681857
2021-12-17	symptoms	end	503.8047968231923
2021-12-17	positive	end	511.2367695352882
2021-12-17	reported	end	588.456720601977
2021-12-17	symptoms	new	409.12588642944456
2021-12-17	symptoms	active	6948.904414890259
2021-12-17	presymp	new	292.7998229701003
2021-12-17	presymp	active	3354.8515360629017
2021-12-17	positive	new	694.493736687449
2021-12-17	positive	active	12375.774461729718
2021-12-17	infectious	new	566.810120360103
2021-12-17	infectious	active	8086.275659856248
2021-12-17	possymp	new	-7.431972712095899
2021-12-17	possymp	active	2072.018510776556
2021-12-18	infections	start	1649.0479037551115
2021-12-18	positive	start	1322.4538647076888
2021-12-18	infectious	start	1202.871315552064
2021-12-18	symptoms	start	1002.1861830753242
2021-12-18	infectious	end	550.7231397962398
2021-12-18	symptoms	end	512.4994604911627
2021-12-18	positive	end	513.279427046923
2021-12-18	reported	end	428.7533074312694
2021-12-18	symptoms	new	489.68672258416143
2021-12-18	symptoms	active	7438.591137474421
2021-12-18	presymp	new	320.26768163236466
2021-12-18	presymp	active	3675.1192176952663
2021-12-18	positive	new	809.1744376607658
2021-12-18	positive	active	13184.948899390483
2021-12-18	infectious	new	652.1481757558242
2021-12-18	infectious	active	8738.423835612073
2021-12-18	possymp	new	-0.7799665557603248
2021-12-18	possymp	active	2071.238544220796
2021-12-19	infections	start	1862.9675954139211
2021-12-19	positive	start	1462.8483204635495
2021-12-19	infectious	start	1318.4321477136375
2021-12-19	symptoms	start	1101.5691853760568
2021-12-19	infectious	end	578.375812697244
2021-12-19	symptoms	end	527.7094128580339
2021-12-19	positive	end	513.5658580321393
2021-12-19	reported	end	345.30467712585454
2021-12-19	symptoms	new	573.8597725180229
2021-12-19	symptoms	active	8012.4509099924435
2021-12-19	presymp	new	361.2791350874927
2021-12-19	presymp	active	4036.398352782759
2021-12-19	positive	new	949.2824624314102
2021-12-19	positive	active	14134.231361821892
2021-12-19	infectious	new	740.0563350163935
2021-12-19	infectious	active	9478.480170628467
2021-12-19	possymp	new	14.143554825894626
2021-12-19	possymp	active	2085.3820990466907
2021-12-20	infections	start	2103.8792136479783
2021-12-20	positive	start	1641.788741808364
2021-12-20	infectious	start	1457.4348751850957
2021-12-20	symptoms	start	1209.0447028700667
2021-12-20	infectious	end	609.8712805684715
2021-12-20	symptoms	end	548.6745475093394
2021-12-20	positive	end	513.5124166328276
2021-12-20	reported	end	873.8126690601486
2021-12-20	symptoms	new	660.3701553607273
2021-12-20	symptoms	active	8672.821065353171
2021-12-20	presymp	new	432.7440389382973
2021-12-20	presymp	active	4469.142391721056
2021-12-20	positive	new	1128.2763251755364
2021-12-20	positive	active	15262.50768699743
2021-12-20	infectious	new	847.5635946166242
2021-12-20	infectious	active	10326.043765245091
2021-12-20	possymp	new	35.16213087651181
2021-12-20	possymp	active	2120.5442299232022
2021-12-21	infections	start	2327.5532310392464
2021-12-21	positive	start	1853.7840508845986
2021-12-21	infectious	start	1634.6432361379184
2021-12-21	symptoms	start	1322.0543395035909
2021-12-21	infectious	end	650.5055918664584
2021-12-21	symptoms	end	574.3771474153667
2021-12-21	positive	end	517.0515469657241
2021-12-21	reported	end	1009.536590763783
2021-12-21	symptoms	new	747.6771920882242
2021-12-21	symptoms	active	9420.498257441395
2021-12-21	presymp	new	531.7297113810077
2021-12-21	presymp	active	5000.872103102064
2021-12-21	positive	new	1336.7325039188745
2021-12-21	positive	active	16599.240190916305
2021-12-21	infectious	new	984.13764427146
2021-12-21	infectious	active	11310.18140951655
2021-12-21	possymp	new	57.32560044964259
2021-12-21	possymp	active	2177.8698303728447
2021-12-22	infections	start	2505.0868699844427
2021-12-22	positive	start	2093.0462594739047
2021-12-22	infectious	start	1844.7212945640824
2021-12-22	symptoms	start	1456.9561630956168
2021-12-22	infectious	end	704.5477706686086
2021-12-22	symptoms	end	604.5089913611604
2021-12-22	positive	end	525.3053360295754
2021-12-22	reported	end	1121.2810210003443
2021-12-22	symptoms	new	852.4471717344564
2021-12-22	symptoms	active	10272.945429175852
2021-12-22	presymp	new	636.0900963782879
2021-12-22	presymp	active	5636.962199480352
2021-12-22	positive	new	1567.7409234443294
2021-12-22	positive	active	18166.981114360635
2021-12-22	infectious	new	1140.1735238954739
2021-12-22	infectious	active	12450.354933412023
2021-12-22	possymp	new	79.20365533158497
2021-12-22	possymp	active	2257.07348570443
2021-12-23	infections	start	2652.940858948772
2021-12-23	positive	start	2316.1233910924993
2021-12-23	infectious	start	2082.35010876615
2021-12-23	symptoms	start	1628.5184791236193
2021-12-23	infectious	end	772.5079368747041
2021-12-23	symptoms	end	642.9679952103551
2021-12-23	positive	end	539.3512633082947
2021-12-23	reported	end	1141.4237938326858
2021-12-23	symptoms	new	985.5504839132642
2021-12-23	symptoms	active	11258.495913089115
2021-12-23	presymp	new	687.6049119688801
2021-12-23	presymp	active	6324.567111449232
2021-12-23	positive	new	1776.7721277842047
2021-12-23	positive	active	19943.753242144838
2021-12-23	infectious	new	1309.8421718914456
2021-12-23	infectious	active	13760.19710530347
2021-12-23	possymp	new	103.61673190206034
2021-12-23	possymp	active	2360.69021760649
2021-12-24	infections	start	2788.0217579412874
2021-12-24	positive	start	2494.612358518789
2021-12-24	infectious	start	2304.8882568450513
2021-12-24	symptoms	start	1832.4708406766144
2021-12-24	infectious	end	852.3691573154732
2021-12-24	symptoms	end	693.8470265780081
2021-12-24	positive	end	560.6958028260058
2021-12-24	reported	end	965.4143264643683
2021-12-24	symptoms	new	1138.6238140986063
2021-12-24	symptoms	active	12397.119727187723
2021-12-24	presymp	new	662.1415178421744
2021-12-24	presymp	active	6986.708629291406
2021-12-24	positive	new	1933.916555692783
2021-12-24	positive	active	21877.66979783762
2021-12-24	infectious	new	1452.519099529578
2021-12-24	infectious	active	15212.716204833048
2021-12-24	possymp	new	133.15122375200235
2021-12-24	possymp	active	2493.8414413584924
2021-12-25	infections	start	2900.3948989758387
2021-12-25	positive	start	2644.6954268144386
2021-12-25	infectious	start	2484.3349024172207
2021-12-25	symptoms	start	2065.0930305063
2021-12-25	infectious	end	937.8527028733779
2021-12-25	symptoms	end	756.3852464065467
2021-12-25	positive	end	589.2489939143829
2021-12-25	reported	end	641.6911916588797
2021-12-25	symptoms	new	1308.707784099753
2021-12-25	symptoms	active	13705.827511287474
2021-12-25	presymp	new	579.6023963081389
2021-12-25	presymp	active	7566.311025599545
2021-12-25	positive	new	2055.4464329000557
2021-12-25	positive	active	23933.116230737676
2021-12-25	infectious	new	1546.4821995438429
2021-12-25	infectious	active	16759.19840437689
2021-12-25	possymp	new	167.13625249216375
2021-12-25	possymp	active	2660.977693850656
2021-12-26	infections	start	2966.697891783663
2021-12-26	positive	start	2782.5129141583266
2021-12-26	infectious	start	2636.3856931827395
2021-12-26	symptoms	start	2284.7770425959557
2021-12-26	infectious	end	1027.3399213162782
2021-12-26	symptoms	end	829.668804929604
2021-12-26	positive	end	623.7697774969865
2021-12-26	reported	end	772.6192150690995
2021-12-26	symptoms	new	1455.1082376663517
2021-12-26	symptoms	active	15160.935748953827
2021-12-26	presymp	new	497.7358715623709
2021-12-26	presymp	active	8064.046897161916
2021-12-26	positive	new	2158.74313666134
2021-12-26	positive	active	26091.859367399018
2021-12-26	infectious	new	1609.0457718664613
2021-12-26	infectious	active	18368.244176243352
2021-12-26	possymp	new	205.89902743261746
2021-12-26	possymp	active	2866.8767212832736
2021-12-27	infections	start	2985.5496436016506
2021-12-27	positive	start	2897.374329071829
2021-12-27	infectious	start	2776.2328637116802
2021-12-27	symptoms	start	2461.6494865247937
2021-12-27	infectious	end	1124.933678830511
2021-12-27	symptoms	end	909.2794493592168
2021-12-27	positive	end	663.019412634477
2021-12-27	reported	end	1687.1970196232726
2021-12-27	symptoms	new	1552.3700371655768
2021-12-27	symptoms	active	16713.305786119403
2021-12-27	presymp	new	435.7248425470352
2021-12-27	presymp	active	8499.771739708951
2021-12-27	positive	new	2234.3549164373517
2021-12-27	positive	active	28326.21428383637
2021-12-27	infectious	new	1651.2991848811691
2021-12-27	infectious	active	20019.54336112452
2021-12-27	possymp	new	246.26003672473973
2021-12-27	possymp	active	3113.1367580080137
2021-12-28	infections	start	3001.0262750620655
2021-12-28	positive	start	2965.590672163232
2021-12-28	infectious	start	2892.602309943807
2021-12-28	symptoms	start	2608.0305033565783
2021-12-28	infectious	end	1241.9263321453545
2021-12-28	symptoms	end	994.5302200037828
2021-12-28	positive	end	710.4408466004639
2021-12-28	reported	end	1875.1962327251265
2021-12-28	symptoms	new	1613.5002833527956
2021-12-28	symptoms	active	18326.8060694722
2021-12-28	presymp	new	357.56016880665356
2021-12-28	presymp	active	8857.331908515605
2021-12-28	positive	new	2255.149825562768
2021-12-28	positive	active	30581.364109399135
2021-12-28	infectious	new	1650.6759777984525
2021-12-28	infectious	active	21670.219338922972
2021-12-28	possymp	new	284.08937340331886
2021-12-28	possymp	active	3397.2261314113325
2021-12-29	infections	start	2963.771784693543
2021-12-29	positive	start	2985.971796569572
2021-12-29	infectious	start	2961.8497889674177
2021-12-29	symptoms	start	2737.935536112308
2021-12-29	infectious	end	1399.1673242516983
2021-12-29	symptoms	end	1093.0667398419075
2021-12-29	positive	end	770.305787640047
2021-12-29	reported	end	1996.5324595485172
2021-12-29	symptoms	new	1644.8687962704005
2021-12-29	symptoms	active	19971.6748657426
2021-12-29	presymp	new	248.03626045726378
2021-12-29	presymp	active	9105.36816897287
2021-12-29	positive	new	2215.6660089295247
2021-12-29	positive	active	32797.03011832866
2021-12-29	infectious	new	1562.6824647157193
2021-12-29	infectious	active	23232.90180363869
2021-12-29	possymp	new	322.7609522018605
2021-12-29	possymp	active	3719.9870836131927
2021-12-30	infections	start	2847.6552968710657
2021-12-30	positive	start	3003.09885350284
2021-12-30	infectious	start	2983.2782802329198
2021-12-30	symptoms	start	2842.040990619592
2021-12-30	infectious	end	1604.234257724092
2021-12-30	symptoms	end	1213.5772349655194
2021-12-30	positive	end	842.7357658732334
2021-12-30	reported	end	2114.031967737176
2021-12-30	symptoms	new	1628.4637556540724
2021-12-30	symptoms	active	21600.138621396673
2021-12-30	presymp	new	161.05786288324816
2021-12-30	presymp	active	9266.426031856117
2021-12-30	positive	new	2160.3630876296065
2021-12-30	positive	active	34957.393205958266
2021-12-30	infectious	new	1379.0440225088278
2021-12-30	infectious	active	24611.94582614752
2021-12-30	possymp	new	370.84146909228605
2021-12-30	possymp	active	4090.828552705479
2021-12-31	infections	start	2727.12120569737
2021-12-31	positive	start	2967.7891272002557
2021-12-31	infectious	start	3002.0767905560965
2021-12-31	symptoms	start	2901.8448543622626
2021-12-31	infectious	end	1851.5185196652644
2021-12-31	symptoms	end	1374.299870218148
2021-12-31	positive	end	928.2793691798765
2021-12-31	reported	end	1839.7065853538581
2021-12-31	symptoms	new	1527.5449841441146
2021-12-31	symptoms	active	23127.683605540788
2021-12-31	presymp	new	65.94427283799314
2021-12-31	presymp	active	9332.37030469411
2021-12-31	positive	new	2039.5097580203792
2021-12-31	positive	active	36996.902963978646
2021-12-31	infectious	new	1150.558270890832
2021-12-31	infectious	active	25762.504097038352
2021-12-31	possymp	new	446.0205010382715
2021-12-31	possymp	active	4536.84905374375
2022-01-01	infections	start	2614.4477888088786
2022-01-01	positive	start	2853.3416289850766
2022-01-01	infectious	start	2968.9565348078618
2022-01-01	symptoms	start	2920.002610810135
2022-01-01	infectious	end	2111.2570960767293
2022-01-01	symptoms	end	1583.124730069529
2022-01-01	positive	end	1023.2115588358141
2022-01-01	reported	end	1020.5671568386367
2022-01-01	symptoms	new	1336.877880740606
2022-01-01	symptoms	active	24464.561486281393
2022-01-01	presymp	new	-66.66098182505857
2022-01-01	presymp	active	9265.709322869052
2022-01-01	positive	new	1830.1300701492623
2022-01-01	positive	active	38827.03303412791
2022-01-01	infectious	new	857.6994387311324
2022-01-01	infectious	active	26620.203535769484
2022-01-01	possymp	new	559.9131712337149
2022-01-01	possymp	active	5096.762224977465
2022-01-02	infections	start	2521.5210867185797
2022-01-02	positive	start	2733.671273775388
2022-01-02	infectious	start	2856.3501939290218
2022-01-02	symptoms	start	2939.317286056126
2022-01-02	infectious	end	2317.129638850128
2022-01-02	symptoms	end	1824.5468902887822
2022-01-02	positive	end	1126.3987747889173
2022-01-02	reported	end	1562.9832538238331
2022-01-02	symptoms	new	1114.7703957673436
2022-01-02	symptoms	active	25579.331882048737
2022-01-02	presymp	new	-205.64601228073798
2022-01-02	presymp	active	9060.063310588313
2022-01-02	positive	new	1607.2724989864705
2022-01-02	positive	active	40434.30553311438
2022-01-02	infectious	new	539.220555078894
2022-01-02	infectious	active	27159.42409084838
2022-01-02	possymp	new	698.1481154998648
2022-01-02	possymp	active	5794.9103404773305
2022-01-03	infections	start	2455.9564125633483
2022-01-03	positive	start	2620.893882707408
2022-01-03	infectious	start	2737.668953583642
2022-01-03	symptoms	start	2908.691084258548
2022-01-03	infectious	end	2452.027887878415
2022-01-03	symptoms	end	2078.7647797271306
2022-01-03	positive	end	1242.6210709819013
2022-01-03	reported	end	4063.5646240102296
2022-01-03	symptoms	new	829.9263045314174
2022-01-03	symptoms	active	26409.258186580155
2022-01-03	presymp	new	-287.79720155114
2022-01-03	presymp	active	8772.266109037173
2022-01-03	positive	new	1378.2728117255067
2022-01-03	positive	active	41812.57834483989
2022-01-03	infectious	new	285.641065705227
2022-01-03	infectious	active	27445.065156553606
2022-01-03	possymp	new	836.1437087452293
2022-01-03	possymp	active	6631.054049222559
2022-01-04	infections	start	2413.1227325929567
2022-01-04	positive	start	2527.0614853717707
2022-01-04	infectious	start	2625.054517545609
2022-01-04	symptoms	start	2800.1460917080735
2022-01-04	infectious	end	2555.2916566973163
2022-01-04	symptoms	end	2293.7012849887933
2022-01-04	positive	end	1375.9645121898536
2022-01-04	reported	end	4673.602886932573
2022-01-04	symptoms	new	506.4448067192802
2022-01-04	symptoms	active	26915.702993299434
2022-01-04	presymp	new	-273.08460633630284
2022-01-04	presymp	active	8499.18150270087
2022-01-04	positive	new	1151.096973181917
2022-01-04	positive	active	42963.6753180218
2022-01-04	infectious	new	69.7628608482928
2022-01-04	infectious	active	27514.8280174019
2022-01-04	possymp	new	917.7367727989397
2022-01-04	possymp	active	7548.7908220214995
2022-01-05	infections	start	2386.2473654256137
2022-01-05	positive	start	2459.997637201838
2022-01-05	infectious	start	2530.702245034614
2022-01-05	symptoms	start	2685.9076658468716
2022-01-05	infectious	end	2664.466603421065
2022-01-05	symptoms	end	2447.6473493443837
2022-01-05	positive	end	1541.2829770216022
2022-01-05	reported	end	4013.6872817587173
2022-01-05	symptoms	new	238.26031650248797
2022-01-05	symptoms	active	27153.963309801922
2022-01-05	presymp	new	-225.91002864503344
2022-01-05	presymp	active	8273.271474055837
2022-01-05	positive	new	918.714660180236
2022-01-05	positive	active	43882.38997820204
2022-01-05	infectious	new	-133.76435838645102
2022-01-05	infectious	active	27381.063659015446
2022-01-05	possymp	new	906.3643723227815
2022-01-05	possymp	active	8455.155194344281
2022-01-06	infections	start	2368.3525632360293
2022-01-06	positive	start	2415.3447420270154
2022-01-06	infectious	start	2462.4968566644548
2022-01-06	symptoms	start	2577.310711449562
2022-01-06	infectious	end	2786.4279296958766
2022-01-06	symptoms	end	2572.282581373638
2022-01-06	positive	end	1744.1817671438005
2022-01-06	reported	end	3126.4460974770077
2022-01-06	symptoms	new	5.028130075923855
2022-01-06	symptoms	active	27158.991439877846
2022-01-06	presymp	new	-161.96596942254655
2022-01-06	presymp	active	8111.30550463329
2022-01-06	positive	new	671.1629748832149
2022-01-06	positive	active	44553.55295308525
2022-01-06	infectious	new	-323.9310730314219
2022-01-06	infectious	active	27057.132585984025
2022-01-06	possymp	new	828.1008142298376
2022-01-06	possymp	active	9283.256008574119
2022-01-07	infections	start	2352.329329226307
2022-01-07	positive	start	2386.915711365504
2022-01-07	infectious	start	2416.447068224328
2022-01-07	symptoms	start	2485.4868172968454
2022-01-07	infectious	end	2887.70633835887
2022-01-07	symptoms	end	2694.147193040229
2022-01-07	positive	end	1973.42679117777
2022-01-07	reported	end	2917.344931884129
2022-01-07	symptoms	new	-208.6603757433836
2022-01-07	symptoms	active	26950.33106413446
2022-01-07	presymp	new	-98.57110593134121
2022-01-07	presymp	active	8012.734398701949
2022-01-07	positive	new	413.48892018773427
2022-01-07	positive	active	44967.04187327299
2022-01-07	infectious	new	-471.259270134542
2022-01-07	infectious	active	26585.873315849483
2022-01-07	possymp	new	720.7204018624591
2022-01-07	possymp	active	10003.976410436577
2022-01-08	infections	start	2340.3989041239674
2022-01-08	positive	start	2368.2297895959455
2022-01-08	infectious	start	2387.2248866640434
2022-01-08	symptoms	start	2421.0517243313025
2022-01-08	infectious	end	2923.0439081088743
2022-01-08	symptoms	end	2819.0447604437613
2022-01-08	positive	end	2217.418984210046
2022-01-08	reported	end	1962.9611714946145
2022-01-08	symptoms	new	-397.99303611245887
2022-01-08	symptoms	active	26552.338028022004
2022-01-08	presymp	new	-52.82193473535699
2022-01-08	presymp	active	7959.912463966592
2022-01-08	positive	new	150.81080538589958
2022-01-08	positive	active	45117.852678658885
2022-01-08	infectious	new	-535.8190214448309
2022-01-08	infectious	active	26050.054294404654
2022-01-08	possymp	new	601.6257762337154
2022-01-08	possymp	active	10605.602186670292
2022-01-09	infections	start	2338.950991050827
2022-01-09	positive	start	2352.0297999077297
2022-01-09	infectious	start	2368.5090949452015
2022-01-09	symptoms	start	2382.7462880657026
2022-01-09	infectious	end	2868.9549115849372
2022-01-09	symptoms	end	2912.423649509187
2022-01-09	positive	end	2423.794335921959
2022-01-09	reported	end	1358.6779865243693
2022-01-09	symptoms	new	-529.6773614434842
2022-01-09	symptoms	active	26022.66066657852
2022-01-09	presymp	new	-30.71648815797289
2022-01-09	presymp	active	7929.19597580862
2022-01-09	positive	new	-71.76453601422918
2022-01-09	positive	active	45046.08814264466
2022-01-09	infectious	new	-500.44581663973577
2022-01-09	infectious	active	25549.608477764916
2022-01-09	possymp	new	488.6293135872279
2022-01-09	possymp	active	11094.231500257521
2022-01-10	infections	start	2354.464028912639
2022-01-10	positive	start	2340.1322581205895
2022-01-10	infectious	start	2352.504890860933
2022-01-10	symptoms	start	2363.2134158918834
2022-01-10	infectious	end	2764.5824828394575
2022-01-10	symptoms	end	2942.658057471315
2022-01-10	positive	end	2564.3952783443074
2022-01-10	reported	end	3118.7726602075445
2022-01-10	symptoms	new	-579.4446415794314
2022-01-10	symptoms	active	25443.21602499909
2022-01-10	presymp	new	-23.081157771293874
2022-01-10	presymp	active	7906.114818037326
2022-01-10	positive	new	-224.26302022371783
2022-01-10	positive	active	44821.82512242094
2022-01-10	infectious	new	-412.07759197852465
2022-01-10	infectious	active	25137.530885786393
2022-01-10	possymp	new	378.26277912700743
2022-01-10	possymp	active	11472.494279384528
2022-01-11	infections	start	2377.445168763523
2022-01-11	positive	start	2338.6861551616216
2022-01-11	infectious	start	2340.7646918205296
2022-01-11	symptoms	start	2353.7167512782057
2022-01-11	infectious	end	2655.4973609826147
2022-01-11	symptoms	end	2889.1637690009984
2022-01-11	positive	end	2664.564199691513
2022-01-11	reported	end	2888.5695421236414
2022-01-11	symptoms	new	-535.4470177227927
2022-01-11	symptoms	active	24907.769007276296
2022-01-11	presymp	new	-15.030596116584093
2022-01-11	presymp	active	7891.084221920742
2022-01-11	positive	new	-325.8780445298912
2022-01-11	positive	active	44495.94707789105
2022-01-11	infectious	new	-314.73266916208513
2022-01-11	infectious	active	24822.79821662431
2022-01-11	possymp	new	224.59956930948556
2022-01-11	possymp	active	11697.093848694014
2022-01-12	infections	start	2391.250966640403
2022-01-12	positive	start	2354.056020636305
2022-01-12	infectious	start	2339.261852164425
2022-01-12	symptoms	start	2345.136622403319
2022-01-12	infectious	end	2556.305630286279
2022-01-12	symptoms	end	2779.7841000720637
2022-01-12	positive	end	2750.4623540708276
2022-01-12	reported	end	2737.49874588108
2022-01-12	symptoms	new	-434.6474776687446
2022-01-12	symptoms	active	24473.12152960755
2022-01-12	presymp	new	8.919398232986168
2022-01-12	presymp	active	7900.003620153728
2022-01-12	positive	new	-396.40633343452237
2022-01-12	positive	active	44099.54074445653
2022-01-12	infectious	new	-217.0437781218543
2022-01-12	infectious	active	24605.754438502452
2022-01-12	possymp	new	29.32174600123608
2022-01-12	possymp	active	11726.41559469525
2022-01-13	infections	start	2391.993298198972
2022-01-13	positive	start	2376.788761058089
2022-01-13	infectious	start	2354.3202096887603
2022-01-13	symptoms	start	2338.1666434621607
2022-01-13	infectious	end	2481.8058636934456
2022-01-13	symptoms	end	2666.1335519571685
2022-01-13	positive	end	2835.34209046348
2022-01-13	reported	end	2504.8976786504695
2022-01-13	symptoms	new	-327.96690849500783
2022-01-13	symptoms	active	24145.154621112542
2022-01-13	presymp	new	38.62211759592856
2022-01-13	presymp	active	7938.625737749656
2022-01-13	positive	new	-458.55332940539074
2022-01-13	positive	active	43640.98741505114
2022-01-13	infectious	new	-127.48565400468533
2022-01-13	infectious	active	24478.268784497766
2022-01-13	possymp	new	-169.20853850631147
2022-01-13	possymp	active	11557.207056188938
2022-01-14	infections	start	2375.867524703614
2022-01-14	positive	start	2390.403329090692
2022-01-14	infectious	start	2376.6249094265954
2022-01-14	symptoms	start	2338.8933902666263
2022-01-14	infectious	end	2437.022887466839
2022-01-14	symptoms	end	2564.2000380906056
2022-01-14	positive	end	2896.916432290753
2022-01-14	reported	end	2251.6742487581764
2022-01-14	symptoms	new	-225.30664782397935
2022-01-14	symptoms	active	23919.847973288564
2022-01-14	presymp	new	51.50993882406556
2022-01-14	presymp	active	7990.135676573722
2022-01-14	positive	new	-506.5131032000613
2022-01-14	positive	active	43134.474311851074
2022-01-14	infectious	new	-60.39797804024374
2022-01-14	infectious	active	24417.870806457526
2022-01-14	possymp	new	-332.71639420014753
2022-01-14	possymp	active	11224.490661988792
2022-01-15	infections	start	2352.4301995856276
2022-01-15	positive	start	2391.1757289351494
2022-01-15	infectious	start	2389.913997763778
2022-01-15	symptoms	start	2354.5440765819194
2022-01-15	infectious	end	2414.2021099755475
2022-01-15	symptoms	end	2486.2006393294987
2022-01-15	positive	end	2910.203242709677
2022-01-15	reported	end	1665.1358874735652
2022-01-15	symptoms	new	-131.6565627475793
2022-01-15	symptoms	active	23788.191410540985
2022-01-15	presymp	new	36.63165235323004
2022-01-15	presymp	active	8026.767328926951
2022-01-15	positive	new	-519.0275137745275
2022-01-15	positive	active	42615.44679807655
2022-01-15	infectious	new	-24.288112211769658
2022-01-15	infectious	active	24393.582694245753
2022-01-15	possymp	new	-424.00260338017824
2022-01-15	possymp	active	10800.488058608613
2022-01-16	infections	start	2332.62154611644
2022-01-16	positive	start	2375.34990667255
2022-01-16	infectious	start	2390.641151504973
2022-01-16	symptoms	start	2376.9952795797535
2022-01-16	infectious	end	2403.109913882292
2022-01-16	symptoms	end	2437.628459304158
2022-01-16	positive	end	2852.3484100882224
2022-01-16	reported	end	1162.0461564943687
2022-01-16	symptoms	new	-60.63317972440427
2022-01-16	symptoms	active	23727.55823081658
2022-01-16	presymp	new	-1.6453729072036367
2022-01-16	presymp	active	8025.121956019748
2022-01-16	positive	new	-476.99850341567253
2022-01-16	positive	active	42138.44829466088
2022-01-16	infectious	new	-12.468762377318853
2022-01-16	infectious	active	24381.113931868436
2022-01-16	possymp	new	-414.7199507840646
2022-01-16	possymp	active	10385.768107824548
2022-01-17	infections	start	2314.8318158545317
2022-01-17	positive	start	2352.3505237768213
2022-01-17	infectious	start	2375.050473394733
2022-01-17	symptoms	start	2390.902845964004
2022-01-17	infectious	end	2392.466797273858
2022-01-17	symptoms	end	2410.4172490331575
2022-01-17	positive	end	2746.70836346013
2022-01-17	reported	end	3014.7016672404466
2022-01-17	symptoms	new	-19.51440306915356
2022-01-17	symptoms	active	23708.043827747428
2022-01-17	presymp	new	-38.552322187182654
2022-01-17	presymp	active	7986.569633832565
2022-01-17	positive	new	-394.3578396833086
2022-01-17	positive	active	41744.090454977566
2022-01-17	infectious	new	-17.416323879124775
2022-01-17	infectious	active	24363.69760798931
2022-01-17	possymp	new	-336.2911144269724
2022-01-17	possymp	active	10049.476993397575
2022-01-18	infections	start	2297.6483859447185
2022-01-18	positive	start	2332.896698990629
2022-01-18	infectious	start	2352.347286365195
2022-01-18	symptoms	start	2392.6013457462273
2022-01-18	infectious	end	2376.5369125279676
2022-01-18	symptoms	end	2394.301039969893
2022-01-18	positive	end	2639.7041575123462
2022-01-18	reported	end	2840.610559189495
2022-01-18	symptoms	new	-1.699694223665574
2022-01-18	symptoms	active	23706.344133523762
2022-01-18	presymp	new	-59.70464675559833
2022-01-18	presymp	active	7926.864987076967
2022-01-18	positive	new	-306.8074585217173
2022-01-18	positive	active	41437.28299645585
2022-01-18	infectious	new	-24.189626162772583
2022-01-18	infectious	active	24339.507981826537
2022-01-18	possymp	new	-245.4031175424534
2022-01-18	possymp	active	9804.073875855122
2022-01-19	infections	start	2268.406191818868
2022-01-19	positive	start	2315.25136521559
2022-01-19	infectious	start	2333.006111112659
2022-01-19	symptoms	start	2377.2933603932256
2022-01-19	infectious	end	2362.875561576645
2022-01-19	symptoms	end	2381.3851876951953
2022-01-19	positive	end	2543.3418023176596
2022-01-19	reported	end	2918.3041115428123
2022-01-19	symptoms	new	-4.091827301969715
2022-01-19	symptoms	active	23702.25230622179
2022-01-19	presymp	new	-62.04199517763573
2022-01-19	presymp	active	7864.822991899331
2022-01-19	positive	new	-228.0904371020697
2022-01-19	positive	active	41209.19255935378
2022-01-19	infectious	new	-29.86945046398614
2022-01-19	infectious	active	24309.63853136255
2022-01-19	possymp	new	-161.95661462246426
2022-01-19	possymp	active	9642.117261232657
2022-01-20	infections	start	2219.3666718613613
2022-01-20	positive	start	2298.089520612848
2022-01-20	infectious	start	2315.243734641954
2022-01-20	symptoms	start	2353.288461483306
2022-01-20	infectious	end	2365.259311308153
2022-01-20	symptoms	end	2367.3002035144564
2022-01-20	positive	end	2468.278635306159
2022-01-20	reported	end	2648.2950376235676
2022-01-20	symptoms	new	-14.011742031150334
2022-01-20	symptoms	active	23688.24056419064
2022-01-20	presymp	new	-55.198940870458046
2022-01-20	presymp	active	7809.6240510288735
2022-01-20	positive	new	-170.18911469331078
2022-01-20	positive	active	41039.00344466047
2022-01-20	infectious	new	-50.015576666199195
2022-01-20	infectious	active	24259.62295469635
2022-01-20	possymp	new	-100.9784317917024
2022-01-20	possymp	active	9541.138829440955
2022-01-21	infections	start	2156.5837148128885
2022-01-21	positive	start	2268.971925244136
2022-01-21	infectious	start	2297.961745590127
2022-01-21	symptoms	start	2331.5076252300796
2022-01-21	infectious	end	2389.0603976343937
2022-01-21	symptoms	end	2358.688937158014
2022-01-21	positive	end	2420.5507903966313
2022-01-21	reported	end	2501.0609600157377
2022-01-21	symptoms	new	-27.18131192793453
2022-01-21	symptoms	active	23661.059252262705
2022-01-21	presymp	new	-62.535699985943666
2022-01-21	presymp	active	7747.088351042929
2022-01-21	positive	new	-151.57886515249538
2022-01-21	positive	active	40887.42457950798
2022-01-21	infectious	new	-91.0986520442666
2022-01-21	infectious	active	24168.524302652087
2022-01-21	possymp	new	-61.861853238617186
2022-01-21	possymp	active	9479.276976202338
2022-01-22	infections	start	2085.950453241765
2022-01-22	positive	start	2220.3076150740703
2022-01-22	infectious	start	2268.9881591563344
2022-01-22	symptoms	start	2311.6322177492934
2022-01-22	infectious	end	2418.050093984375
2022-01-22	symptoms	end	2363.331212929127
2022-01-22	positive	end	2394.2615756432806
2022-01-22	reported	end	1709.7377416023212
2022-01-22	symptoms	new	-51.69899517983367
2022-01-22	symptoms	active	23609.360257082873
2022-01-22	presymp	new	-91.3246026752231
2022-01-22	presymp	active	7655.763748367706
2022-01-22	positive	new	-173.95396056921027
2022-01-22	positive	active	40713.470618938765
2022-01-22	infectious	new	-149.06193482804065
2022-01-22	infectious	active	24019.462367824046
2022-01-22	possymp	new	-30.93036271415349
2022-01-22	possymp	active	9448.346613488186
2022-01-23	infections	start	2021.0270774825865
2022-01-23	positive	start	2158.1062254106155
2022-01-23	infectious	start	2220.8083148112946
2022-01-23	symptoms	start	2293.6996439747413
2022-01-23	infectious	end	2434.534361061757
2022-01-23	symptoms	end	2385.6907170651198
2022-01-23	positive	end	2381.703981001773
2022-01-23	reported	end	1202.3317021590517
2022-01-23	symptoms	new	-91.99107309037845
2022-01-23	symptoms	active	23517.369183992494
2022-01-23	presymp	new	-135.59341856412584
2022-01-23	presymp	active	7520.170329803581
2022-01-23	positive	new	-223.5977555911577
2022-01-23	positive	active	40489.872863347606
2022-01-23	infectious	new	-213.72604625046233
2022-01-23	infectious	active	23805.736321573582
2022-01-23	possymp	new	3.986736063346598
2022-01-23	possymp	active	9452.33334955153
2022-01-24	infections	start	1965.3689202892867
2022-01-24	positive	start	2088.0581204842306
2022-01-24	infectious	start	2159.2977986940223
2022-01-24	symptoms	start	2265.876860127087
2022-01-24	infectious	end	2431.928691108278
2022-01-24	symptoms	end	2413.5087919586917
2022-01-24	positive	end	2375.332008125253
2022-01-24	reported	end	2995.9976638961293
2022-01-24	symptoms	new	-147.63193183160456
2022-01-24	symptoms	active	23369.73725216089
2022-01-24	presymp	new	-177.8187396428566
2022-01-24	presymp	active	7342.351590160724
2022-01-24	positive	new	-287.2738876410226
2022-01-24	positive	active	40202.59897570658
2022-01-24	infectious	new	-272.63089241425587
2022-01-24	infectious	active	23533.10542915933
2022-01-24	possymp	new	38.17678383343855
2022-01-24	possymp	active	9490.51013338497
2022-01-25	infections	start	1909.9626514753438
2022-01-25	positive	start	2023.518088285353
2022-01-25	infectious	start	2089.854947298633
2022-01-25	symptoms	start	2219.7946556063475
2022-01-25	infectious	end	2411.0424948708473
2022-01-25	symptoms	end	2428.1066716676623
2022-01-25	positive	end	2367.845052870325
2022-01-25	reported	end	2919.263291201495
2022-01-25	symptoms	new	-208.3120160613148
2022-01-25	symptoms	active	23161.425236099574
2022-01-25	presymp	new	-196.27656732099445
2022-01-25	presymp	active	7146.07502283973
2022-01-25	positive	new	-344.3269645849721
2022-01-25	positive	active	39858.27201112161
2022-01-25	infectious	new	-321.1875475722145
2022-01-25	infectious	active	23211.917881587113
2022-01-25	possymp	new	60.26161879733718
2022-01-25	possymp	active	9550.771752182307
2022-01-26	infections	start	1846.0425702638727
2022-01-26	positive	start	1967.9841592250682
2022-01-26	infectious	start	2025.6441247478301
2022-01-26	symptoms	start	2159.94805559133
2022-01-26	infectious	end	2388.2959321199646
2022-01-26	symptoms	end	2427.266812776914
2022-01-26	positive	end	2361.6734470940614
2022-01-26	reported	end	2792.1719864260067
2022-01-26	symptoms	new	-267.31875718558376
2022-01-26	symptoms	active	22894.10647891399
2022-01-26	presymp	new	-191.9638963662619
2022-01-26	presymp	active	6954.111126473468
2022-01-26	positive	new	-393.68928786899323
2022-01-26	positive	active	39464.58272325262
2022-01-26	infectious	new	-362.6518073721345
2022-01-26	infectious	active	22849.26607421498
2022-01-26	possymp	new	65.59336568285244
2022-01-26	possymp	active	9616.36511786516
2022-01-27	infections	start	1771.595811093442
2022-01-27	positive	start	1912.5436755126702
2022-01-27	infectious	start	1970.189346910011
2022-01-27	symptoms	start	2091.0966514939732
2022-01-27	infectious	end	2374.8879580873986
2022-01-27	symptoms	end	2411.0919906661475
2022-01-27	positive	end	2363.6279860483924
2022-01-27	reported	end	2477.081468548665
2022-01-27	symptoms	new	-319.9953391721742
2022-01-27	symptoms	active	22574.111139741817
2022-01-27	presymp	new	-178.552975981303
2022-01-27	presymp	active	6775.558150492165
2022-01-27	positive	new	-451.0843105357221
2022-01-27	positive	active	39013.498412716894
2022-01-27	infectious	new	-404.69861117738765
2022-01-27	infectious	active	22444.56746303759
2022-01-27	possymp	new	47.46400461775511
2022-01-27	possymp	active	9663.829122482915
2022-01-28	infections	start	1694.2483595305555
2022-01-28	positive	start	1848.6237264507633
2022-01-28	infectious	start	1914.7474556258721
2022-01-28	symptoms	start	2026.6950381108516
2022-01-28	infectious	end	2370.257190760988
2022-01-28	symptoms	end	2392.282925517936
2022-01-28	positive	end	2380.6778215300583
2022-01-28	reported	end	2324.571902818079
2022-01-28	symptoms	new	-365.5878874070843
2022-01-28	symptoms	active	22208.523252334733
2022-01-28	presymp	new	-178.0713116600882
2022-01-28	presymp	active	6597.4868388320765
2022-01-28	positive	new	-532.0540950792949
2022-01-28	positive	active	38481.4443176376
2022-01-28	infectious	new	-455.509735135116
2022-01-28	infectious	active	21989.057727902476
2022-01-28	possymp	new	11.605103987877555
2022-01-28	possymp	active	9675.434226470792
2022-01-29	infections	start	1619.6247539914316
2022-01-29	positive	start	1774.3552731460966
2022-01-29	infectious	start	1850.9777338594934
2022-01-29	symptoms	start	1971.3925371101377
2022-01-29	infectious	end	2366.5791922717317
2022-01-29	symptoms	end	2382.672033593753
2022-01-29	positive	end	2403.7921688846222
2022-01-29	reported	end	1619.574853686126
2022-01-29	symptoms	new	-411.2794964836153
2022-01-29	symptoms	active	21797.243755851116
2022-01-29	presymp	new	-197.03726396404113
2022-01-29	presymp	active	6400.449574868036
2022-01-29	positive	new	-629.4368957385257
2022-01-29	positive	active	37852.00742189908
2022-01-29	infectious	new	-515.6014584122383
2022-01-29	infectious	active	21473.456269490238
2022-01-29	possymp	new	-21.120135290869257
2022-01-29	possymp	active	9654.314091179924
2022-01-30	infections	start	1547.8082518949757
2022-01-30	positive	start	1697.3399979956966
2022-01-30	infectious	start	1777.0839734274302
2022-01-30	symptoms	start	1917.4814944703728
2022-01-30	infectious	end	2345.1281747078137
2022-01-30	symptoms	end	2377.587176388711
2022-01-30	positive	end	2416.9251627220247
2022-01-30	reported	end	1260.362071509369
2022-01-30	symptoms	new	-460.1056819183384
2022-01-30	symptoms	active	21337.13807393278
2022-01-30	presymp	new	-220.14149647467616
2022-01-30	presymp	active	6180.308078393359
2022-01-30	positive	new	-719.585164726328
2022-01-30	positive	active	37132.422257172744
2022-01-30	infectious	new	-568.0442012803835
2022-01-30	infectious	active	20905.412068209855
2022-01-30	possymp	new	-39.33798633331344
2022-01-30	possymp	active	9614.97610484661
2022-01-31	infections	start	1487.322461099882
2022-01-31	positive	start	1623.0444245042193
2022-01-31	infectious	start	1700.5386319798433
2022-01-31	symptoms	start	1856.6099124016466
2022-01-31	infectious	end	2299.293120807991
2022-01-31	symptoms	end	2371.4525246608237
2022-01-31	positive	end	2417.023366433782
2022-01-31	reported	end	2866.0288201445924
2022-01-31	symptoms	new	-514.842612259177
2022-01-31	symptoms	active	20822.295461673602
2022-01-31	presymp	new	-233.56548789742737
2022-01-31	presymp	active	5946.742590495932
2022-01-31	positive	new	-793.9789419295628
2022-01-31	positive	active	36338.44331524318
2022-01-31	infectious	new	-598.7544888281475
2022-01-31	infectious	active	20306.657579381706
2022-01-31	possymp	new	-45.570841772958374
2022-01-31	possymp	active	9569.405263073651
2022-02-01	infections	start	1437.6087211966435
2022-02-01	positive	start	1551.3818781348816
2022-02-01	infectious	start	1626.5993986610727
2022-02-01	symptoms	start	1786.0801491721727
2022-02-01	infectious	end	2236.2406667970304
2022-02-01	symptoms	end	2349.1323184494354
2022-02-01	positive	end	2400.87460753252
2022-02-01	reported	end	2573.479024246299
2022-02-01	symptoms	new	-563.0521692772627
2022-02-01	symptoms	active	20259.24329239634
2022-02-01	presymp	new	-234.69827103729108
2022-02-01	presymp	active	5712.0443194586405
2022-02-01	positive	new	-849.4927293976382
2022-02-01	positive	active	35488.950585845545
2022-02-01	infectious	new	-609.6412681359577
2022-02-01	infectious	active	19697.01631124575
2022-02-01	possymp	new	-51.742289083084415
2022-02-01	possymp	active	9517.662973990567
2022-02-02	infections	start	1385.2003260133838
2022-02-02	positive	start	1490.8491902757771
2022-02-02	infectious	start	1555.0139869473173
2022-02-02	symptoms	start	1712.1091595774699
2022-02-02	infectious	end	2169.127589406095
2022-02-02	symptoms	end	2303.435781629424
2022-02-02	positive	end	2378.29609877014
2022-02-02	reported	end	2598.8972852013967
2022-02-02	symptoms	new	-591.3266220519542
2022-02-02	symptoms	active	19667.916670344384
2022-02-02	presymp	new	-221.25996930169276
2022-02-02	presymp	active	5490.784350156948
2022-02-02	positive	new	-887.4469084943628
2022-02-02	positive	active	34601.50367735118
2022-02-02	infectious	new	-614.1136024587777
2022-02-02	infectious	active	19082.90270878697
2022-02-02	possymp	new	-74.86031714071578
2022-02-02	possymp	active	9442.802656849852
2022-02-03	infections	start	1328.7600463201757
2022-02-03	positive	start	1440.9978950828042
2022-02-03	infectious	start	1494.3440685263938
2022-02-03	symptoms	start	1639.4020387739683
2022-02-03	infectious	end	2114.803107371737
2022-02-03	symptoms	end	2244.613506271209
2022-02-03	positive	end	2360.1086341155997
2022-02-03	reported	end	2095.327964392859
2022-02-03	symptoms	new	-605.2114674972408
2022-02-03	symptoms	active	19062.705202847144
2022-02-03	presymp	new	-198.4041436911641
2022-02-03	presymp	active	5292.380206465784
2022-02-03	positive	new	-919.1107390327954
2022-02-03	positive	active	33682.392938318386
2022-02-03	infectious	new	-620.4590388453432
2022-02-03	infectious	active	18462.443669941626
2022-02-03	possymp	new	-115.49512784439048
2022-02-03	possymp	active	9327.30752900546
2022-02-04	infections	start	1266.874376679763
2022-02-04	positive	start	1388.4830721629269
2022-02-04	infectious	start	1444.3308719461293
2022-02-04	symptoms	start	1568.2727670873626
2022-02-04	infectious	end	2072.485902274412
2022-02-04	symptoms	end	2181.8089587125137
2022-02-04	positive	end	2344.357129195659
2022-02-04	reported	end	1780.7170363448581
2022-02-04	symptoms	new	-613.5361916251511
2022-02-04	symptoms	active	18449.16901122199
2022-02-04	presymp	new	-179.7896949244357
2022-02-04	presymp	active	5112.590511541348
2022-02-04	positive	new	-955.8740570327323
2022-02-04	positive	active	32726.518881285654
2022-02-04	infectious	new	-628.1550303282829
2022-02-04	infectious	active	17834.288639613344
2022-02-04	possymp	new	-162.54817048314544
2022-02-04	possymp	active	9164.759358522315
2022-02-05	infections	start	1212.539620359981
2022-02-05	positive	start	1332.0262535847635
2022-02-05	infectious	start	1391.7500984213136
2022-02-05	symptoms	start	1508.331301482134
2022-02-05	infectious	end	2027.429984291902
2022-02-05	symptoms	end	2128.2299881440904
2022-02-05	positive	end	2329.489309059218
2022-02-05	reported	end	1341.4127526680766
2022-02-05	symptoms	new	-619.8986866619564
2022-02-05	symptoms	active	17829.270324560035
2022-02-05	presymp	new	-176.3050478973705
2022-02-05	presymp	active	4936.285463643978
2022-02-05	positive	new	-997.4630554744547
2022-02-05	positive	active	31729.0558258112
2022-02-05	infectious	new	-635.6798858705884
2022-02-05	infectious	active	17198.608753742756
2022-02-05	possymp	new	-201.25932091512777
2022-02-05	possymp	active	8963.500037607188
2022-02-06	infections	start	1176.7420044777452
2022-02-06	positive	start	1270.1416627049082
2022-02-06	infectious	start	1335.3245378181043
2022-02-06	symptoms	start	1459.8616164189982
2022-02-06	infectious	end	1966.3930792617084
2022-02-06	symptoms	end	2083.9169491766006
2022-02-06	positive	end	2302.8142169371954
2022-02-06	reported	end	989.8734077607829
2022-02-06	symptoms	new	-624.0553327576024
2022-02-06	symptoms	active	17205.214991802433
2022-02-06	presymp	new	-189.71995371409002
2022-02-06	presymp	active	4746.565509929887
2022-02-06	positive	new	-1032.6725542322872
2022-02-06	positive	active	30696.383271578914
2022-02-06	infectious	new	-631.0685414436041
2022-02-06	infectious	active	16567.54021229915
2022-02-06	possymp	new	-218.8972677605948
2022-02-06	possymp	active	8744.602769846593
2022-02-07	infections	start	1155.116812102041
2022-02-07	positive	start	1215.7289340884815
2022-02-07	infectious	start	1273.4442344906965
2022-02-07	symptoms	start	1409.2956536288898
2022-02-07	infectious	end	1887.931002942779
2022-02-07	symptoms	end	2035.8170065099926
2022-02-07	positive	end	2256.6837596642354
2022-02-07	reported	end	2119.307455859932
2022-02-07	symptoms	new	-626.5213528811028
2022-02-07	symptoms	active	16578.69363892133
2022-02-07	presymp	new	-193.56671954040826
2022-02-07	presymp	active	4552.99879038948
2022-02-07	positive	new	-1040.9548255757538
2022-02-07	positive	active	29655.42844600316
2022-02-07	infectious	new	-614.4867684520825
2022-02-07	infectious	active	15953.05344384707
2022-02-07	possymp	new	-220.86675315424282
2022-02-07	possymp	active	8523.73601669235
2022-02-08	infections	start	1143.4893367292893
2022-02-08	positive	start	1179.6907750280159
2022-02-08	infectious	start	1218.9093375158131
2022-02-08	symptoms	start	1354.7564021871688
2022-02-08	infectious	end	1803.3149822378018
2022-02-08	symptoms	end	1973.8987191304307
2022-02-08	positive	end	2197.24534515642
2022-02-08	reported	end	1935.1449613928096
2022-02-08	symptoms	new	-619.1423169432619
2022-02-08	symptoms	active	15959.55132197807
2022-02-08	presymp	new	-175.06562715915288
2022-02-08	presymp	active	4377.9331632303265
2022-02-08	positive	new	-1017.5545701284043
2022-02-08	positive	active	28637.873875874757
2022-02-08	infectious	new	-584.4056447219887
2022-02-08	infectious	active	15368.647799125081
2022-02-08	possymp	new	-223.3466260259895
2022-02-08	possymp	active	8300.38939066636
2022-02-09	infections	start	1135.5523749672748
2022-02-09	positive	start	1157.5845877576553
2022-02-09	infectious	start	1182.5453761666638
2022-02-09	symptoms	start	1294.001637155266
2022-02-09	infectious	end	1725.6356443835036
2022-02-09	symptoms	end	1896.417536349786
2022-02-09	positive	end	2130.1932542355053
2022-02-09	reported	end	1998.9304086952245
2022-02-09	symptoms	new	-602.4158991945199
2022-02-09	symptoms	active	15357.135422783549
2022-02-09	presymp	new	-136.41704939761075
2022-02-09	presymp	active	4241.516113832716
2022-02-09	positive	new	-972.60866647785
2022-02-09	positive	active	27665.265209396905
2022-02-09	infectious	new	-543.0902682168398
2022-02-09	infectious	active	14825.557530908241
2022-02-09	possymp	new	-233.77571788571936
2022-02-09	possymp	active	8066.613672780641
2022-02-10	infections	start	1132.2698096531076
2022-02-10	positive	start	1145.261064059705
2022-02-10	infectious	start	1159.8508265998207
2022-02-10	symptoms	start	1239.412547121585
2022-02-10	infectious	end	1661.3578951885866
2022-02-10	symptoms	end	1814.5220660677462
2022-02-10	positive	end	2068.926791573158
2022-02-10	reported	end	1663.2175281561993
2022-02-10	symptoms	new	-575.1095189461612
2022-02-10	symptoms	active	14782.025903837388
2022-02-10	presymp	new	-94.15148306188007
2022-02-10	presymp	active	4147.364630770836
2022-02-10	positive	new	-923.665727513453
2022-02-10	positive	active	26741.59948188345
2022-02-10	infectious	new	-501.50706858876583
2022-02-10	infectious	active	14324.050462319476
2022-02-10	possymp	new	-254.40472550541176
2022-02-10	possymp	active	7812.208947275229
2022-02-11	infections	start	1140.4534729419743
2022-02-11	positive	start	1136.5488802901837
2022-02-11	infectious	start	1146.7892021308114
2022-02-11	symptoms	start	1202.0896414615304
2022-02-11	infectious	end	1604.7995172565168
2022-02-11	symptoms	end	1737.6925161721651
2022-02-11	positive	end	2016.7824783154754
2022-02-11	reported	end	1441.167437171101
2022-02-11	symptoms	new	-535.6028747106348
2022-02-11	symptoms	active	14246.423029126754
2022-02-11	presymp	new	-65.54076117134673
2022-02-11	presymp	active	4081.823869599489
2022-02-11	positive	new	-880.2335980252917
2022-02-11	positive	active	25861.36588385816
2022-02-11	infectious	new	-458.01031512570535
2022-02-11	infectious	active	13866.04014719377
2022-02-11	possymp	new	-279.08996214331023
2022-02-11	possymp	active	7533.118985131919
2022-02-12	infections	start	1166.9091025472126
2022-02-12	positive	start	1132.5409260086703
2022-02-12	infectious	start	1137.3783027136917
2022-02-12	symptoms	start	1178.4352443411808
2022-02-12	infectious	end	1551.7879750973243
2022-02-12	symptoms	end	1673.7464874412415
2022-02-12	positive	end	1964.4215141171248
2022-02-12	reported	end	1055.0976245512222
2022-02-12	symptoms	new	-495.31124310006066
2022-02-12	symptoms	active	13751.111786026693
2022-02-12	presymp	new	-45.894318332510466
2022-02-12	presymp	active	4035.9295512669787
2022-02-12	positive	new	-831.8805881084545
2022-02-12	positive	active	25029.485295749706
2022-02-12	infectious	new	-414.4096723836326
2022-02-12	infectious	active	13451.630474810137
2022-02-12	possymp	new	-290.6750266758834
2022-02-12	possymp	active	7242.443958456035
2022-02-13	infections	start	1221.184322719284
2022-02-13	positive	start	1140.0475913536857
2022-02-13	infectious	start	1132.7864935005643
2022-02-13	symptoms	start	1165.1742794094016
2022-02-13	infectious	end	1495.9243322278946
2022-02-13	symptoms	end	1617.0613866243318
2022-02-13	positive	end	1902.8709956242349
2022-02-13	reported	end	765.904957458319
2022-02-13	symptoms	new	-451.8871072149302
2022-02-13	symptoms	active	13299.224678811763
2022-02-13	presymp	new	-25.12668805571593
2022-02-13	presymp	active	4010.802863211263
2022-02-13	positive	new	-762.8234042705492
2022-02-13	positive	active	24266.661891479158
2022-02-13	infectious	new	-363.1378387273303
2022-02-13	infectious	active	13088.492636082807
2022-02-13	possymp	new	-285.80960899990305
2022-02-13	possymp	active	6956.634349456132
2022-02-14	infections	start	1302.3881876628247
2022-02-14	positive	start	1165.7471732278393
2022-02-14	infectious	start	1139.7422207011027
2022-02-14	symptoms	start	1156.3615848627649
2022-02-14	infectious	end	1426.0222556462845
2022-02-14	symptoms	end	1559.885787295023
2022-02-14	positive	end	1828.5070110199986
2022-02-14	reported	end	1773.5231889047361
2022-02-14	symptoms	new	-403.5242024322581
2022-02-14	symptoms	active	12895.700476379505
2022-02-14	presymp	new	9.385588365074454
2022-02-14	presymp	active	4020.1884515763372
2022-02-14	positive	new	-662.7598377921593
2022-02-14	positive	active	23603.902053686998
2022-02-14	infectious	new	-286.2800349451818
2022-02-14	infectious	active	12802.212601137624
2022-02-14	possymp	new	-268.6212237249756
2022-02-14	possymp	active	6688.013125731157
2022-02-15	infections	start	1401.6185745639696
2022-02-15	positive	start	1219.0489101812784
2022-02-15	infectious	start	1164.7145683711447
2022-02-15	symptoms	start	1152.2925773792954
2022-02-15	infectious	end	1346.7627651422308
2022-02-15	symptoms	end	1498.7241055387403
2022-02-15	positive	end	1749.1818176179856
2022-02-15	reported	end	1578.33012836276
2022-02-15	symptoms	new	-346.43152815944495
2022-02-15	symptoms	active	12549.268948220059
2022-02-15	presymp	new	66.75633280198304
2022-02-15	presymp	active	4086.94478437832
2022-02-15	positive	new	-530.1329074367072
2022-02-15	positive	active	23073.76914625029
2022-02-15	infectious	new	-182.04819677108617
2022-02-15	infectious	active	12620.164404366538
2022-02-15	possymp	new	-250.4577120792453
2022-02-15	possymp	active	6437.555413651911
2022-02-16	infections	start	1509.5849555876134
2022-02-16	positive	start	1299.0852706892897
2022-02-16	infectious	start	1217.0035894945202
2022-02-16	symptoms	start	1158.7116607974597
2022-02-16	infectious	end	1279.251250543291
2022-02-16	symptoms	end	1428.2096045705796
2022-02-16	positive	end	1672.8755192955566
2022-02-16	reported	end	1525.0956573058575
2022-02-16	symptoms	new	-269.4979437731199
2022-02-16	symptoms	active	12279.771004446939
2022-02-16	presymp	new	140.37360989183003
2022-02-16	presymp	active	4227.31839427015
2022-02-16	positive	new	-373.7902486062669
2022-02-16	positive	active	22699.978897644025
2022-02-16	infectious	new	-62.24766104877085
2022-02-16	infectious	active	12557.916743317768
2022-02-16	possymp	new	-244.66591472497703
2022-02-16	possymp	active	6192.889498926935
2022-02-17	infections	start	1608.0940696794917
2022-02-17	positive	start	1397.1817276115564
2022-02-17	infectious	start	1295.85725527823
2022-02-17	symptoms	start	1182.0318019514996
2022-02-17	infectious	end	1233.0935034115957
2022-02-17	symptoms	end	1350.679891778163
2022-02-17	positive	end	1607.1955468429392
2022-02-17	reported	end	1094.4239905572222
2022-02-17	symptoms	new	-168.6480898266634
2022-02-17	symptoms	active	12111.122914620277
2022-02-17	presymp	new	215.14992566005685
2022-02-17	presymp	active	4442.468319930207
2022-02-17	positive	new	-210.01381923138274
2022-02-17	positive	active	22489.965078412642
2022-02-17	infectious	new	62.763751866634266
2022-02-17	infectious	active	12620.680495184402
2022-02-17	possymp	new	-256.5156550647762
2022-02-17	possymp	active	5936.3738438621585
2022-02-18	infections	start	1693.8710774940312
2022-02-18	positive	start	1504.3577629435986
2022-02-18	infectious	start	1392.8742506160138
2022-02-18	symptoms	start	1232.2854974427169
2022-02-18	infectious	end	1201.4635072924168
2022-02-18	symptoms	end	1281.7717978615897
2022-02-18	positive	end	1548.0169571092958
2022-02-18	reported	end	944.3123739733438
2022-02-18	symptoms	new	-49.486300418872815
2022-02-18	symptoms	active	12061.636614201403
2022-02-18	presymp	new	272.0722655008817
2022-02-18	presymp	active	4714.540585431088
2022-02-18	positive	new	-43.65919416569727
2022-02-18	positive	active	22446.305884246944
2022-02-18	infectious	new	191.410743323597
2022-02-18	infectious	active	12812.091238508
2022-02-18	possymp	new	-266.24515924770617
2022-02-18	possymp	active	5670.128684614452
2022-02-19	infections	start	1779.7633673554242
2022-02-19	positive	start	1602.6517523373732
2022-02-19	infectious	start	1499.3774763533156
2022-02-19	symptoms	start	1309.626155441103
2022-02-19	infectious	end	1175.7430591134246
2022-02-19	symptoms	end	1232.2942273823314
2022-02-19	positive	end	1491.3531733532238
2022-02-19	reported	end	676.7012492008065
2022-02-19	symptoms	new	77.33192805877161
2022-02-19	symptoms	active	12138.968542260174
2022-02-19	presymp	new	293.02559689627014
2022-02-19	presymp	active	5007.566182327359
2022-02-19	positive	new	111.29857898414934
2022-02-19	positive	active	22557.60446323109
2022-02-19	infectious	new	323.63441723989104
2022-02-19	infectious	active	13135.72565574789
2022-02-19	possymp	new	-259.0589459708924
2022-02-19	possymp	active	5411.0697386435595
2022-02-20	infections	start	1879.1439406002828
2022-02-20	positive	start	1688.7013843331902
2022-02-20	infectious	start	1597.540644850146
2022-02-20	symptoms	start	1406.1701725530447
2022-02-20	infectious	end	1148.6280836217077
2022-02-20	symptoms	end	1194.9339960425302
2022-02-20	positive	end	1436.3897629826843
2022-02-20	reported	end	601.4056459941966
2022-02-20	symptoms	new	211.2361765105145
2022-02-20	symptoms	active	12350.204718770688
2022-02-20	presymp	new	282.53121178014544
2022-02-20	presymp	active	5290.097394107504
2022-02-20	positive	new	252.3116213505059
2022-02-20	positive	active	22809.9160845816
2022-02-20	infectious	new	448.91256122843834
2022-02-20	infectious	active	13584.63821697633
2022-02-20	possymp	new	-241.45576694015404
2022-02-20	possymp	active	5169.613971703406
2022-02-21	infections	start	1988.0377346023108
2022-02-21	positive	start	1775.0014148509904
2022-02-21	infectious	start	1683.8042153485035
2022-02-21	symptoms	start	1512.8894071347777
2022-02-21	infectious	end	1123.7979407660528
2022-02-21	symptoms	end	1163.855801544397
2022-02-21	positive	end	1376.023489512738
2022-02-21	reported	end	1459.3918506860769
2022-02-21	symptoms	new	349.0336055903806
2022-02-21	symptoms	active	12699.23832436107
2022-02-21	presymp	new	262.1120077162127
2022-02-21	presymp	active	5552.209401823717
2022-02-21	positive	new	398.97792533825236
2022-02-21	positive	active	23208.89400991985
2022-02-21	infectious	new	560.0062745824507
2022-02-21	infectious	active	14144.64449155878
2022-02-21	possymp	new	-212.16768796834094
2022-02-21	possymp	active	4957.446283735065
2022-02-22	infections	start	2085.9786432987325
2022-02-22	positive	start	1874.5694335219678
2022-02-22	infectious	start	1770.2567367678544
2022-02-22	symptoms	start	1610.6174871042579
2022-02-22	infectious	end	1111.1088727137517
2022-02-22	symptoms	end	1133.4614219802377
2022-02-22	positive	end	1308.6080477175337
2022-02-22	reported	end	1463.7081591501499
2022-02-22	symptoms	new	477.1560651240202
2022-02-22	symptoms	active	13176.39438948509
2022-02-22	presymp	new	263.9519464177099
2022-02-22	presymp	active	5816.161348241427
2022-02-22	positive	new	565.961385804434
2022-02-22	positive	active	23774.855395724284
2022-02-22	infectious	new	659.1478640541027
2022-02-22	infectious	active	14803.792355612883
2022-02-22	possymp	new	-175.14662573729606
2022-02-22	possymp	active	4782.299657997769
2022-02-23	infections	start	2162.2588547985147
2022-02-23	positive	start	1983.3257407546246
2022-02-23	infectious	start	1869.5898679207398
2022-02-23	symptoms	start	1694.1340041150063
2022-02-23	infectious	end	1122.7380230999831
2022-02-23	symptoms	end	1107.6964073683198
2022-02-23	positive	end	1247.8457355365501
2022-02-23	reported	end	1625.3299316382236
2022-02-23	symptoms	new	586.4375967466865
2022-02-23	symptoms	active	13762.831986231777
2022-02-23	presymp	new	289.1917366396183
2022-02-23	presymp	active	6105.353084881045
2022-02-23	positive	new	735.4800052180744
2022-02-23	positive	active	24510.33540094236
2022-02-23	infectious	new	746.8518448207567
2022-02-23	infectious	active	15550.644200433639
2022-02-23	possymp	new	-140.14932816823034
2022-02-23	possymp	active	4642.150329829538
2022-02-24	infections	start	2206.312432783276
2022-02-24	positive	start	2081.036864524056
2022-02-24	infectious	start	1977.7655138154244
2022-02-24	symptoms	start	1774.841900241948
2022-02-24	infectious	end	1168.836934773884
2022-02-24	symptoms	end	1097.0645883726984
2022-02-24	positive	end	1205.4562091569048
2022-02-24	reported	end	1364.9126543058082
2022-02-24	symptoms	new	677.7773118692496
2022-02-24	symptoms	active	14440.609298101026
2022-02-24	presymp	new	306.194964282108
2022-02-24	presymp	active	6411.548049163153
2022-02-24	positive	new	875.5806553671512
2022-02-24	positive	active	25385.91605630951
2022-02-24	infectious	new	808.9285790415404
2022-02-24	infectious	active	16359.572779475178
2022-02-24	possymp	new	-108.39162078420645
2022-02-24	possymp	active	4533.758709045332
2022-02-25	infections	start	2221.339802898864
2022-02-25	positive	start	2157.3928927198235
2022-02-25	infectious	start	2074.940426414156
2022-02-25	symptoms	start	1866.1565105047307
2022-02-25	infectious	end	1245.876704752854
2022-02-25	symptoms	end	1110.1265400781606
2022-02-25	positive	end	1176.9994169025197
2022-02-25	reported	end	1155.8114887129298
2022-02-25	symptoms	new	756.0299704265701
2022-02-25	symptoms	active	15196.639268527597
2022-02-25	presymp	new	291.2363822150928
2022-02-25	presymp	active	6702.784431378246
2022-02-25	positive	new	980.3934758173039
2022-02-25	positive	active	26366.309532126816
2022-02-25	infectious	new	829.0637216613018
2022-02-25	infectious	active	17188.63650113648
2022-02-25	possymp	new	-66.87287682435908
2022-02-25	possymp	active	4466.885832220973
2022-02-26	infections	start	2221.2822022857436
2022-02-26	positive	start	2202.1514403043434
2022-02-26	infectious	start	2151.291564614941
2022-02-26	symptoms	start	1965.8331750227348
2022-02-26	infectious	end	1342.773236727567
2022-02-26	symptoms	end	1155.595365398801
2022-02-26	positive	end	1158.5642106745015
2022-02-26	reported	end	847.435228446368
2022-02-26	symptoms	new	810.2378096239338
2022-02-26	symptoms	active	16006.87707815153
2022-02-26	presymp	new	236.31826528160855
2022-02-26	presymp	active	6939.102696659855
2022-02-26	positive	new	1043.5872296298419
2022-02-26	positive	active	27409.896761756656
2022-02-26	infectious	new	808.5183278873737
2022-02-26	infectious	active	17997.154829023853
2022-02-26	possymp	new	-2.9688452757004598
2022-02-26	possymp	active	4463.916986945273
2022-02-27	infections	start	2211.7631136357077
2022-02-27	positive	start	2218.4333860041506
2022-02-27	infectious	start	2196.8632765174602
2022-02-27	symptoms	start	2056.5770201722257
2022-02-27	infectious	end	1442.0704645457179
2022-02-27	symptoms	end	1230.1199697207023
2022-02-27	positive	end	1144.3545536009306
2022-02-27	reported	end	699.2419711798553
2022-02-27	symptoms	new	826.4570504515234
2022-02-27	symptoms	active	16833.33412860305
2022-02-27	presymp	new	161.8563658319249
2022-02-27	presymp	active	7100.959062491779
2022-02-27	positive	new	1074.07883240322
2022-02-27	positive	active	28483.975594159878
2022-02-27	infectious	new	754.7928119717424
2022-02-27	infectious	active	18751.947640995597
2022-02-27	possymp	new	85.76541611977177
2022-02-27	possymp	active	4549.682403065044
2022-02-28	infections	start	2198.643849745085
2022-02-28	positive	start	2219.7102297329384
2022-02-28	infectious	start	2214.4644411797453
2022-02-28	symptoms	start	2129.646319563993
2022-02-28	infectious	end	1523.9633008657001
2022-02-28	symptoms	end	1320.715669955542
2022-02-28	positive	end	1135.928879640319
2022-02-28	reported	end	2100.1238626862737
2022-02-28	symptoms	new	808.9306496084512
2022-02-28	symptoms	active	17642.264778211505
2022-02-28	presymp	new	90.06391016894531
2022-02-28	presymp	active	7191.022972660725
2022-02-28	positive	new	1083.7813500926193
2022-02-28	positive	active	29567.756944252495
2022-02-28	infectious	new	690.5011403140452
2022-02-28	infectious	active	19442.448781309642
2022-02-28	possymp	new	184.7867903152228
2022-02-28	possymp	active	4734.469193380267
2022-03-01	infections	start	2176.4476917886604
2022-03-01	positive	start	2211.1636477912857
2022-03-01	infectious	start	2216.9434485295483
2022-03-01	symptoms	start	2173.617955878191
2022-03-01	infectious	end	1592.5431993319887
2022-03-01	symptoms	end	1415.608838712005
2022-03-01	positive	end	1140.3105551029914
2022-03-01	reported	end	2217.6233708749323
2022-03-01	symptoms	new	758.0091171661859
2022-03-01	symptoms	active	18400.27389537769
2022-03-01	presymp	new	37.54569191309474
2022-03-01	presymp	active	7228.56866457382
2022-03-01	positive	new	1070.8530926882943
2022-03-01	positive	active	30638.61003694079
2022-03-01	infectious	new	624.4002491975596
2022-03-01	infectious	active	20066.8490305072
2022-03-01	possymp	new	275.29828360901365
2022-03-01	possymp	active	5009.76747698928
2022-03-02	infections	start	2134.5387571748647
2022-03-02	positive	start	2198.5718498571823
2022-03-02	infectious	start	2209.1290080111307
2022-03-02	symptoms	start	2188.9602673243603
2022-03-02	infectious	end	1669.848016842037
2022-03-02	symptoms	end	1499.6624544805966
2022-03-02	positive	end	1163.9303636113539
2022-03-02	reported	end	2625.7543156445186
2022-03-02	symptoms	new	689.2978128437637
2022-03-02	symptoms	active	19089.571708221454
2022-03-02	presymp	new	9.611582532822013
2022-03-02	presymp	active	7238.180247106641
2022-03-02	positive	new	1034.6414862458284
2022-03-02	positive	active	31673.25152318662
2022-03-02	infectious	new	539.2809911690938
2022-03-02	infectious	active	20606.130021676294
2022-03-02	possymp	new	335.7320908692427
2022-03-02	possymp	active	5345.499567858523
2022-03-03	infections	start	2071.3204067212796
2022-03-03	positive	start	2176.7264586422025
2022-03-03	infectious	start	2196.928002318001
2022-03-03	symptoms	start	2187.790480963273
2022-03-03	infectious	end	1771.0888114608365
2022-03-03	symptoms	end	1575.4464068552143
2022-03-03	positive	end	1215.5188897220328
2022-03-03	reported	end	2436.795922883982
2022-03-03	symptoms	new	612.3440741080585
2022-03-03	symptoms	active	19701.915782329514
2022-03-03	presymp	new	-11.064022321070297
2022-03-03	presymp	active	7227.116224785571
2022-03-03	positive	new	961.2075689201697
2022-03-03	positive	active	32634.45909210679
2022-03-03	infectious	new	425.83919085716434
2022-03-03	infectious	active	21031.96921253346
2022-03-03	possymp	new	359.9275171331815
2022-03-03	possymp	active	5705.427084991705
2022-03-04	infections	start	1985.0762881125802
2022-03-04	positive	start	2135.324219656097
2022-03-04	infectious	start	2175.5195137688893
2022-03-04	symptoms	start	2176.2972586435767
2022-03-04	infectious	end	1886.2395348260786
2022-03-04	symptoms	end	1658.7830218839295
2022-03-04	positive	end	1293.3053798465303
2022-03-04	reported	end	2001.8079476712733
2022-03-04	symptoms	new	517.5142367596472
2022-03-04	symptoms	active	20219.43001908916
2022-03-04	presymp	new	-40.97303898747987
2022-03-04	presymp	active	7186.1431857980915
2022-03-04	positive	new	842.0188398095665
2022-03-04	positive	active	33476.47793191636
2022-03-04	infectious	new	289.27997894281066
2022-03-04	infectious	active	21321.24919147627
2022-03-04	possymp	new	365.47764203739916
2022-03-04	possymp	active	6070.904727029104
2022-03-05	infections	start	1888.106427243877
2022-03-05	positive	start	2072.9271991124706
2022-03-05	infectious	start	2134.89262950828
2022-03-05	symptoms	start	2162.043470246884
2022-03-05	infectious	end	1992.9732262242646
2022-03-05	symptoms	end	1761.7901062484666
2022-03-05	positive	end	1387.8479848929883
2022-03-05	reported	end	1362.0351153297595
2022-03-05	symptoms	new	400.2533639984176
2022-03-05	symptoms	active	20619.683383087577
2022-03-05	presymp	new	-89.11627113441364
2022-03-05	presymp	active	7097.026914663677
2022-03-05	positive	new	685.0792142194823
2022-03-05	positive	active	34161.557146135834
2022-03-05	infectious	new	141.91940328401552
2022-03-05	infectious	active	21463.168594760285
2022-03-05	possymp	new	373.9421213554783
2022-03-05	possymp	active	6444.846848384582
2022-03-06	infections	start	1792.6008475608276
2022-03-06	positive	start	1987.7124220985568
2022-03-06	infectious	start	2073.6701972778833
2022-03-06	symptoms	start	2141.463312880368
2022-03-06	infectious	end	2075.408167631114
2022-03-06	symptoms	end	1878.11424277455
2022-03-06	positive	end	1489.8720602395742
2022-03-06	reported	end	1095.8627600452467
2022-03-06	symptoms	new	263.3490701058181
2022-03-06	symptoms	active	20883.032453193395
2022-03-06	presymp	new	-153.75089078181122
2022-03-06	presymp	active	6943.276023881866
2022-03-06	positive	new	497.84036185898253
2022-03-06	positive	active	34659.39750799482
2022-03-06	infectious	new	-1.737970353230594
2022-03-06	infectious	active	21461.430624407054
2022-03-06	possymp	new	388.24218253497565
2022-03-06	possymp	active	6833.089030919557
2022-03-07	infections	start	1696.6805571842392
2022-03-07	positive	start	1891.7039321068323
2022-03-07	infectious	start	1989.7783997969261
2022-03-07	symptoms	start	2104.577273168532
2022-03-07	infectious	end	2122.9745115262003
2022-03-07	symptoms	end	1984.4504311268245
2022-03-07	positive	end	1581.9064638735733
2022-03-07	reported	end	2802.2433728421775
2022-03-07	symptoms	new	120.1268420417075
2022-03-07	symptoms	active	21003.159295235102
2022-03-07	presymp	new	-212.87334106169965
2022-03-07	presymp	active	6730.402682820167
2022-03-07	positive	new	309.797468233259
2022-03-07	positive	active	34969.19497622808
2022-03-07	infectious	new	-133.1961117292742
2022-03-07	infectious	active	21328.23451267778
2022-03-07	possymp	new	402.54396725325114
2022-03-07	possymp	active	7235.632998172809
2022-03-08	infections	start	1598.7032503300675
2022-03-08	positive	start	1796.8670775948233
2022-03-08	infectious	start	1894.8972809771562
2022-03-08	symptoms	start	2048.6003367060553
2022-03-08	infectious	end	2144.699125968475
2022-03-08	symptoms	end	2068.3483485654847
2022-03-08	positive	end	1661.5172674428322
2022-03-08	reported	end	2683.784684994836
2022-03-08	symptoms	new	-19.748011859429425
2022-03-08	symptoms	active	20983.411283375674
2022-03-08	presymp	new	-251.73325911123197
2022-03-08	presymp	active	6478.669423708935
2022-03-08	positive	new	135.34981015199105
2022-03-08	positive	active	35104.54478638007
2022-03-08	infectious	new	-249.80184499131883
2022-03-08	infectious	active	21078.432667686462
2022-03-08	possymp	new	406.83108112265245
2022-03-08	possymp	active	7642.4640792954615
2022-03-09	infections	start	1496.6627701548239
2022-03-09	positive	start	1701.2417543246945
2022-03-09	infectious	start	1800.8086746542804
2022-03-09	symptoms	start	1969.9598357589118
2022-03-09	infectious	end	2156.414024349782
2022-03-09	symptoms	end	2120.855065990744
2022-03-09	positive	end	1741.9043523675907
2022-03-09	reported	end	2728.8661289529336
2022-03-09	symptoms	new	-150.89523023183233
2022-03-09	symptoms	active	20832.51605314384
2022-03-09	presymp	new	-268.7180814342173
2022-03-09	presymp	active	6209.951342274718
2022-03-09	positive	new	-40.66259804289621
2022-03-09	positive	active	35063.88218833717
2022-03-09	infectious	new	-355.60534969550145
2022-03-09	infectious	active	20722.82731799096
2022-03-09	possymp	new	378.95071362315343
2022-03-09	possymp	active	8021.414792918615
2022-03-10	infections	start	1391.2918490082222
2022-03-10	positive	start	1603.275927827428
2022-03-10	infectious	start	1705.5410089057705
2022-03-10	symptoms	start	1879.3092337084538
2022-03-10	infectious	end	2167.5342212296
2022-03-10	symptoms	end	2147.953266130789
2022-03-10	positive	end	1836.364244624395
2022-03-10	reported	end	2431.5204347612257
2022-03-10	symptoms	new	-268.64403242233516
2022-03-10	symptoms	active	20563.872020721505
2022-03-10	presymp	new	-276.03330588102585
2022-03-10	presymp	active	5933.918036393692
2022-03-10	positive	new	-233.0883167969671
2022-03-10	positive	active	34830.793871540205
2022-03-10	infectious	new	-461.99321232382954
2022-03-10	infectious	active	20260.83410566713
2022-03-10	possymp	new	311.5890215063939
2022-03-10	possymp	active	8333.003814425008
2022-03-11	infections	start	1285.0462281902728
2022-03-11	positive	start	1501.1429267026963
2022-03-11	infectious	start	1607.7161849814347
2022-03-11	symptoms	start	1788.5548397317536
2022-03-11	infectious	end	2181.9264253956553
2022-03-11	symptoms	end	2166.2316442482
2022-03-11	positive	end	1941.0076906672907
2022-03-11	reported	end	2026.267028967688
2022-03-11	symptoms	new	-377.6768045164465
2022-03-11	symptoms	active	20186.19521620506
2022-03-11	presymp	new	-287.41191302905736
2022-03-11	presymp	active	5646.506123364635
2022-03-11	positive	new	-439.86476396459443
2022-03-11	positive	active	34390.92910757561
2022-03-11	infectious	new	-574.2102404142206
2022-03-11	infectious	active	19686.62386525291
2022-03-11	possymp	new	225.22395358090944
2022-03-11	possymp	active	8558.227768005918
2022-03-12	infections	start	1180.1251329236004
2022-03-12	positive	start	1395.708111720607
2022-03-12	infectious	start	1505.699695589173
2022-03-12	symptoms	start	1696.70272414879
2022-03-12	infectious	end	2187.9798171138723
2022-03-12	symptoms	end	2181.5385984911363
2022-03-12	positive	end	2035.9192672922975
2022-03-12	reported	end	1394.647223724979
2022-03-12	symptoms	new	-484.8358743423464
2022-03-12	symptoms	active	19701.359341862713
2022-03-12	presymp	new	-300.994612428183
2022-03-12	presymp	active	5345.5115109364515
2022-03-12	positive	new	-640.2111555716906
2022-03-12	positive	active	33750.71795200392
2022-03-12	infectious	new	-682.2801215246993
2022-03-12	infectious	active	19004.343743728212
2022-03-12	possymp	new	145.61933119883884
2022-03-12	possymp	active	8703.847099204757
2022-03-13	infections	start	1083.1023179383433
2022-03-13	positive	start	1289.440373369604
2022-03-13	infectious	start	1400.4323318771164
2022-03-13	symptoms	start	1603.091095201035
2022-03-13	infectious	end	2172.382389469049
2022-03-13	symptoms	end	2196.944917162309
2022-03-13	positive	end	2110.9366959154963
2022-03-13	reported	end	1069.0057296021246
2022-03-13	symptoms	new	-593.8538219612742
2022-03-13	symptoms	active	19107.50551990144
2022-03-13	presymp	new	-313.65072183143093
2022-03-13	presymp	active	5031.860789105021
2022-03-13	positive	new	-821.4963225458923
2022-03-13	positive	active	32929.22162945803
2022-03-13	infectious	new	-771.9500575919326
2022-03-13	infectious	active	18232.393686136278
2022-03-13	possymp	new	86.00822124681281
2022-03-13	possymp	active	8789.85532045157
2022-03-14	infections	start	996.6661766163135
2022-03-14	positive	start	1184.4504465405626
2022-03-14	infectious	start	1294.3269667651855
2022-03-14	symptoms	start	1506.1514487124998
2022-03-14	infectious	end	2128.8469942897214
2022-03-14	symptoms	end	2203.105353204414
2022-03-14	positive	end	2156.1962695764323
2022-03-14	reported	end	2768.6720847882752
2022-03-14	symptoms	new	-696.953904491914
2022-03-14	symptoms	active	18410.551615409524
2022-03-14	presymp	new	-321.70100217193726
2022-03-14	presymp	active	4710.1597869330835
2022-03-14	positive	new	-971.7458230358698
2022-03-14	positive	active	31957.47580642216
2022-03-14	infectious	new	-834.5200275245359
2022-03-14	infectious	active	17397.87365861174
2022-03-14	possymp	new	46.909083627981545
2022-03-14	possymp	active	8836.764404079551
2022-03-15	infections	start	917.1724628726475
2022-03-15	positive	start	1087.241753665111
2022-03-15	infectious	start	1189.3460623067701
2022-03-15	symptoms	start	1406.0075256220987
2022-03-15	infectious	end	2056.0837957211497
2022-03-15	symptoms	end	2185.1683070580402
2022-03-15	positive	end	2175.218285418558
2022-03-15	reported	end	2420.0102788570302
2022-03-15	symptoms	new	-779.1607814359415
2022-03-15	symptoms	active	17631.390833973583
2022-03-15	presymp	new	-318.7657719569877
2022-03-15	presymp	active	4391.394014976096
2022-03-15	positive	new	-1087.976531753447
2022-03-15	positive	active	30869.499274668713
2022-03-15	infectious	new	-866.7377334143796
2022-03-15	infectious	active	16531.135925197363
2022-03-15	possymp	new	9.950021639482202
2022-03-15	possymp	active	8846.714425719034
2022-03-16	infections	start	841.1444457531635
2022-03-16	positive	start	1000.5155100172628
2022-03-16	infectious	start	1091.9532412992894
2022-03-16	symptoms	start	1304.1199577476725
2022-03-16	infectious	end	1969.2668353906042
2022-03-16	symptoms	end	2140.50139915962
2022-03-16	positive	end	2181.7554509389297
2022-03-16	reported	end	2228.653936949786
2022-03-16	symptoms	new	-836.3814414119477
2022-03-16	symptoms	active	16795.009392561635
2022-03-16	presymp	new	-303.6044477304097
2022-03-16	presymp	active	4087.7895672456857
2022-03-16	positive	new	-1181.2399409216669
2022-03-16	positive	active	29688.259333747046
2022-03-16	infectious	new	-877.3135940913148
2022-03-16	infectious	active	15653.822331106048
2022-03-16	possymp	new	-41.25405177930952
2022-03-16	possymp	active	8805.460373939724
2022-03-17	infections	start	765.0066763446488
2022-03-17	positive	start	920.6832898690114
2022-03-17	infectious	start	1004.9264624171452
2022-03-17	symptoms	start	1202.2389727510092
2022-03-17	infectious	end	1889.965169603936
2022-03-17	symptoms	end	2070.8925603351026
2022-03-17	positive	end	2181.0286565864985
2022-03-17	reported	end	1851.2167412580534
2022-03-17	symptoms	new	-868.6535875840934
2022-03-17	symptoms	active	15926.355804977542
2022-03-17	presymp	new	-281.55568288199777
2022-03-17	presymp	active	3806.233884363688
2022-03-17	positive	new	-1260.3453667174872
2022-03-17	positive	active	28427.91396702956
2022-03-17	infectious	new	-885.0387071867907
2022-03-17	infectious	active	14768.783623919258
2022-03-17	possymp	new	-110.13609625139588
2022-03-17	possymp	active	8695.324277688329
2022-03-18	infections	start	690.0659240796764
2022-03-18	positive	start	844.3245689779015
2022-03-18	infectious	start	924.7538193782235
2022-03-18	symptoms	start	1107.1751913973426
2022-03-18	infectious	end	1823.7547378744164
2022-03-18	symptoms	end	1988.5999036823907
2022-03-18	positive	end	2178.197867238386
2022-03-18	reported	end	1453.6367727339791
2022-03-18	symptoms	new	-881.4247122850481
2022-03-18	symptoms	active	15044.931092692494
2022-03-18	presymp	new	-262.85062241944104
2022-03-18	presymp	active	3543.383261944247
2022-03-18	positive	new	-1333.8732982604847
2022-03-18	positive	active	27094.040668769074
2022-03-18	infectious	new	-899.0009184961929
2022-03-18	infectious	active	13869.782705423066
2022-03-18	possymp	new	-189.59796355599542
2022-03-18	possymp	active	8505.726314132333
2022-03-19	infections	start	620.1128067235555
2022-03-19	positive	start	767.8826247696187
2022-03-19	infectious	start	848.0718914617082
2022-03-19	symptoms	start	1022.1606778198988
2022-03-19	infectious	end	1754.1500221729532
2022-03-19	symptoms	end	1909.6626111689382
2022-03-19	positive	end	2167.2260087743566
2022-03-19	reported	end	988.4346382727585
2022-03-19	symptoms	new	-887.5019333490394
2022-03-19	symptoms	active	14157.429159343455
2022-03-19	presymp	new	-254.27805305028005
2022-03-19	presymp	active	3289.105208893967
2022-03-19	positive	new	-1399.3433840047378
2022-03-19	positive	active	25694.697284764337
2022-03-19	infectious	new	-906.078130711245
2022-03-19	infectious	active	12963.704574711819
2022-03-19	possymp	new	-257.56339760541846
2022-03-19	possymp	active	8248.162916526915
2022-03-20	infections	start	558.7935979073524
2022-03-20	positive	start	692.6521418348271
2022-03-20	infectious	start	771.327689238552
2022-03-20	symptoms	start	943.9136823976045
2022-03-20	infectious	end	1663.2402247234859
2022-03-20	symptoms	end	1838.626107540453
2022-03-20	positive	end	2137.106310008117
2022-03-20	reported	end	737.6091575271726
2022-03-20	symptoms	new	-894.7124251428485
2022-03-20	symptoms	active	13262.716734200607
2022-03-20	presymp	new	-251.26154056277733
2022-03-20	presymp	active	3037.8436683311897
2022-03-20	positive	new	-1444.4541681732899
2022-03-20	positive	active	24250.243116591046
2022-03-20	infectious	new	-891.9125354849339
2022-03-20	infectious	active	12071.792039226886
2022-03-20	possymp	new	-298.48020246766396
2022-03-20	possymp	active	7949.68271405925
2022-03-21	infections	start	509.06186575864297
2022-03-21	positive	start	622.38819443099
2022-03-21	infectious	start	695.788704082681
2022-03-21	symptoms	start	869.0317642281808
2022-03-21	infectious	end	1554.386328953406
2022-03-21	symptoms	end	1764.151211809865
2022-03-21	positive	end	2085.9590977295406
2022-03-21	reported	end	1898.216544533517
2022-03-21	symptoms	new	-895.1194475816841
2022-03-21	symptoms	active	12367.597286618922
2022-03-21	presymp	new	-246.64356979719082
2022-03-21	presymp	active	2791.2000985339987
2022-03-21	positive	new	-1463.5709032985505
2022-03-21	positive	active	22786.672213292495
2022-03-21	infectious	new	-858.5976248707251
2022-03-21	infectious	active	11213.194414356161
2022-03-21	possymp	new	-321.80788591967575
2022-03-21	possymp	active	7627.874828139575
2022-03-22	infections	start	468.7216806917178
2022-03-22	positive	start	560.7016531228146
2022-03-22	infectious	start	625.163248177326
2022-03-22	symptoms	start	793.6292268992651
2022-03-22	infectious	end	1442.1797583072039
2022-03-22	symptoms	end	1671.566427292147
2022-03-22	positive	end	2011.673084732937
2022-03-22	reported	end	1471.3815964196133
2022-03-22	symptoms	new	-877.9372003928819
2022-03-22	symptoms	active	11489.66008622604
2022-03-22	presymp	new	-232.92757377645046
2022-03-22	presymp	active	2558.272524757548
2022-03-22	positive	new	-1450.9714316101224
2022-03-22	positive	active	21335.70078168237
2022-03-22	infectious	new	-817.0165101298779
2022-03-22	infectious	active	10396.177904226282
2022-03-22	possymp	new	-340.10665744079006
2022-03-22	possymp	active	7287.768170698784
2022-03-23	infections	start	433.7307308970434
2022-03-23	positive	start	510.5482245637053
2022-03-23	infectious	start	563.0287457558426
2022-03-23	symptoms	start	718.5500177443067
2022-03-23	infectious	end	1336.7076299689716
2022-03-23	symptoms	end	1561.453660551792
2022-03-23	positive	end	1921.6857487551235
2022-03-23	reported	end	1295.3721290512958
2022-03-23	symptoms	new	-842.9036428074852
2022-03-23	symptoms	active	10646.756443418555
2022-03-23	presymp	new	-208.00179318060145
2022-03-23	presymp	active	2350.2707315769467
2022-03-23	positive	new	-1411.1375241914184
2022-03-23	positive	active	19924.563257490954
2022-03-23	infectious	new	-773.678884213129
2022-03-23	infectious	active	9622.499020013154
2022-03-23	possymp	new	-360.2320882033316
2022-03-23	possymp	active	6927.536082495453
2022-03-24	infections	start	400.11665392699916
2022-03-24	positive	start	469.77057893082434
2022-03-24	infectious	start	512.3745280899834
2022-03-24	symptoms	start	647.4065194301799
2022-03-24	infectious	end	1245.7753106880643
2022-03-24	symptoms	end	1449.8327983880056
2022-03-24	positive	end	1831.6120824631976
2022-03-24	reported	end	1075.2403973835637
2022-03-24	symptoms	new	-802.4262789578257
2022-03-24	symptoms	active	9844.330164460729
2022-03-24	presymp	new	-177.6359404993555
2022-03-24	presymp	active	2172.634791077591
2022-03-24	positive	new	-1361.8415035323733
2022-03-24	positive	active	18562.72175395858
2022-03-24	infectious	new	-733.4007825980809
2022-03-24	infectious	active	8889.098237415074
2022-03-24	possymp	new	-381.779284075192
2022-03-24	possymp	active	6545.756798420261
2022-03-25	infections	start	366.5273051889777
2022-03-25	positive	start	434.3879467330595
2022-03-25	infectious	start	471.1099423284248
2022-03-25	symptoms	start	584.1750848190796
2022-03-25	infectious	end	1167.2497068455964
2022-03-25	symptoms	end	1345.3276696642372
2022-03-25	positive	end	1750.1960256436885
2022-03-25	reported	end	891.5574927457827
2022-03-25	symptoms	new	-761.1525848451575
2022-03-25	symptoms	active	9083.177579615573
2022-03-25	presymp	new	-149.78713808602015
2022-03-25	presymp	active	2022.847652991571
2022-03-25	positive	new	-1315.8080789106289
2022-03-25	positive	active	17246.913675047952
2022-03-25	infectious	new	-696.1397645171717
2022-03-25	infectious	active	8192.9584728979
2022-03-25	possymp	new	-404.8683559794513
2022-03-25	possymp	active	6140.88844244081
2022-03-26	infections	start	336.3093792382258
2022-03-26	positive	start	400.478177517769
2022-03-26	infectious	start	435.3212317918008
2022-03-26	symptoms	start	532.4644449022878
2022-03-26	infectious	end	1092.749031701052
2022-03-26	symptoms	end	1253.8608017722981
2022-03-26	positive	end	1670.178776695875
2022-03-26	reported	end	595.650568042099
2022-03-26	symptoms	new	-721.3963568700103
2022-03-26	symptoms	active	8361.781222745562
2022-03-26	presymp	new	-131.98626738451884
2022-03-26	presymp	active	1890.8613856070524
2022-03-26	positive	new	-1269.7005991781061
2022-03-26	positive	active	15977.213075869846
2022-03-26	infectious	new	-657.4277999092512
2022-03-26	infectious	active	7535.53067298865
2022-03-26	possymp	new	-416.3179749235769
2022-03-26	possymp	active	5724.570467517233
2022-03-27	infections	start	312.5409533914073
2022-03-27	positive	start	366.6968735392326
2022-03-27	infectious	start	401.12262695999436
2022-03-27	symptoms	start	490.55993275882247
2022-03-27	infectious	end	1014.9353339909213
2022-03-27	symptoms	end	1174.0372509090182
2022-03-27	positive	end	1577.7677601648948
2022-03-27	reported	end	418.20233118575715
2022-03-27	symptoms	new	-683.4773181501957
2022-03-27	symptoms	active	7678.303904595366
2022-03-27	presymp	new	-123.86305921958984
2022-03-27	presymp	active	1766.9983263874624
2022-03-27	positive	new	-1211.070886625662
2022-03-27	positive	active	14766.142189244185
2022-03-27	infectious	new	-613.812707030927
2022-03-27	infectious	active	6921.717965957723
2022-03-27	possymp	new	-403.73050925587654
2022-03-27	possymp	active	5320.8399582613565
2022-03-28	infections	start	298.38569137625245
2022-03-28	positive	start	336.35127344922233
2022-03-28	infectious	start	367.14840499571113
2022-03-28	symptoms	start	454.53775897667896
2022-03-28	infectious	end	929.7455661959976
2022-03-28	symptoms	end	1096.6388249715058
2022-03-28	positive	end	1471.6131245985025
2022-03-28	reported	end	1133.7503565632223
2022-03-28	symptoms	new	-642.1010659948267
2022-03-28	symptoms	active	7036.2028386005395
2022-03-28	presymp	new	-118.18648552745663
2022-03-28	presymp	active	1648.8118408600058
2022-03-28	positive	new	-1135.2618511492801
2022-03-28	positive	active	13630.880338094905
2022-03-28	infectious	new	-562.5971612002866
2022-03-28	infectious	active	6359.120804757436
2022-03-28	possymp	new	-374.97429962699675
2022-03-28	possymp	active	4945.8656586343595
2022-03-29	infections	start	290.12539191508193
2022-03-29	positive	start	312.46414027443285
2022-03-29	infectious	start	336.6485371092398
2022-03-29	symptoms	start	420.1457581895989
2022-03-29	infectious	end	842.6700612808474
2022-03-29	symptoms	end	1016.3737530434099
2022-03-29	positive	end	1363.8600350438332
2022-03-29	reported	end	904.0268283086608
2022-03-29	symptoms	new	-596.227994853811
2022-03-29	symptoms	active	6439.974843746728
2022-03-29	presymp	new	-107.68161791516604
2022-03-29	presymp	active	1541.1302229448397
2022-03-29	positive	new	-1051.3958947694005
2022-03-29	positive	active	12579.484443325504
2022-03-29	infectious	new	-506.02152417160767
2022-03-29	infectious	active	5853.099280585829
2022-03-29	possymp	new	-347.48628200042333
2022-03-29	possymp	active	4598.379376633936
2022-03-30	infections	start	281.26016545503455
2022-03-30	positive	start	298.1657671711527
2022-03-30	infectious	start	312.5898379220476
2022-03-30	symptoms	start	385.5830170449498
2022-03-30	infectious	end	761.1185497049546
2022-03-30	symptoms	end	930.0520577953795
2022-03-30	positive	end	1260.7375247510774
2022-03-30	reported	end	783.6497811439532
2022-03-30	symptoms	new	-544.4690407504297
2022-03-30	symptoms	active	5895.505802996298
2022-03-30	presymp	new	-87.41724987379712
2022-03-30	presymp	active	1453.7129730710426
2022-03-30	positive	new	-962.5717575799247
2022-03-30	positive	active	11616.91268574558
2022-03-30	infectious	new	-448.528711782907
2022-03-30	infectious	active	5404.570568802922
2022-03-30	possymp	new	-330.68546695569796
2022-03-30	possymp	active	4267.693909678238
2022-03-31	infections	start	270.87038105653863
2022-03-31	positive	start	289.75131107487255
2022-03-31	infectious	start	298.084886458645
2022-03-31	symptoms	start	353.99614922335167
2022-03-31	infectious	end	688.7468791966563
2022-03-31	symptoms	end	841.7458435250873
2022-03-31	positive	end	1168.1247469056514
2022-03-31	reported	end	548.171174937294
2022-03-31	symptoms	new	-487.7496943017356
2022-03-31	symptoms	active	5407.7561086945625
2022-03-31	presymp	new	-64.24483814847912
2022-03-31	presymp	active	1389.4681349225636
2022-03-31	positive	new	-878.3734358307788
2022-03-31	positive	active	10738.5392499148
2022-03-31	infectious	new	-390.66199273801135
2022-03-31	infectious	active	5013.90857606491
2022-03-31	possymp	new	-326.3789033805641
2022-03-31	possymp	active	3941.3150062976742
2022-04-01	infections	start	257.9844337436628
2022-04-01	positive	start	280.7816913096894
2022-04-01	infectious	start	289.4649586410395
2022-04-01	symptoms	start	328.59588273623797
2022-04-01	infectious	end	628.0803419588219
2022-04-01	symptoms	end	759.8767181776465
2022-04-01	positive	end	1086.4156450992402
2022-04-01	reported	end	349.14139576058625
2022-04-01	symptoms	new	-431.2808354414085
2022-04-01	symptoms	active	4976.475273253154
2022-04-01	presymp	new	-47.814191426548575
2022-04-01	presymp	active	1341.653943496015
2022-04-01	positive	new	-805.6339537895508
2022-04-01	positive	active	9932.90529612525
2022-04-01	infectious	new	-338.6153833177824
2022-04-01	infectious	active	4675.293192747128
2022-04-01	possymp	new	-326.53892692159377
2022-04-01	possymp	active	3614.7760793760804
2022-04-02	infections	start	244.73892881161575
2022-04-02	positive	start	270.3923569254035
2022-04-02	infectious	start	280.3661567315667
2022-04-02	symptoms	start	313.01086605939014
2022-04-02	infectious	end	577.3702557284082
2022-04-02	symptoms	end	687.4062968391422
2022-04-02	positive	end	1009.2719046970271
2022-04-02	reported	end	233.56024688929327
2022-04-02	symptoms	new	-374.3954307797521
2022-04-02	symptoms	active	4602.079842473402
2022-04-02	presymp	new	-42.61850913398666
2022-04-02	presymp	active	1299.0354343620284
2022-04-02	positive	new	-738.8795477716237
2022-04-02	positive	active	9194.025748353626
2022-04-02	infectious	new	-297.0040989968415
2022-04-02	infectious	active	4378.289093750287
2022-04-02	possymp	new	-321.8656078578849
2022-04-02	possymp	active	3292.910471518195
2022-04-03	infections	start	233.63881070810206
2022-04-03	positive	start	257.6144823618838
2022-04-03	infectious	start	269.97583801862226
2022-04-03	symptoms	start	303.7870440193759
2022-04-03	infectious	end	532.873842985293
2022-04-03	symptoms	end	626.1484067344821
2022-04-03	positive	end	932.7269128893048
2022-04-03	reported	end	182.72372497909802
2022-04-03	symptoms	new	-322.3613627151062
2022-04-03	symptoms	active	4279.718479758296
2022-04-03	presymp	new	-46.17256165749211
2022-04-03	presymp	active	1252.8628727045361
2022-04-03	positive	new	-675.112430527421
2022-04-03	positive	active	8518.913317826205
2022-04-03	infectious	new	-262.8980049666707
2022-04-03	infectious	active	4115.3910887836155
2022-04-03	possymp	new	-306.57850615482266
2022-04-03	possymp	active	2986.3319653633725
2022-04-04	infections	start	224.24692013332748
2022-04-04	positive	start	244.51820821846937
2022-04-04	infectious	start	257.30217080169274
2022-04-04	symptoms	start	294.4471211901112
2022-04-04	infectious	end	491.8167937119499
2022-04-04	symptoms	end	574.8067722119198
2022-04-04	positive	end	853.1103894306152
2022-04-04	reported	end	507.40603944326955
2022-04-04	symptoms	new	-280.3596510218086
2022-04-04	symptoms	active	3999.3588287364873
2022-04-04	presymp	new	-49.928912971641836
2022-04-04	presymp	active	1202.9339597328944
2022-04-04	positive	new	-608.5921812121459
2022-04-04	positive	active	7910.321136614059
2022-04-04	infectious	new	-234.51462291025717
2022-04-04	infectious	active	3880.876465873359
2022-04-04	possymp	new	-278.3036172186954
2022-04-04	possymp	active	2708.0283481446772
2022-04-05	infections	start	217.0359021127477
2022-04-05	positive	start	233.52363667638875
2022-04-05	infectious	start	244.32246812447352
2022-04-05	symptoms	start	283.9308120565609
2022-04-05	infectious	end	452.2550814040679
2022-04-05	symptoms	end	529.293688689994
2022-04-05	positive	end	772.9313129258774
2022-04-05	reported	end	453.6919785570255
2022-04-05	symptoms	new	-245.36287663343313
2022-04-05	symptoms	active	3753.9959521030546
2022-04-05	presymp	new	-50.40717538017216
2022-04-05	presymp	active	1152.5267843527222
2022-04-05	positive	new	-539.4076762494886
2022-04-05	positive	active	7370.913460364571
2022-04-05	infectious	new	-207.93261327959436
2022-04-05	infectious	active	3672.9438525937644
2022-04-05	possymp	new	-243.63762423588332
2022-04-05	possymp	active	2464.390723908794
2022-04-06	infections	start	210.44537434747073
2022-04-06	positive	start	224.14743449136884
2022-04-06	infectious	start	233.3704752593112
2022-04-06	symptoms	start	270.741221244841
2022-04-06	infectious	end	415.4783314619159
2022-04-06	symptoms	end	487.4831738788066
2022-04-06	positive	end	698.6017509434968
2022-04-06	reported	end	451.77361923965964
2022-04-06	symptoms	new	-216.74195263396564
2022-04-06	symptoms	active	3537.2539994690887
2022-04-06	presymp	new	-46.59378675347213
2022-04-06	presymp	active	1105.93299759925
2022-04-06	positive	new	-474.45431645212796
2022-04-06	positive	active	6896.459143912442
2022-04-06	infectious	new	-182.1078562026047
2022-04-06	infectious	active	3490.83599639116
2022-04-06	possymp	new	-211.11857706469016
2022-04-06	possymp	active	2253.2721468441036
2022-04-07	infections	start	202.14185716411635
2022-04-07	positive	start	216.87818253210136
2022-04-07	infectious	start	223.9399215442731
2022-04-07	symptoms	start	256.6192655004202
2022-04-07	infectious	end	384.7194876789621
2022-04-07	symptoms	end	448.2091580874284
2022-04-07	positive	end	632.1919113756176
2022-04-07	reported	end	381.27391432646436
2022-04-07	symptoms	new	-191.5898925870082
2022-04-07	symptoms	active	3345.6641068820804
2022-04-07	presymp	new	-39.741082968318864
2022-04-07	presymp	active	1066.1919146309313
2022-04-07	positive	new	-415.3137288435162
2022-04-07	positive	active	6481.145415068926
2022-04-07	infectious	new	-160.779566134689
2022-04-07	infectious	active	3330.056430256471
2022-04-07	possymp	new	-183.98275328818914
2022-04-07	possymp	active	2069.2893935559146
2022-04-08	infections	start	193.21291156450698
2022-04-08	positive	start	210.21485332356465
2022-04-08	infectious	start	216.57325248753492
2022-04-08	symptoms	start	244.14943084096376
2022-04-08	infectious	end	363.0018246302378
2022-04-08	symptoms	end	412.6903988435652
2022-04-08	positive	end	575.6100673788983
2022-04-08	reported	end	336.67206019770816
2022-04-08	symptoms	new	-168.54096800260146
2022-04-08	symptoms	active	3177.123138879479
2022-04-08	presymp	new	-33.934577517399106
2022-04-08	presymp	active	1032.2573371135322
2022-04-08	positive	new	-365.39521405533367
2022-04-08	positive	active	6115.750201013592
2022-04-08	infectious	new	-146.4285721427029
2022-04-08	infectious	active	3183.6278581137676
2022-04-08	possymp	new	-162.91966853533307
2022-04-08	possymp	active	1906.3697250205817
2022-04-09	infections	start	185.30957610585665
2022-04-09	positive	start	201.87459701744456
2022-04-09	infectious	start	209.83928509059015
2022-04-09	symptoms	start	233.2356408897588
2022-04-09	infectious	end	349.8751221400999
2022-04-09	symptoms	end	383.9654550414054
2022-04-09	positive	end	528.3143401391123
2022-04-09	reported	end	209.58075542222002
2022-04-09	symptoms	new	-150.7298141516466
2022-04-09	symptoms	active	3026.3933247278324
2022-04-09	presymp	new	-31.36104387231424
2022-04-09	presymp	active	1000.8962932412179
2022-04-09	positive	new	-326.4397431216678
2022-04-09	positive	active	5789.310457891925
2022-04-09	infectious	new	-140.03583704950975
2022-04-09	infectious	active	3043.592021064258
2022-04-09	possymp	new	-144.34888509770695
2022-04-09	possymp	active	1762.0208399228748
2022-04-10	infections	start	180.07329532357747
2022-04-10	positive	start	192.95529498860867
2022-04-10	infectious	start	201.48795915211088
2022-04-10	symptoms	start	224.74011347011253
2022-04-10	infectious	end	338.0695967447997
2022-04-10	symptoms	end	362.68922326369324
2022-04-10	positive	end	487.3399847618356
2022-04-10	reported	end	168.33603009885408
2022-04-10	symptoms	new	-137.9491097935807
2022-04-10	symptoms	active	2888.4442149342517
2022-04-10	presymp	new	-31.784818481503862
2022-04-10	presymp	active	969.111474759714
2022-04-10	positive	new	-294.3846897732269
2022-04-10	positive	active	5494.925768118698
2022-04-10	infectious	new	-136.58163759268882
2022-04-10	infectious	active	2907.010383471569
2022-04-10	possymp	new	-124.65076149814234
2022-04-10	possymp	active	1637.3700784247324
2022-04-11	infections	start	177.097296754168
2022-04-11	positive	start	185.08608572355547
2022-04-11	infectious	start	192.6082425132796
2022-04-11	symptoms	start	217.2709712341983
2022-04-11	infectious	end	322.710762232779
2022-04-11	symptoms	end	348.7650462506228
2022-04-11	positive	end	451.02774243957236
2022-04-11	reported	end	363.5290906408302
2022-04-11	symptoms	new	-131.4940750164245
2022-04-11	symptoms	active	2756.9501399178275
2022-04-11	presymp	new	-32.18488551064283
2022-04-11	presymp	active	936.9265892490712
2022-04-11	positive	new	-265.9416567160169
2022-04-11	positive	active	5228.984111402681
2022-04-11	infectious	new	-130.1025197194994
2022-04-11	infectious	active	2776.9078637520697
2022-04-11	possymp	new	-102.26269618894958
2022-04-11	possymp	active	1535.1073822357828
2022-04-12	infections	start	174.24748857595532
2022-04-12	positive	start	179.87835330932182
2022-04-12	infectious	start	184.78813776874458
2022-04-12	symptoms	start	208.37814626291222
2022-04-12	infectious	end	304.297021531923
2022-04-12	symptoms	end	336.65848042732466
2022-04-12	positive	end	417.6782003452525
2022-04-12	reported	end	366.40662961687894
2022-04-12	symptoms	new	-128.28033416441244
2022-04-12	symptoms	active	2628.669805753415
2022-04-12	presymp	new	-28.4997929535904
2022-04-12	presymp	active	908.4267962954808
2022-04-12	positive	new	-237.79984703593067
2022-04-12	positive	active	4991.1842643667505
2022-04-12	infectious	new	-119.50888376317843
2022-04-12	infectious	active	2657.3989799888914
2022-04-12	possymp	new	-81.01971991792783
2022-04-12	possymp	active	1454.087662317855
2022-04-13	infections	start	170.576177927063
2022-04-13	positive	start	176.91549261316544
2022-04-13	infectious	start	179.6077400941509
2022-04-13	symptoms	start	198.96346309066763
2022-04-13	infectious	end	285.05347499423374
2022-04-13	symptoms	end	321.00792995965196
2022-04-13	positive	end	387.1146575022257
2022-04-13	reported	end	314.6109280480008
2022-04-13	symptoms	new	-122.04446686898433
2022-04-13	symptoms	active	2506.6253388844307
2022-04-13	presymp	new	-22.04797047750219
2022-04-13	presymp	active	886.3788258179786
2022-04-13	positive	new	-210.19916488906028
2022-04-13	positive	active	4780.98509947769
2022-04-13	infectious	new	-105.44573490008284
2022-04-13	infectious	active	2551.9532450888087
2022-04-13	possymp	new	-66.10672754257376
2022-04-13	possymp	active	1387.9809347752812
2022-04-14	infections	start	165.12388388812263
2022-04-14	positive	start	174.07689908475487
2022-04-14	infectious	start	176.65121274167433
2022-04-14	symptoms	start	190.54934091822992
2022-04-14	infectious	end	269.3391235711536
2022-04-14	symptoms	end	303.2633994938164
2022-04-14	positive	end	361.08914379118386
2022-04-14	reported	end	271.447843407269
2022-04-14	symptoms	new	-112.71405857558648
2022-04-14	symptoms	active	2393.911280308844
2022-04-14	presymp	new	-16.472441833475045
2022-04-14	presymp	active	869.9063839845036
2022-04-14	positive	new	-187.012244706429
2022-04-14	positive	active	4593.972854771261
2022-04-14	infectious	new	-92.68791082947928
2022-04-14	infectious	active	2459.2653342593294
2022-04-14	possymp	new	-57.825744297367464
2022-04-14	possymp	active	1330.1551904779137
2022-04-15	infections	start	158.06083205664785
2022-04-15	positive	start	170.44083594479463
2022-04-15	infectious	start	173.82047884537423
2022-04-15	symptoms	start	184.75745865560336
2022-04-15	infectious	end	258.09061239583485
2022-04-15	symptoms	end	284.920365409633
2022-04-15	positive	end	340.6917649692899
2022-04-15	reported	end	156.82587419465892
2022-04-15	symptoms	new	-100.16290675402965
2022-04-15	symptoms	active	2293.7483735548144
2022-04-15	presymp	new	-14.31662271080873
2022-04-15	presymp	active	855.5897612736949
2022-04-15	positive	new	-170.2509290244953
2022-04-15	positive	active	4423.721925746766
2022-04-15	infectious	new	-84.27013355046063
2022-04-15	infectious	active	2374.9952007088687
2022-04-15	possymp	new	-55.77139955965691
2022-04-15	possymp	active	1274.3837909182569
2022-04-16	infections	start	150.54952677772212
2022-04-16	positive	start	165.06727302181423
2022-04-16	infectious	start	170.23071699949583
2022-04-16	symptoms	start	181.28952834588688
2022-04-16	infectious	end	248.85137354771322
2022-04-16	symptoms	end	269.33460961666685
2022-04-16	positive	end	327.1448898143043
2022-04-16	reported	end	155.866694535976
2022-04-16	symptoms	new	-88.04508127077997
2022-04-16	symptoms	active	2205.7032922840344
2022-04-16	presymp	new	-16.22225532407265
2022-04-16	presymp	active	839.3675059496222
2022-04-16	positive	new	-162.07761679249006
2022-04-16	positive	active	4261.644308954275
2022-04-16	infectious	new	-78.6206565482174
2022-04-16	infectious	active	2296.374544160651
2022-04-16	possymp	new	-57.81028019763744
2022-04-16	possymp	active	1216.5735107206194
2022-04-17	infections	start	143.11972343526068
2022-04-17	positive	start	158.11139265880672
2022-04-17	infectious	start	164.95584961941847
2022-04-17	symptoms	start	178.1785312809255
2022-04-17	infectious	end	239.35667839084098
2022-04-17	symptoms	end	257.79040378035563
2022-04-17	positive	end	316.1107546298444
2022-04-17	reported	end	108.387301431171
2022-04-17	symptoms	new	-79.61187249943012
2022-04-17	symptoms	active	2126.091419784604
2022-04-17	presymp	new	-20.06713862211879
2022-04-17	presymp	active	819.3003673275034
2022-04-17	positive	new	-157.99936197103767
2022-04-17	positive	active	4103.644946983238
2022-04-17	infectious	new	-74.40082877142251
2022-04-17	infectious	active	2221.973715389229
2022-04-17	possymp	new	-58.32035084948876
2022-04-17	possymp	active	1158.2531598711305
2022-04-18	infections	start	136.33197437217748
2022-04-18	positive	start	150.69485386595298
2022-04-18	infectious	start	158.11636730445414
2022-04-18	symptoms	start	174.5236170446128
2022-04-18	infectious	end	229.12445645480588
2022-04-18	symptoms	end	248.1478423765575
2022-04-18	positive	end	302.7303648141277
2022-04-18	reported	end	149.63202675453695
2022-04-18	symptoms	new	-73.6242253319447
2022-04-18	symptoms	active	2052.4671944526594
2022-04-18	presymp	new	-23.828763178659813
2022-04-18	presymp	active	795.4716041488435
2022-04-18	positive	new	-152.03551094817473
2022-04-18	positive	active	3951.609436035063
2022-04-18	infectious	new	-71.00808915035174
2022-04-18	infectious	active	2150.965626238877
2022-04-18	possymp	new	-54.58252243757022
2022-04-18	possymp	active	1103.6706374335604
2022-04-19	infections	start	130.3293603919163
2022-04-19	positive	start	143.31363917356506
2022-04-19	infectious	start	150.78611409921254
2022-04-19	symptoms	start	169.19364245789137
2022-04-19	infectious	end	218.80440948787543
2022-04-19	symptoms	end	238.59478596778135
2022-04-19	positive	end	287.5864145802149
2022-04-19	reported	end	324.68231446417155
2022-04-19	symptoms	new	-69.40114350988998
2022-04-19	symptoms	active	1983.0660509427696
2022-04-19	presymp	new	-25.880003284326307
2022-04-19	presymp	active	769.5916008645173
2022-04-19	positive	new	-144.27277540664986
2022-04-19	positive	active	3807.3366606284135
2022-04-19	infectious	new	-68.01829538866289
2022-04-19	infectious	active	2082.9473308502143
2022-04-19	possymp	new	-48.99162861243357
2022-04-19	possymp	active	1054.679008821127
2022-04-20	infections	start	124.6683746722196
2022-04-20	positive	start	136.52267367938822
2022-04-20	infectious	start	143.43485192859686
2022-04-20	symptoms	start	162.10698946512846
2022-04-20	infectious	end	208.14524597897184
2022-04-20	symptoms	end	227.9853016640996
2022-04-20	positive	end	271.22902578356536
2022-04-20	reported	end	257.06014852702504
2022-04-20	symptoms	new	-65.87831219897114
2022-04-20	symptoms	active	1917.1877387437985
2022-04-20	presymp	new	-25.584315785740245
2022-04-20	presymp	active	744.007285078777
2022-04-20	positive	new	-134.70635210417714
2022-04-20	positive	active	3672.630308524236
2022-04-20	infectious	new	-64.71039405037499
2022-04-20	infectious	active	2018.236936799839
2022-04-20	possymp	new	-43.24372411946575
2022-04-20	possymp	active	1011.4352847016611
2022-04-21	infections	start	119.05143796203745
2022-04-21	positive	start	130.48471520895902
2022-04-21	infectious	start	136.62770329019753
2022-04-21	symptoms	start	154.3171498540414
2022-04-21	infectious	end	199.4288141562187
2022-04-21	symptoms	end	217.68141781216028
2022-04-21	positive	end	256.74276483006406
2022-04-21	reported	end	209.10116559287857
2022-04-21	symptoms	new	-63.36426795811889
2022-04-21	symptoms	active	1853.8234707856795
2022-04-21	presymp	new	-23.832434645082373
2022-04-21	presymp	active	720.1748504336947
2022-04-21	positive	new	-126.25804962110504
2022-04-21	positive	active	3546.3722589031313
2022-04-21	infectious	new	-62.80111086602116
2022-04-21	infectious	active	1955.435825933818
2022-04-21	possymp	new	-39.061347017903785
2022-04-21	possymp	active	972.3739376837573
2022-04-22	infections	start	113.16300938255878
2022-04-22	positive	start	124.78188625891865
2022-04-22	infectious	start	130.5558608796531
2022-04-22	symptoms	start	146.42462436735372
2022-04-22	infectious	end	195.26806073638184
2022-04-22	symptoms	end	208.16291248490208
2022-04-22	positive	end	245.78366791829401
2022-04-22	reported	end	183.68290463778095
2022-04-22	symptoms	new	-61.738288117548365
2022-04-22	symptoms	active	1792.0851826681312
2022-04-22	presymp	new	-21.64273810843507
2022-04-22	presymp	active	698.5321123252596
2022-04-22	positive	new	-121.00178165937537
2022-04-22	positive	active	3425.370477243756
2022-04-22	infectious	new	-64.71219985672874
2022-04-22	infectious	active	1890.7236260770892
2022-04-22	possymp	new	-37.620755433391935
2022-04-22	possymp	active	934.7531822503653
2022-04-23	infections	start	107.45116796707886
2022-04-23	positive	start	119.13503171505782
2022-04-23	infectious	start	124.82507567590153
2022-04-23	symptoms	start	139.14588864859272
2022-04-23	infectious	end	193.32304913938347
2022-04-23	symptoms	end	200.17188575615694
2022-04-23	positive	end	236.7517093570715
2022-04-23	reported	end	121.81581665273201
2022-04-23	symptoms	new	-61.02599710756422
2022-04-23	symptoms	active	1731.0591855605671
2022-04-23	presymp	new	-20.010856933534896
2022-04-23	presymp	active	678.5212553917247
2022-04-23	positive	new	-117.61667764201367
2022-04-23	positive	active	3307.7537996017422
2022-04-23	infectious	new	-68.49797346348194
2022-04-23	infectious	active	1822.2256526136073
2022-04-23	possymp	new	-36.57982360091455
2022-04-23	possymp	active	898.1733586494507
2022-04-24	infections	start	102.62570061714177
2022-04-24	positive	start	113.23336914440306
2022-04-24	infectious	start	119.16978656043949
2022-04-24	symptoms	start	132.77336305570404
2022-04-24	infectious	end	190.18764639253249
2022-04-24	symptoms	end	195.8950249123839
2022-04-24	positive	end	228.11525434907054
2022-04-24	reported	end	95.43837603895146
2022-04-24	symptoms	new	-63.12166185667985
2022-04-24	symptoms	active	1667.937523703887
2022-04-24	presymp	new	-19.539993911300982
2022-04-24	presymp	active	658.9812614804238
2022-04-24	positive	new	-114.88188520466748
2022-04-24	positive	active	3192.8719143970748
2022-04-24	infectious	new	-71.017859832093
2022-04-24	infectious	active	1751.2077927815142
2022-04-24	possymp	new	-32.22022943668665
2022-04-24	possymp	active	865.9531292127641
2022-04-25	infections	start	98.7406078495684
2022-04-25	positive	start	107.51727841456751
2022-04-25	infectious	start	113.27520645943868
2022-04-25	symptoms	start	126.92191481342789
2022-04-25	infectious	end	184.54092302175604
2022-04-25	symptoms	end	193.87515427836678
2022-04-25	positive	end	218.96002404460128
2022-04-25	reported	end	237.87655535336646
2022-04-25	symptoms	new	-66.95323946493889
2022-04-25	symptoms	active	1600.9842842389482
2022-04-25	presymp	new	-19.404636398860376
2022-04-25	presymp	active	639.5766250815633
2022-04-25	positive	new	-111.44274563003377
2022-04-25	positive	active	3081.429168767041
2022-04-25	infectious	new	-71.26571656231737
2022-04-25	infectious	active	1679.942076219197
2022-04-25	possymp	new	-25.084869766234505
2022-04-25	possymp	active	840.8682594465296
2022-04-26	infections	start	95.85179635264437
2022-04-26	positive	start	102.68613886083915
2022-04-26	infectious	start	107.56831230267477
2022-04-26	symptoms	start	121.25332626627291
2022-04-26	infectious	end	176.06822648531613
2022-04-26	symptoms	end	190.41637537833157
2022-04-26	positive	end	210.31056347295137
2022-04-26	reported	end	176.48905719765898
2022-04-26	symptoms	new	-69.16304911205866
2022-04-26	symptoms	active	1531.8212351268896
2022-04-26	presymp	new	-18.567187405433756
2022-04-26	presymp	active	621.0094376761296
2022-04-26	positive	new	-107.62442461211222
2022-04-26	positive	active	2973.804744154929
2022-04-26	infectious	new	-68.49991418264136
2022-04-26	infectious	active	1611.4421620365556
2022-04-26	possymp	new	-19.894188094619807
2022-04-26	possymp	active	820.9740713519099
2022-04-27	infections	start	93.1919284983702
2022-04-27	positive	start	98.78807871457579
2022-04-27	infectious	start	102.73854681810282
2022-04-27	symptoms	start	115.36328665419607
2022-04-27	infectious	end	166.83568517813416
2022-04-27	symptoms	end	184.76852887779282
2022-04-27	positive	end	201.78459052938751
2022-04-27	reported	end	172.1727487335858
2022-04-27	symptoms	new	-69.40524222359674
2022-04-27	symptoms	active	1462.4159929032928
2022-04-27	presymp	new	-16.575207939620284
2022-04-27	presymp	active	604.4342297365093
2022-04-27	positive	new	-102.99651181481173
2022-04-27	positive	active	2870.808232340117
2022-04-27	infectious	new	-64.09713836003134
2022-04-27	infectious	active	1547.345023676524
2022-04-27	possymp	new	-17.016061651594697
2022-04-27	possymp	active	803.9580097003151
2022-04-28	infections	start	90.09991051804307
2022-04-28	positive	start	95.88060308818544
2022-04-28	infectious	start	98.83011647924606
2022-04-28	symptoms	start	109.62041573289856
2022-04-28	infectious	end	158.48071342914864
2022-04-28	symptoms	end	176.58312442330657
2022-04-28	positive	end	193.76005568248567
2022-04-28	reported	end	157.78505385334185
2022-04-28	symptoms	new	-66.96270869040801
2022-04-28	symptoms	active	1395.453284212885
2022-04-28	presymp	new	-13.739812644713126
2022-04-28	presymp	active	590.6944170917961
2022-04-28	positive	new	-97.87945259430023
2022-04-28	positive	active	2772.928779745817
2022-04-28	infectious	new	-59.65059694990258
2022-04-28	infectious	active	1487.6944267266217
2022-04-28	possymp	new	-17.1769312591791
2022-04-28	possymp	active	786.7810784411361
2022-04-29	infections	start	86.79126307137784
2022-04-29	positive	start	93.20477592481535
2022-04-29	infectious	start	95.90624449748927
2022-04-29	symptoms	start	104.70714559558992
2022-04-29	infectious	end	151.07034577465706
2022-04-29	symptoms	end	167.37693538791459
2022-04-29	positive	end	188.76023100349838
2022-04-29	reported	end	137.16269119165887
2022-04-29	symptoms	new	-62.669789792324664
2022-04-29	symptoms	active	1332.7834944205601
2022-04-29	presymp	new	-11.50236967077457
2022-04-29	presymp	active	579.1920474210216
2022-04-29	positive	new	-95.55545507868302
2022-04-29	positive	active	2677.3733246671336
2022-04-29	infectious	new	-55.16410127716779
2022-04-29	infectious	active	1432.5303254494538
2022-04-29	possymp	new	-21.38329561558379
2022-04-29	possymp	active	765.3977828255522
2022-04-30	infections	start	83.47586477335251
2022-04-30	positive	start	90.10940497938086
2022-04-30	infectious	start	93.21978804400494
2022-04-30	symptoms	start	100.70402833916582
2022-04-30	infectious	end	144.4059838133251
2022-04-30	symptoms	end	158.99309489767987
2022-04-30	positive	end	185.90838735011133
2022-04-30	reported	end	84.88739979343923
2022-04-30	symptoms	new	-58.28906655851405
2022-04-30	symptoms	active	1274.4944278620462
2022-04-30	presymp	new	-10.594623359784961
2022-04-30	presymp	active	568.5974240612367
2022-04-30	positive	new	-95.79898237073047
2022-04-30	positive	active	2581.5743422964033
2022-04-30	infectious	new	-51.18619576932015
2022-04-30	infectious	active	1381.3441296801336
2022-04-30	possymp	new	-26.91529245243146
2022-04-30	possymp	active	738.4824903731208
2022-05-01	infections	start	80.57477610273743
2022-05-01	positive	start	86.81374801957148
2022-05-01	infectious	start	90.1289309119357
2022-05-01	symptoms	start	97.73056735154368
2022-05-01	infectious	end	137.8136350600674
2022-05-01	symptoms	end	151.38011528952035
2022-05-01	positive	end	182.1219977762163
2022-05-01	reported	end	57.55077952097575
2022-05-01	symptoms	new	-53.649547937976664
2022-05-01	symptoms	active	1220.8448799240696
2022-05-01	presymp	new	-10.916819331972206
2022-05-01	presymp	active	557.6806047292645
2022-05-01	positive	new	-95.30824975664481
2022-05-01	positive	active	2486.2660925397586
2022-05-01	infectious	new	-47.684704148131715
2022-05-01	infectious	active	1333.659425532002
2022-05-01	possymp	new	-30.741882486695943
2022-05-01	possymp	active	707.7406078864249
2022-05-02	infections	start	78.13518770708549
2022-05-02	positive	start	83.52185100667558
2022-05-02	infectious	start	86.85299180435348
2022-05-02	symptoms	start	95.06290169184311
2022-05-02	infectious	end	131.0534581639408
2022-05-02	symptoms	end	144.43928434858418
2022-05-02	positive	end	176.7077701339175
2022-05-02	reported	end	157.3054640240004
2022-05-02	symptoms	new	-49.37638265674107
2022-05-02	symptoms	active	1171.4684972673285
2022-05-02	presymp	new	-11.541050685167534
2022-05-02	presymp	active	546.1395540440969
2022-05-02	positive	new	-93.18591912724193
2022-05-02	positive	active	2393.0801734125166
2022-05-02	infectious	new	-44.200466359587324
2022-05-02	infectious	active	1289.4589591724146
2022-05-02	possymp	new	-32.268485785333326
2022-05-02	possymp	active	675.4721221010915
2022-05-03	infections	start	75.8100102156319
2022-05-03	positive	start	80.64427429965677
2022-05-03	infectious	start	83.58501821609971
2022-05-03	symptoms	start	92.02448893657368
2022-05-03	infectious	end	124.43321181149487
2022-05-03	symptoms	end	137.6709691649142
2022-05-03	positive	end	169.00832322575965
2022-05-03	reported	end	117.97909801800029
2022-05-03	symptoms	new	-45.64648022834052
2022-05-03	symptoms	active	1125.822017038988
2022-05-03	presymp	new	-11.380214636916904
2022-05-03	presymp	active	534.75933940718
2022-05-03	positive	new	-88.36404892610288
2022-05-03	positive	active	2304.7161244864137
2022-05-03	infectious	new	-40.84819359539516
2022-05-03	infectious	active	1248.6107655770195
2022-05-03	possymp	new	-31.337354060845456
2022-05-03	possymp	active	644.1347680402461
2022-05-04	infections	start	73.2624409995958
2022-05-04	positive	start	78.22162369930024
2022-05-04	infectious	start	80.72445473778205
2022-05-04	symptoms	start	88.77337004788262
2022-05-04	infectious	end	118.39395346481575
2022-05-04	symptoms	end	130.81285810919073
2022-05-04	positive	end	160.2396350202341
2022-05-04	reported	end	123.2545861407564
2022-05-04	symptoms	new	-42.039488061308106
2022-05-04	symptoms	active	1083.7825289776797
2022-05-04	presymp	new	-10.551746348582384
2022-05-04	presymp	active	524.2075930585976
2022-05-04	positive	new	-82.01801132093385
2022-05-04	positive	active	2222.6981131654798
2022-05-04	infectious	new	-37.6694987270337
2022-05-04	infectious	active	1210.9412668499858
2022-05-04	possymp	new	-29.426776911043362
2022-05-04	possymp	active	614.7079911292027
2022-05-05	infections	start	70.29434897228913
2022-05-05	positive	start	75.9074826734149
2022-05-05	infectious	start	78.30898320472278
2022-05-05	symptoms	start	85.46179359354407
2022-05-05	infectious	end	113.40642925628754
2022-05-05	symptoms	end	124.24822181046228
2022-05-05	positive	end	152.09739481267295
2022-05-05	reported	end	120.85663699404908
2022-05-05	symptoms	new	-38.78642821691821
2022-05-05	symptoms	active	1044.9961007607617
2022-05-05	presymp	new	-9.554310920129168
2022-05-05	presymp	active	514.6532821384684
2022-05-05	positive	new	-76.18991213925804
2022-05-05	positive	active	2146.5082010262217
2022-05-05	infectious	new	-35.09744605156476
2022-05-05	infectious	active	1175.8438207984211
2022-05-05	possymp	new	-27.849173002210662
2022-05-05	possymp	active	586.858818126992
2022-05-06	infections	start	67.11011584785943
2022-05-06	positive	start	73.37157135933143
2022-05-06	infectious	start	75.99719907313259
2022-05-06	symptoms	start	82.49711253034387
2022-05-06	infectious	end	109.4772184954347
2022-05-06	symptoms	end	118.32148868135772
2022-05-06	positive	end	144.64663875683627
2022-05-06	reported	end	97.83632518565878
2022-05-06	symptoms	new	-35.82437615101385
2022-05-06	symptoms	active	1009.1717246097478
2022-05-06	presymp	new	-9.125541171012443
2022-05-06	presymp	active	505.527740967456
2022-05-06	positive	new	-71.27506739750484
2022-05-06	positive	active	2075.233133628717
2022-05-06	infectious	new	-33.48001942230211
2022-05-06	infectious	active	1142.363801376119
2022-05-06	possymp	new	-26.325150075478547
2022-05-06	possymp	active	560.5336680515135
2022-05-07	infections	start	63.980781423282075
2022-05-07	positive	start	70.42143341747558
2022-05-07	infectious	start	73.46941458008247
2022-05-07	symptoms	start	79.97120131887925
2022-05-07	infectious	end	106.32150532216802
2022-05-07	symptoms	end	113.44303683797214
2022-05-07	positive	end	137.9541534324403
2022-05-07	reported	end	69.0609354251709
2022-05-07	symptoms	new	-33.47183551909289
2022-05-07	symptoms	active	975.6998890906549
2022-05-07	presymp	new	-9.54976790140367
2022-05-07	presymp	active	495.97797306605236
2022-05-07	positive	new	-67.53272001496472
2022-05-07	positive	active	2007.700413613752
2022-05-07	infectious	new	-32.85209074208555
2022-05-07	infectious	active	1109.5117106340333
2022-05-07	possymp	new	-24.511116594468163
2022-05-07	possymp	active	536.0225514570453
2022-05-08	infections	start	60.940550606965374
2022-05-08	positive	start	67.25948806667928
2022-05-08	infectious	start	70.53706096003081
2022-05-08	symptoms	start	77.59656877284452
2022-05-08	infectious	end	103.36744601897672
2022-05-08	symptoms	end	109.603043969935
2022-05-08	positive	end	131.61201271957324
2022-05-08	reported	end	43.64267447007328
2022-05-08	symptoms	new	-32.00647519709048
2022-05-08	symptoms	active	943.6934138935644
2022-05-08	presymp	new	-10.337080706165239
2022-05-08	presymp	active	485.6408923598871
2022-05-08	positive	new	-64.35252465289396
2022-05-08	positive	active	1943.3478889608582
2022-05-08	infectious	new	-32.83038505894591
2022-05-08	infectious	active	1076.6813255750874
2022-05-08	possymp	new	-22.008968749638242
2022-05-08	possymp	active	514.0135827074071
2022-05-09	infections	start	58.328932673279006
2022-05-09	positive	start	64.14868288120566
2022-05-09	infectious	start	67.39612801835297
2022-05-09	symptoms	start	75.05659032549171
2022-05-09	infectious	end	99.835510210445
2022-05-09	symptoms	end	106.3540541931744
2022-05-09	positive	end	125.32995127048746
2022-05-09	reported	end	127.09130477548813
2022-05-09	symptoms	new	-31.297463867682694
2022-05-09	symptoms	active	912.3959500258817
2022-05-09	presymp	new	-10.907907444286053
2022-05-09	presymp	active	474.73298491560104
2022-05-09	positive	new	-61.1812683892818
2022-05-09	positive	active	1882.1666205715765
2022-05-09	infectious	new	-32.439382192092026
2022-05-09	infectious	active	1044.2419433829955
2022-05-09	possymp	new	-18.97589707731305
2022-05-09	possymp	active	495.037685630094
2022-05-10	infections	start	56.46383348473257
2022-05-10	positive	start	61.11468170393718
2022-05-10	infectious	start	64.29988874564265
2022-05-10	symptoms	start	72.1257654273184
2022-05-10	infectious	end	95.74069551711224
2022-05-10	symptoms	end	103.29922496139638
2022-05-10	positive	end	119.33716038344369
2022-05-10	reported	end	111.2648404072198
2022-05-10	symptoms	new	-31.173459534077978
2022-05-10	symptoms	active	881.2224904918037
2022-05-10	presymp	new	-11.011083723381219
2022-05-10	presymp	active	463.72190119221983
2022-05-10	positive	new	-58.22247867950651
2022-05-10	positive	active	1823.9441418920699
2022-05-10	infectious	new	-31.440806771469596
2022-05-10	infectious	active	1012.8011366115259
2022-05-10	possymp	new	-16.037935422047312
2022-05-10	possymp	active	478.9997502080467
2022-05-11	infections	start	55.05597343579905
2022-05-11	positive	start	58.4944706256757
2022-05-11	infectious	start	61.26619678989768
2022-05-11	symptoms	start	68.95645740114486
2022-05-11	infectious	end	91.73672797887004
2022-05-11	symptoms	end	99.8333727210468
2022-05-11	positive	end	113.83064525463901
2022-05-11	reported	end	99.27509467368317
2022-05-11	symptoms	new	-30.87691531990194
2022-05-11	symptoms	active	850.3455751719017
2022-05-11	presymp	new	-10.461986775469157
2022-05-11	presymp	active	453.2599144167507
2022-05-11	positive	new	-55.336174628963306
2022-05-11	positive	active	1768.6079672631065
2022-05-11	infectious	new	-30.47053118897236
2022-05-11	infectious	active	982.3306054225535
2022-05-11	possymp	new	-13.99727253359221
2022-05-11	possymp	active	465.0024776744545
2022-05-12	infections	start	53.92093697620286
2022-05-12	positive	start	56.60984691175979
2022-05-12	infectious	start	58.632757767042115
2022-05-12	symptoms	start	65.78423158666065
2022-05-12	infectious	end	88.4187180721637
2022-05-12	symptoms	end	95.93824428380223
2022-05-12	positive	end	109.13947603092898
2022-05-12	reported	end	84.88739979343923
2022-05-12	symptoms	new	-30.15401269714158
2022-05-12	symptoms	active	820.1915624747602
2022-05-12	presymp	new	-9.174384674900864
2022-05-12	presymp	active	444.0855297418498
2022-05-12	positive	new	-52.529629119169186
2022-05-12	positive	active	1716.0783381439373
2022-05-12	infectious	new	-29.785960305121584
2022-05-12	infectious	active	952.5446451174319
2022-05-12	possymp	new	-13.20123174712674
2022-05-12	possymp	active	451.8012459273277
2022-05-13	infections	start	52.872278453122966
2022-05-13	positive	start	55.17668179309912
2022-05-13	infectious	start	56.727864850899415
2022-05-13	symptoms	start	62.643720777937716
2022-05-13	infectious	end	85.89094256446936
2022-05-13	symptoms	end	92.19697834104434
2022-05-13	positive	end	105.29194872858955
2022-05-13	reported	end	83.9282201347563
2022-05-13	symptoms	new	-29.553257563106627
2022-05-13	symptoms	active	790.6383049116536
2022-05-13	presymp	new	-7.467038984838595
2022-05-13	presymp	active	436.6184907570112
2022-05-13	positive	new	-50.115266935490425
2022-05-13	positive	active	1665.963071208447
2022-05-13	infectious	new	-29.16307771356994
2022-05-13	infectious	active	923.3815674038619
2022-05-13	possymp	new	-13.094970387545203
2022-05-13	possymp	active	438.70627553978255
2022-05-14	infections	start	52.615157107015854
2022-05-14	positive	start	54.0151957505456
2022-05-14	infectious	start	55.27299403652722
2022-05-14	symptoms	start	59.91409372148857
2022-05-14	infectious	end	83.64887990934882
2022-05-14	symptoms	end	89.042275492598
2022-05-14	positive	end	102.02780895431435
2022-05-14	reported	end	50.35693208085378
2022-05-14	symptoms	new	-29.128181771109425
2022-05-14	symptoms	active	761.5101231405441
2022-05-14	presymp	new	-5.8988979709429685
2022-05-14	presymp	active	430.71959278606823
2022-05-14	positive	new	-48.01261320376875
2022-05-14	positive	active	1617.9504580046782
2022-05-14	infectious	new	-28.3758858728216
2022-05-14	infectious	active	895.0056815310403
2022-05-14	possymp	new	-12.985533461716358
2022-05-14	possymp	active	425.72074207806617
2022-05-15	infections	start	53.867205355225614
2022-05-15	positive	start	52.94072168373192
2022-05-15	infectious	start	54.09140226281378
2022-05-15	symptoms	start	57.95627432631225
2022-05-15	infectious	end	81.04010345372686
2022-05-15	symptoms	end	86.57013650537999
2022-05-15	positive	end	99.10985360570172
2022-05-15	reported	end	35.48964737126838
2022-05-15	symptoms	new	-28.613862179067745
2022-05-15	symptoms	active	732.8962609614764
2022-05-15	presymp	new	-5.0155526425803245
2022-05-15	presymp	active	425.70404014348793
2022-05-15	positive	new	-46.16913192196979
2022-05-15	positive	active	1571.7813260827083
2022-05-15	infectious	new	-26.948701190913077
2022-05-15	infectious	active	868.0569803401273
2022-05-15	possymp	new	-12.539717100321724
2022-05-15	possymp	active	413.18102497774447
2022-05-16	infections	start	56.46066276778834
2022-05-16	positive	start	52.65895045010188
2022-05-16	infectious	start	52.99769420989493
2022-05-16	symptoms	start	56.488338036406105
2022-05-16	infectious	end	77.58076091057086
2022-05-16	symptoms	end	84.24748411098665
2022-05-16	positive	end	95.93834429921542
2022-05-16	reported	end	89.20370825751242
2022-05-16	symptoms	new	-27.759146074580542
2022-05-16	symptoms	active	705.1371148868958
2022-05-16	presymp	new	-3.829387586304229
2022-05-16	presymp	active	421.8746525571837
2022-05-16	positive	new	-43.27939384911354
2022-05-16	positive	active	1528.501932233595
2022-05-16	infectious	new	-24.58306670067593
2022-05-16	infectious	active	843.4739136394513
2022-05-16	possymp	new	-11.690860188228768
2022-05-16	possymp	active	401.4901647895157
2022-05-17	infections	start	60.231740570990354
2022-05-17	positive	start	53.88652724924797
2022-05-17	infectious	start	52.69660684182739
2022-05-17	symptoms	start	55.317617170058575
2022-05-17	infectious	end	73.46795602662561
2022-05-17	symptoms	end	81.53454534821795
2022-05-17	positive	end	92.34051140801921
2022-05-17	reported	end	81.53027098804898
2022-05-17	symptoms	new	-26.21692817815937
2022-05-17	symptoms	active	678.9201867087364
2022-05-17	presymp	new	-1.4310899208106065
2022-05-17	presymp	active	420.4435626363731
2022-05-17	positive	new	-38.45398415877124
2022-05-17	positive	active	1490.0479480748236
2022-05-17	infectious	new	-20.771349184798225
2022-05-17	infectious	active	822.7025644546532
2022-05-17	possymp	new	-10.805966059801264
2022-05-17	possymp	active	390.6841987297144
2022-05-18	infections	start	64.08870091458789
2022-05-18	positive	start	56.45416608929805
2022-05-18	infectious	start	53.90294116203496
2022-05-18	symptoms	start	54.23850367355044
2022-05-18	infectious	end	69.26837172157127
2022-05-18	symptoms	end	78.04301720066182
2022-05-18	positive	end	88.71447848756964
2022-05-18	reported	end	81.05068115870752
2022-05-18	symptoms	new	-23.804513527111382
2022-05-18	symptoms	active	655.1156731816251
2022-05-18	presymp	new	2.215662415747609
2022-05-18	presymp	active	422.6592250521207
2022-05-18	positive	new	-32.26031239827159
2022-05-18	positive	active	1457.787635676552
2022-05-18	infectious	new	-15.365430559536307
2022-05-18	infectious	active	807.3371338951168
2022-05-18	possymp	new	-10.671461286907814
2022-05-18	possymp	active	380.0127374428066
2022-05-19	infections	start	67.48706725253103
2022-05-19	positive	start	60.199864685641636
2022-05-19	infectious	start	56.44489789204535
2022-05-19	symptoms	start	53.945410987584935
2022-05-19	infectious	end	65.40325704035241
2022-05-19	symptoms	end	73.88862463734382
2022-05-19	positive	end	85.44159087732645
2022-05-19	reported	end	73.85683371858555
2022-05-19	symptoms	new	-19.94321364975889
2022-05-19	symptoms	active	635.1724595318663
2022-05-19	presymp	new	6.2544536980567
2022-05-19	presymp	active	428.9136787501774
2022-05-19	positive	new	-25.241726191684812
2022-05-19	positive	active	1432.5459094848673
2022-05-19	infectious	new	-8.958359148307068
2022-05-19	infectious	active	798.3787747468098
2022-05-19	possymp	new	-11.552966239982624
2022-05-19	possymp	active	368.459771202824
2022-05-20	infections	start	71.08768004244043
2022-05-20	positive	start	64.04037947542027
2022-05-20	infectious	start	60.164415023097625
2022-05-20	symptoms	start	55.15351185658234
2022-05-20	infectious	end	62.22410068739008
2022-05-20	symptoms	end	69.68443050887663
2022-05-20	positive	end	82.71053892501587
2022-05-20	reported	end	52.75488122756111
2022-05-20	symptoms	new	-14.53091865229429
2022-05-20	symptoms	active	620.641540879572
2022-05-20	presymp	new	8.886867618837925
2022-05-20	presymp	active	437.8005463690153
2022-05-20	positive	new	-18.6701594495956
2022-05-20	positive	active	1413.8757500352717
2022-05-20	infectious	new	-2.059685664292452
2022-05-20	infectious	active	796.3190890825173
2022-05-20	possymp	new	-13.026108416139238
2022-05-20	possymp	active	355.43366278668475
2022-05-21	infections	start	75.56041001630389
2022-05-21	positive	start	67.44064383005028
2022-05-21	infectious	start	63.99078419279648
2022-05-21	symptoms	start	57.712715588810795
2022-05-21	infectious	end	59.70816919553998
2022-05-21	symptoms	end	65.800771484572
2022-05-21	positive	end	80.18506369580464
2022-05-21	reported	end	38.367186347317165
2022-05-21	symptoms	new	-8.088055895761201
2022-05-21	symptoms	active	612.5534849838107
2022-05-21	presymp	new	9.727928241239482
2022-05-21	presymp	active	447.5284746102548
2022-05-21	positive	new	-12.744419865754367
2022-05-21	positive	active	1401.1313301695172
2022-05-21	infectious	new	4.282614997256502
2022-05-21	infectious	active	800.6017040797738
2022-05-21	possymp	new	-14.384292211232648
2022-05-21	possymp	active	341.0493705754521
2022-05-22	infections	start	81.5725502417011
2022-05-22	positive	start	71.05982908029195
2022-05-22	infectious	start	67.39771144152009
2022-05-22	symptoms	start	61.51113227257085
2022-05-22	infectious	end	57.48363849388122
2022-05-22	symptoms	end	62.485603515723064
2022-05-22	positive	end	77.47621123373136
2022-05-22	reported	end	33.09169822456106
2022-05-22	symptoms	new	-0.974471243152216
2022-05-22	symptoms	active	611.5790137406585
2022-05-22	presymp	new	9.5486968077211
2022-05-22	presymp	active	457.0771714179759
2022-05-22	positive	new	-6.4163821534394145
2022-05-22	positive	active	1394.7149480160779
2022-05-22	infectious	new	9.914072947638864
2022-05-22	infectious	active	810.5157770274127
2022-05-22	possymp	new	-14.990607718008299
2022-05-22	possymp	active	326.0587628574438
2022-05-23	infections	start	88.77967138798674
2022-05-23	positive	start	75.55236413094825
2022-05-23	infectious	start	71.03675189527523
2022-05-23	symptoms	start	65.48069261825368
2022-05-23	infectious	end	55.13844247604476
2022-05-23	symptoms	end	59.72045869142528
2022-05-23	positive	end	74.22142388853402
2022-05-23	reported	end	72.89765405990262
2022-05-23	symptoms	new	5.7602339268284055
2022-05-23	symptoms	active	617.3392476674869
2022-05-23	presymp	new	10.071671512694564
2022-05-23	presymp	active	467.14884293067047
2022-05-23	positive	new	1.3309402424142291
2022-05-23	positive	active	1396.0458882584921
2022-05-23	infectious	new	15.898309419230472
2022-05-23	infectious	active	826.4140864466432
2022-05-23	possymp	new	-14.50096519710874
2022-05-23	possymp	active	311.55779766033504
2022-05-24	infections	start	96.34028660267295
2022-05-24	positive	start	81.56562945959195
2022-05-24	infectious	start	75.53893204947947
2022-05-24	symptoms	start	69.01844552441256
2022-05-24	infectious	end	52.82534866766431
2022-05-24	symptoms	end	57.19959260112132
2022-05-24	positive	end	70.4641266029351
2022-05-24	reported	end	57.07118969163429
2022-05-24	symptoms	new	11.818852923291239
2022-05-24	symptoms	active	629.1581005907782
2022-05-24	presymp	new	12.54718393517939
2022-05-24	presymp	active	479.69602686584983
2022-05-24	positive	new	11.10150285665685
2022-05-24	positive	active	1407.147391115149
2022-05-24	infectious	new	22.713583381815162
2022-05-24	infectious	active	849.1276698284582
2022-05-24	possymp	new	-13.264534001813779
2022-05-24	possymp	active	298.2932636585213
2022-05-25	infections	start	103.41095450801016
2022-05-25	positive	start	88.74641288421067
2022-05-25	infectious	start	81.53308496473703
2022-05-25	symptoms	start	72.67710617755053
2022-05-25	infectious	end	51.679483819315294
2022-05-25	symptoms	end	54.86935830663749
2022-05-25	positive	end	66.68228626384175
2022-05-25	reported	end	59.94872866768308
2022-05-25	symptoms	new	17.80774787091304
2022-05-25	symptoms	active	646.9658484616912
2022-05-25	presymp	new	16.069306706660143
2022-05-25	presymp	active	495.76533357251
2022-05-25	positive	new	22.064126620368924
2022-05-25	positive	active	1429.2115177355179
2022-05-25	infectious	new	29.853601145421734
2022-05-25	infectious	active	878.98127097388
2022-05-25	possymp	new	-11.81292795720426
2022-05-25	possymp	active	286.480335701317
2022-05-26	infections	start	110.16437975051798
2022-05-26	positive	start	96.26297680627596
2022-05-26	infectious	start	88.66689675052193
2022-05-26	symptoms	start	77.0490321735694
2022-05-26	infectious	end	52.34756462987404
2022-05-26	symptoms	end	52.787443822797016
2022-05-26	positive	end	63.16833150596849
2022-05-26	reported	end	28.775389760487876
2022-05-26	symptoms	new	24.261588350772385
2022-05-26	symptoms	active	671.2274368124636
2022-05-26	presymp	new	19.213944632706557
2022-05-26	presymp	active	514.9792782052166
2022-05-26	positive	new	33.09464530030747
2022-05-26	positive	active	1462.3061630358254
2022-05-26	infectious	new	36.319332120647886
2022-05-26	infectious	active	915.3006030945279
2022-05-26	possymp	new	-10.380887683171473
2022-05-26	possymp	active	276.09944801814555
2022-05-27	infections	start	117.69189292343368
2022-05-27	positive	start	103.29559686294809
2022-05-27	infectious	start	96.12888901467596
2022-05-27	symptoms	start	82.80648731609432
2022-05-27	infectious	end	54.650176282963216
2022-05-27	symptoms	end	51.78891263767685
2022-05-27	positive	end	60.212380209105326
2022-05-27	reported	end	67.6221659371465
2022-05-27	symptoms	new	31.017574678417468
2022-05-27	symptoms	active	702.245011490881
2022-05-27	presymp	new	20.48910954685377
2022-05-27	presymp	active	535.4683877520703
2022-05-27	positive	new	43.08321665384276
2022-05-27	positive	active	1505.3893796896682
2022-05-27	infectious	new	41.47871273171275
2022-05-27	infectious	active	956.7793158262407
2022-05-27	possymp	new	-8.423467571428475
2022-05-27	possymp	active	267.67598044671706
2022-05-28	infections	start	126.51782748375945
2022-05-28	positive	start	110.03295922953197
2022-05-28	infectious	start	103.13019804401627
2022-05-28	symptoms	start	89.71552625579459
2022-05-28	infectious	end	57.89296316485224
2022-05-28	symptoms	end	52.520437739100366
2022-05-28	positive	end	57.94378849111168
2022-05-28	reported	end	38.84677617665863
2022-05-28	symptoms	new	37.19508851669422
2022-05-28	symptoms	active	739.4401000075752
2022-05-28	presymp	new	20.317432973737382
2022-05-28	presymp	active	555.7858207258078
2022-05-28	positive	new	52.089170738420286
2022-05-28	positive	active	1557.4785504280883
2022-05-28	infectious	new	45.23723487916403
2022-05-28	infectious	active	1002.0165507054047
2022-05-28	possymp	new	-5.4233507520113164
2022-05-28	possymp	active	262.2526296947058
2022-05-29	infections	start	137.16829982859616
2022-05-29	positive	start	117.55517073404638
2022-05-29	infectious	start	109.86445439010616
2022-05-29	symptoms	start	97.07378799044666
2022-05-29	infectious	end	60.6392014912688
2022-05-29	symptoms	end	54.54223635805005
2022-05-29	positive	end	56.18167274509253
2022-05-29	reported	end	34.050877883243984
2022-05-29	symptoms	new	42.531551632396614
2022-05-29	symptoms	active	781.9716516399719
2022-05-29	presymp	new	20.481382743599724
2022-05-29	presymp	active	576.2672034694074
2022-05-29	positive	new	61.37349798895386
2022-05-29	positive	active	1618.8520484170422
2022-05-29	infectious	new	49.22525289883736
2022-05-29	infectious	active	1051.241803604242
2022-05-29	possymp	new	-1.6394363870424797
2022-05-29	possymp	active	260.61319330766327
2022-05-30	infections	start	149.120447221099
2022-05-30	positive	start	126.3604651871443
2022-05-30	infectious	start	117.3845764453486
2022-05-30	symptoms	start	104.06440463912462
2022-05-30	infectious	end	62.623687032845076
2022-05-30	symptoms	end	57.42482346487097
2022-05-30	positive	end	54.753594995709385
2022-05-30	reported	end	110.78525057787833
2022-05-30	symptoms	new	46.63958117425365
2022-05-30	symptoms	active	828.6112328142256
2022-05-30	presymp	new	22.296060548019682
2022-05-30	presymp	active	598.5632640174271
2022-05-30	positive	new	71.60687019143492
2022-05-30	positive	active	1690.4589186084772
2022-05-30	infectious	new	54.76088941250352
2022-05-30	infectious	active	1106.0026930167455
2022-05-30	possymp	new	2.6712284691615835
2022-05-30	possymp	active	263.28442177682484
2022-05-31	infections	start	161.34514391943594
2022-05-31	positive	start	136.95696251525743
2022-05-31	infectious	start	126.15901123750828
2022-05-31	symptoms	start	110.7535665055151
2022-05-31	infectious	end	64.8055674251461
2022-05-31	symptoms	end	60.075217509482194
2022-05-31	positive	end	53.46434203445122
2022-05-31	reported	end	98.31591501500024
2022-05-31	symptoms	new	50.6783489960329
2022-05-31	symptoms	active	879.2895818102584
2022-05-31	presymp	new	26.203396009742335
2022-05-31	presymp	active	624.7666600271695
2022-05-31	positive	new	83.49262048080621
2022-05-31	positive	active	1773.9515390892834
2022-05-31	infectious	new	61.35344381236219
2022-05-31	infectious	active	1167.3561368291078
2022-05-31	possymp	new	6.610875475030973
2022-05-31	possymp	active	269.8952972518558
2022-06-01	infections	start	173.6152556996008
2022-06-01	positive	start	148.83082109549827
2022-06-01	infectious	start	136.68459012499522
2022-06-01	symptoms	start	118.07603866162975
2022-06-01	infectious	end	68.21093149182062
2022-06-01	symptoms	end	62.17111558966113
2022-06-01	positive	end	52.993382351248435
2022-06-01	reported	end	106.46894211380514
2022-06-01	symptoms	new	55.904923071968625
2022-06-01	symptoms	active	935.1945048822271
2022-06-01	presymp	new	30.754782433868513
2022-06-01	presymp	active	655.521442461038
2022-06-01	positive	new	95.83743874424982
2022-06-01	positive	active	1869.7889778335332
2022-06-01	infectious	new	68.47365863317461
2022-06-01	infectious	active	1235.8297954622824
2022-06-01	possymp	new	9.177733238412692
2022-06-01	possymp	active	279.07303049026854
2022-06-02	infections	start	185.67597504955745
2022-06-02	positive	start	160.98946184718423
2022-06-02	infectious	start	148.4714327620622
2022-06-02	symptoms	start	126.49577001986262
2022-06-02	infectious	end	73.41481822632177
2022-06-02	symptoms	end	64.59517354113058
2022-06-02	positive	end	54.01135678291424
2022-06-02	reported	end	99.27509467368317
2022-06-02	symptoms	new	61.90059647873204
2022-06-02	symptoms	active	997.0951013609591
2022-06-02	presymp	new	34.49369182732161
2022-06-02	presymp	active	690.0151342883596
2022-06-02	positive	new	106.97810506426998
2022-06-02	positive	active	1976.7670828978032
2022-06-02	infectious	new	75.05661453574042
2022-06-02	infectious	active	1310.8864099980228
2022-06-02	possymp	new	10.583816758216336
2022-06-02	possymp	active	289.6568472484849
2022-06-03	infections	start	197.07759722388437
2022-06-03	positive	start	173.24394901527518
2022-06-03	infectious	start	160.5714504509627
2022-06-03	symptoms	start	136.6321983288801
2022-06-03	infectious	end	79.7951561582131
2022-06-03	symptoms	end	68.05912399680251
2022-06-03	positive	end	56.30126217095045
2022-06-03	reported	end	97.35673535631732
2022-06-03	symptoms	new	68.57307433207758
2022-06-03	symptoms	active	1065.6681756930366
2022-06-03	presymp	new	36.611750686395084
2022-06-03	presymp	active	726.6268849747546
2022-06-03	positive	new	116.94268684432473
2022-06-03	positive	active	2093.7097697421277
2022-06-03	infectious	new	80.77629429274958
2022-06-03	infectious	active	1391.6627042907724
2022-06-03	possymp	new	11.75786182585206
2022-06-03	possymp	active	301.41470907433694
2022-06-04	infections	start	207.78139476147683
2022-06-04	positive	start	185.35247552320183
2022-06-04	infectious	start	172.8266151458079
2022-06-04	symptoms	start	148.1533859608736
2022-06-04	infectious	end	86.13750149625122
2022-06-04	symptoms	end	73.0435586505157
2022-06-04	positive	end	59.67289343221358
2022-06-04	reported	end	83.44863030541484
2022-06-04	symptoms	new	75.1098273103579
2022-06-04	symptoms	active	1140.7780030033946
2022-06-04	presymp	new	37.199089562328226
2022-06-04	presymp	active	763.8259745370829
2022-06-04	positive	new	125.67958209098825
2022-06-04	positive	active	2219.389351833116
2022-06-04	infectious	new	86.68911364955667
2022-06-04	infectious	active	1478.351817940329
2022-06-04	possymp	new	13.370665218302129
2022-06-04	possymp	active	314.78537429263906
2022-06-05	infections	start	218.12342006920125
2022-06-05	positive	start	196.84625300471555
2022-06-05	infectious	start	184.98965127071818
2022-06-05	symptoms	start	160.17193996432923
2022-06-05	infectious	end	91.60026291514981
2022-06-05	symptoms	end	78.99661257199926
2022-06-05	positive	end	63.046173913066816
2022-06-05	reported	end	46.520213446122064
2022-06-05	symptoms	new	81.17532739232996
2022-06-05	symptoms	active	1221.9533303957246
2022-06-05	presymp	new	36.67431304038632
2022-06-05	presymp	active	800.5002875774692
2022-06-05	positive	new	133.80007909164874
2022-06-05	positive	active	2353.189430924765
2022-06-05	infectious	new	93.38938835556837
2022-06-05	infectious	active	1571.7412062958974
2022-06-05	possymp	new	15.950438658932448
2022-06-05	possymp	active	330.7358129515715
2022-06-06	infections	start	228.47045459605778
2022-06-06	positive	start	207.65388385648285
2022-06-06	infectious	start	196.5613742747381
2022-06-06	symptoms	start	172.4383762758729
2022-06-06	infectious	end	96.76112679525986
2022-06-06	symptoms	end	85.03508729650557
2022-06-06	positive	end	65.91301912740863
2022-06-06	reported	end	70.02011508385384
2022-06-06	symptoms	new	87.40328897936735
2022-06-06	symptoms	active	1309.356619375092
2022-06-06	presymp	new	35.21550758060994
2022-06-06	presymp	active	835.7157951580791
2022-06-06	positive	new	141.74086472907422
2022-06-06	positive	active	2494.930295653839
2022-06-06	infectious	new	99.80024747947826
2022-06-06	infectious	active	1671.5414537753757
2022-06-06	possymp	new	19.122068169096934
2022-06-06	possymp	active	349.8578811206684
2022-06-07	infections	start	238.3494563379855
2022-06-07	positive	start	218.08739507012922
2022-06-07	infectious	start	207.44143075422818
2022-06-07	symptoms	start	184.5691741609946
2022-06-07	infectious	end	102.8371499528807
2022-06-07	symptoms	end	90.51053810028635
2022-06-07	positive	end	68.94268457452591
2022-06-07	reported	end	177.4482368563419
2022-06-07	symptoms	new	94.05863606070825
2022-06-07	symptoms	active	1403.4152554358002
2022-06-07	presymp	new	33.51822090913461
2022-06-07	presymp	active	869.2340160672137
2022-06-07	positive	new	149.1447104956033
2022-06-07	positive	active	2644.0750061494423
2022-06-07	infectious	new	104.60428080134749
2022-06-07	infectious	active	1776.1457345767233
2022-06-07	possymp	new	21.56785352576044
2022-06-07	possymp	active	371.4257346464289
2022-06-08	infections	start	246.4531436961992
2022-06-08	positive	start	228.5081360530326
2022-06-08	infectious	start	217.92728890032294
2022-06-08	symptoms	start	195.96785526942273
2022-06-08	infectious	end	110.64988689097179
2022-06-08	symptoms	end	95.80759745312719
2022-06-08	positive	end	72.78756782911495
2022-06-08	reported	end	180.80536566173217
2022-06-08	symptoms	new	100.16025781629554
2022-06-08	symptoms	active	1503.5755132520956
2022-06-08	presymp	new	32.54028078360986
2022-06-08	presymp	active	901.7742968508236
2022-06-08	positive	new	155.72056822391764
2022-06-08	positive	active	2799.79557437336
2022-06-08	infectious	new	107.27740200935115
2022-06-08	infectious	active	1883.4231365860744
2022-06-08	possymp	new	23.02002962401224
2022-06-08	possymp	active	394.44576427044115
2022-06-09	infections	start	251.95926767316752
2022-06-09	positive	start	238.45040767385848
2022-06-09	infectious	start	228.38880230939563
2022-06-09	symptoms	start	206.54761296219826
2022-06-09	infectious	end	120.61118481620663
2022-06-09	symptoms	end	102.13121267002104
2022-06-09	positive	end	78.08367115368011
2022-06-09	reported	end	147.23407760782962
2022-06-09	symptoms	new	104.41640029217722
2022-06-09	symptoms	active	1607.9919135442728
2022-06-09	presymp	new	31.90279471166022
2022-06-09	presymp	active	933.6770915624838
2022-06-09	positive	new	160.36673652017836
2022-06-09	positive	active	2960.1623108935382
2022-06-09	infectious	new	107.777617493189
2022-06-09	infectious	active	1991.2007540792633
2022-06-09	possymp	new	24.047541516340928
2022-06-09	possymp	active	418.49330578678206
2022-06-10	infections	start	257.4950314992898
2022-06-10	positive	start	246.6090977637411
2022-06-10	infectious	start	238.37303905490808
2022-06-10	symptoms	start	216.70256136716048
2022-06-10	infectious	end	131.90209459390894
2022-06-10	symptoms	end	110.03493071076748
2022-06-10	positive	end	84.50237218236542
2022-06-10	reported	end	157.3054640240004
2022-06-10	symptoms	new	106.667630656393
2022-06-10	symptoms	active	1714.6595442006658
2022-06-10	presymp	new	29.906536396580606
2022-06-10	presymp	active	963.5836279590644
2022-06-10	positive	new	162.10672558137566
2022-06-10	positive	active	3122.269036474914
2022-06-10	infectious	new	106.47094446099914
2022-06-10	infectious	active	2097.6716985402622
2022-06-10	possymp	new	25.532558528402063
2022-06-10	possymp	active	444.0258643151841
2022-06-11	infections	start	264.2574108352253
2022-06-11	positive	start	252.15362823882225
2022-06-11	infectious	start	246.57511528308913
2022-06-11	symptoms	start	226.87246464657693
2022-06-11	infectious	end	143.5505869122857
2022-06-11	symptoms	end	119.92318483868556
2022-06-11	positive	end	91.267456535728
2022-06-11	reported	end	95.43837603895146
2022-06-11	symptoms	new	106.94927980789137
2022-06-11	symptoms	active	1821.6088240085573
2022-06-11	presymp	new	25.28116359224532
2022-06-11	presymp	active	988.8647915513097
2022-06-11	positive	new	160.88617170309425
2022-06-11	positive	active	3283.1552081780083
2022-06-11	infectious	new	103.02452837080344
2022-06-11	infectious	active	2200.696226911066
2022-06-11	possymp	new	28.655728302957556
2022-06-11	possymp	active	472.6815926181417
2022-06-12	infections	start	273.25150347857647
2022-06-12	positive	start	257.69964197731605
2022-06-12	infectious	start	252.15672362239732
2022-06-12	symptoms	start	236.6485767402226
2022-06-12	infectious	end	155.26434940969153
2022-06-12	symptoms	end	131.2646856866148
2022-06-12	positive	end	97.62166796705208
2022-06-12	reported	end	83.44863030541484
2022-06-12	symptoms	new	105.38389105360781
2022-06-12	symptoms	active	1926.992715062165
2022-06-12	presymp	new	21.05106523709344
2022-06-12	presymp	active	1009.9158567884032
2022-06-12	positive	new	160.07797401026397
2022-06-12	positive	active	3443.233182188272
2022-06-12	infectious	new	96.89237421270579
2022-06-12	infectious	active	2297.5886011237717
2022-06-12	possymp	new	33.64301771956272
2022-06-12	possymp	active	506.32461033770437
2022-06-13	infections	start	286.28648624089317
2022-06-13	positive	start	264.42756829775703
2022-06-13	infectious	start	257.71741965121515
2022-06-13	symptoms	start	244.75790358026072
2022-06-13	infectious	end	166.60682858395535
2022-06-13	symptoms	end	143.03625544708646
2022-06-13	positive	end	103.76849682915778
2022-06-13	reported	end	267.61112477253727
2022-06-13	symptoms	new	101.72164813317426
2022-06-13	symptoms	active	2028.7143631953393
2022-06-13	presymp	new	19.669664717496318
2022-06-13	presymp	active	1029.5855215058996
2022-06-13	positive	new	160.65907146859925
2022-06-13	positive	active	3603.8922536568716
2022-06-13	infectious	new	91.1105910672598
2022-06-13	infectious	active	2388.6991921910317
2022-06-13	possymp	new	39.26775861792868
2022-06-13	possymp	active	545.5923689556331
2022-06-14	infections	start	301.6916208129174
2022-06-14	positive	start	273.3277045844961
2022-06-14	infectious	start	264.41408281974986
2022-06-14	symptoms	start	250.3234396485636
2022-06-14	infectious	end	177.17222103119926
2022-06-14	symptoms	end	154.8693670760804
2022-06-14	positive	end	110.76174826371084
2022-06-14	reported	end	268.0907146018787
2022-06-14	symptoms	new	95.4540725724832
2022-06-14	symptoms	active	2124.1684357678223
2022-06-14	presymp	new	23.00426493593247
2022-06-14	presymp	active	1052.589786441832
2022-06-14	positive	new	162.56595632078523
2022-06-14	positive	active	3766.4582099776567
2022-06-14	infectious	new	87.24186178855061
2022-06-14	infectious	active	2475.941053979582
2022-06-14	possymp	new	44.107618812369566
2022-06-14	possymp	active	589.6999877680026
2022-06-15	infections	start	317.8203007105698
2022-06-15	positive	start	286.20988629769124
2022-06-15	infectious	start	273.21997357772426
2022-06-15	symptoms	start	255.81886233059578
2022-06-15	infectious	end	187.16772087527968
2022-06-15	symptoms	end	166.4435051060552
2022-06-15	positive	end	119.1056129036297
2022-06-15	reported	end	280.5600501647568
2022-06-15	symptoms	new	89.37535722454058
2022-06-15	symptoms	active	2213.5437929923633
2022-06-15	presymp	new	30.391023967095464
2022-06-15	presymp	active	1082.9808104089275
2022-06-15	positive	new	167.10427339406152
2022-06-15	positive	active	3933.5624833717184
2022-06-15	infectious	new	86.05225270244458
2022-06-15	infectious	active	2561.9933066820267
2022-06-15	possymp	new	47.33789220242549
2022-06-15	possymp	active	637.0378799704281
2022-06-16	infections	start	333.4192632900039
2022-06-16	positive	start	301.4304412601513
2022-06-16	infectious	start	285.9527049701575
2022-06-16	symptoms	start	262.3186486839821
2022-06-16	infectious	end	197.22986799647194
2022-06-16	symptoms	end	177.4234171326174
2022-06-16	positive	end	129.28743816460997
2022-06-16	reported	end	242.6724536467811
2022-06-16	symptoms	new	84.89523155136467
2022-06-16	symptoms	active	2298.4390245437276
2022-06-16	presymp	new	39.11179257616925
2022-06-16	presymp	active	1122.0926029850966
2022-06-16	positive	new	172.14300309554136
2022-06-16	positive	active	4105.70548646726
2022-06-16	infectious	new	88.72283697368559
2022-06-16	infectious	active	2650.716143655712
2022-06-16	possymp	new	48.135978968007436
2022-06-16	possymp	active	685.1738589384356
2022-06-17	infections	start	349.71025323527823
2022-06-17	positive	start	317.39152771676254
2022-06-17	infectious	start	301.01185130092824
2022-06-17	symptoms	start	270.8523041050754
2022-06-17	infectious	end	207.47101074109534
2022-06-17	symptoms	end	187.9008875335837
2022-06-17	positive	end	140.78058470974113
2022-06-17	reported	end	250.825480745586
2022-06-17	symptoms	new	82.9514165714917
2022-06-17	symptoms	active	2381.3904411152193
2022-06-17	presymp	new	46.539223611687135
2022-06-17	presymp	active	1168.6318265967839
2022-06-17	positive	new	176.6109430070214
2022-06-17	positive	active	4282.316429474281
2022-06-17	infectious	new	93.5408405598329
2022-06-17	infectious	active	2744.2569842155453
2022-06-17	possymp	new	47.120302823842565
2022-06-17	possymp	active	732.2941617622781
2022-06-18	infections	start	368.7116027862983
2022-06-18	positive	start	332.87395670888384
2022-06-18	infectious	start	316.85368186609077
2022-06-18	symptoms	start	283.41779207848725
2022-06-18	infectious	end	216.70141031507978
2022-06-18	symptoms	end	198.09987493647384
2022-06-18	positive	end	152.5562698703565
2022-06-18	reported	end	154.4279250479516
2022-06-18	symptoms	new	85.31791714201341
2022-06-18	symptoms	active	2466.7083582572327
2022-06-18	presymp	new	49.456164630396586
2022-06-18	presymp	active	1218.0879912271805
2022-06-18	positive	new	180.31768683852735
2022-06-18	positive	active	4462.634116312808
2022-06-18	infectious	new	100.15227155101098
2022-06-18	infectious	active	2844.4092557665563
2022-06-18	possymp	new	45.54360506611735
2022-06-18	possymp	active	777.8377668283955
2022-06-19	infections	start	392.4331124831729
2022-06-19	positive	start	349.084290437804
2022-06-19	infectious	start	332.2729344487709
2022-06-19	symptoms	start	298.58585255910344
2022-06-19	infectious	end	223.7117263071168
2022-06-19	symptoms	end	208.0295660228084
2022-06-19	positive	end	164.3390727821296
2022-06-19	reported	end	98.7955048443417
2022-06-19	symptoms	new	90.55628653629503
2022-06-19	symptoms	active	2557.264644793528
2022-06-19	presymp	new	50.49843787870054
2022-06-19	presymp	active	1268.586429105881
2022-06-19	positive	new	184.7452176556744
2022-06-19	positive	active	4647.379333968483
2022-06-19	infectious	new	108.5612081416541
2022-06-19	infectious	active	2952.97046390821
2022-06-19	possymp	new	43.69049324067882
2022-06-19	possymp	active	821.5282600690743
2022-06-20	infections	start	419.70504620667265
2022-06-20	positive	start	367.99640688310734
2022-06-20	infectious	start	348.432530140967
2022-06-20	symptoms	start	314.7304573560051
2022-06-20	infectious	end	227.9421666678621
2022-06-20	symptoms	end	216.6570681932162
2022-06-20	positive	end	175.84567255018683
2022-06-20	reported	end	329.95780258692764
2022-06-20	symptoms	new	98.07338916278891
2022-06-20	symptoms	active	2655.338033956317
2022-06-20	presymp	new	53.26594952710224
2022-06-20	presymp	active	1321.8523786329831
2022-06-20	positive	new	192.1507343329205
2022-06-20	positive	active	4839.530068301403
2022-06-20	infectious	new	120.4903634731049
2022-06-20	infectious	active	3073.460827381315
2022-06-20	possymp	new	40.81139564302936
2022-06-20	possymp	active	862.3396557121036
2022-06-21	infections	start	446.9870543494401
2022-06-21	positive	start	391.58288820357757
2022-06-21	infectious	start	367.25909682626383
2022-06-21	symptoms	start	330.43248645373137
2022-06-21	infectious	end	231.15070096093532
2022-06-21	symptoms	end	222.95295605217365
2022-06-21	positive	end	186.62840431068167
2022-06-21	reported	end	320.36600600009837
2022-06-21	symptoms	new	107.47953040155772
2022-06-21	symptoms	active	2762.8175643578747
2022-06-21	presymp	new	61.150401749846196
2022-06-21	presymp	active	1383.0027803828293
2022-06-21	positive	new	204.9544838928959
2022-06-21	positive	active	5044.484552194299
2022-06-21	infectious	new	136.1083958653285
2022-06-21	infectious	active	3209.5692232466436
2022-06-21	possymp	new	36.32455174149197
2022-06-21	possymp	active	898.6642074535956
2022-06-22	infections	start	472.73279704590306
2022-06-22	positive	start	418.6706380871679
2022-06-22	infectious	start	390.6886029263908
2022-06-22	symptoms	start	346.6102279583565
2022-06-22	infectious	end	237.57233566078014
2022-06-22	symptoms	end	227.49505615261796
2022-06-22	positive	end	196.6352194847822
2022-06-22	reported	end	332.83534156297645
2022-06-22	symptoms	new	119.11517180573856
2022-06-22	symptoms	active	2881.9327361636133
2022-06-22	presymp	new	72.06041012881138
2022-06-22	presymp	active	1455.0631905116409
2022-06-22	positive	new	222.0354186023857
2022-06-22	positive	active	5266.519970796685
2022-06-22	infectious	new	153.11626726561065
2022-06-22	infectious	active	3362.685490512254
2022-06-22	possymp	new	30.859836667835765
2022-06-22	possymp	active	929.5240441214314
2022-06-23	infections	start	495.3372561356724
2022-06-23	positive	start	445.7733826671691
2022-06-23	infectious	start	417.55889925859435
2022-06-23	symptoms	start	364.99794733246085
2022-06-23	infectious	end	247.40878986958
2022-06-23	symptoms	end	230.84490445780764
2022-06-23	positive	end	206.17577949665244
2022-06-23	reported	end	304.53954163183005
2022-06-23	symptoms	new	134.1530428746532
2022-06-23	symptoms	active	3016.0857790382665
2022-06-23	presymp	new	80.77543533470822
2022-06-23	presymp	active	1535.838625846349
2022-06-23	positive	new	239.59760317051663
2022-06-23	positive	active	5506.117573967202
2022-06-23	infectious	new	170.15010938901435
2022-06-23	infectious	active	3532.835599901269
2022-06-23	possymp	new	24.669124961155205
2022-06-23	possymp	active	954.1931690825866
2022-06-24	infections	start	513.7491762566235
2022-06-24	positive	start	471.42700133179494
2022-06-24	infectious	start	444.4701485035468
2022-06-24	symptoms	start	387.62681650248464
2022-06-24	infectious	end	259.63047724821996
2022-06-24	symptoms	end	236.79872833456676
2022-06-24	positive	end	215.618539378522
2022-06-24	reported	end	237.87655535336646
2022-06-24	symptoms	new	150.82808816791788
2022-06-24	symptoms	active	3166.913867206184
2022-06-24	presymp	new	83.8001848293103
2022-06-24	presymp	active	1619.6388106756592
2022-06-24	positive	new	255.80846195327294
2022-06-24	positive	active	5761.9260359204745
2022-06-24	infectious	new	184.83967125532683
2022-06-24	infectious	active	3717.6752711565955
2022-06-24	possymp	new	21.18018895604476
2022-06-24	possymp	active	975.3733580386314
2022-06-25	infections	start	528.9229562637786
2022-06-25	positive	start	494.0773722938605
2022-06-25	infectious	start	470.0444447356125
2022-06-25	symptoms	start	413.66334746623824
2022-06-25	infectious	end	274.04561641050583
2022-06-25	symptoms	end	246.28789121691622
2022-06-25	positive	end	224.3978148547244
2022-06-25	reported	end	182.24413514975654
2022-06-25	symptoms	new	167.375456249322
2022-06-25	symptoms	active	3334.2893234555063
2022-06-25	presymp	new	80.41402482762226
2022-06-25	presymp	active	1700.0528355032816
2022-06-25	positive	new	269.6795574391361
2022-06-25	positive	active	6031.605593359611
2022-06-25	infectious	new	195.99882832510667
2022-06-25	infectious	active	3913.6740994817023
2022-06-25	possymp	new	21.89007636219182
2022-06-25	possymp	active	997.2634344008231
2022-06-26	infections	start	542.2317427192485
2022-06-26	positive	start	512.6502030511842
2022-06-26	infectious	start	492.7559845457208
2022-06-26	symptoms	start	440.0212339893371
2022-06-26	infectious	end	288.4469517124486
2022-06-26	symptoms	end	257.621358476384
2022-06-26	positive	end	231.6976966008994
2022-06-26	reported	end	123.73417597009787
2022-06-26	symptoms	new	182.3998755129531
2022-06-26	symptoms	active	3516.689198968459
2022-06-26	presymp	new	72.62896906184716
2022-06-26	presymp	active	1772.6818045651287
2022-06-26	positive	new	280.95250645028483
2022-06-26	positive	active	6312.558099809896
2022-06-26	infectious	new	204.30903283327223
2022-06-26	infectious	active	4117.983132314975
2022-06-26	possymp	new	25.923661875484584
2022-06-26	possymp	active	1023.1870962763078
2022-06-27	infections	start	555.1337301087192
2022-06-27	positive	start	528.0178044189462
2022-06-27	infectious	start	511.4730236113218
2022-06-27	symptoms	start	465.3178165240256
2022-06-27	infectious	end	301.78105042656244
2022-06-27	symptoms	end	270.78047008246784
2022-06-27	positive	end	237.5899521918715
2022-06-27	reported	end	474.3143412187085
2022-06-27	symptoms	new	194.53734644155776
2022-06-27	symptoms	active	3711.226545410017
2022-06-27	presymp	new	62.69998789492058
2022-06-27	presymp	active	1835.3817924600494
2022-06-27	positive	new	290.4278522270747
2022-06-27	positive	active	6602.98595203697
2022-06-27	infectious	new	209.69197318475938
2022-06-27	infectious	active	4327.675105499734
2022-06-27	possymp	new	33.19051789059634
2022-06-27	possymp	active	1056.377614166904
2022-06-28	infections	start	565.348844507061
2022-06-28	positive	start	541.4809289910085
2022-06-28	infectious	start	526.9744351822036
2022-06-28	symptoms	start	487.7275058746036
2022-06-28	infectious	end	315.8792040325764
2022-06-28	symptoms	end	284.36349554570603
2022-06-28	positive	end	242.11751857541398
2022-06-28	reported	end	443.62059214085474
2022-06-28	symptoms	new	203.36401032889756
2022-06-28	symptoms	active	3914.5905557389146
2022-06-28	presymp	new	53.75342311640486
2022-06-28	presymp	active	1889.1352155764541
2022-06-28	positive	new	299.36341041559444
2022-06-28	positive	active	6902.3493624525645
2022-06-28	infectious	new	211.09523114962718
2022-06-28	infectious	active	4538.770336649361
2022-06-28	possymp	new	42.24597697029205
2022-06-28	possymp	active	1098.6235911371962
2022-06-29	infections	start	569.0586665109432
2022-06-29	positive	start	554.4871432809755
2022-06-29	infectious	start	540.509157387559
2022-06-29	symptoms	start	505.7862428981541
2022-06-29	infectious	end	333.95636827209313
2022-06-29	symptoms	end	297.64875822919697
2022-06-29	positive	end	249.07907653958972
2022-06-29	reported	end	486.78367678158656
2022-06-29	symptoms	new	208.13748466895714
2022-06-29	symptoms	active	4122.728040407872
2022-06-29	presymp	new	48.700900382821374
2022-06-29	presymp	active	1937.8361159592755
2022-06-29	positive	new	305.40806674138577
2022-06-29	positive	active	7207.75742919395
2022-06-29	infectious	new	206.55278911546583
2022-06-29	infectious	active	4745.323125764827
2022-06-29	possymp	new	48.56968168960725
2022-06-29	possymp	active	1147.1932728268034
2022-06-30	infections	start	565.5323942059235
2022-06-30	positive	start	564.8071227838985
2022-06-30	infectious	start	553.5543797671896
2022-06-30	symptoms	start	520.2375592737201
2022-06-30	infectious	end	357.99480758284466
2022-06-30	symptoms	end	312.33948234256854
2022-06-30	positive	end	259.39620146346147
2022-06-30	reported	end	469.51844292529387
2022-06-30	symptoms	new	207.89807693115154
2022-06-30	symptoms	active	4330.626117339023
2022-06-30	presymp	new	44.569563510178455
2022-06-30	presymp	active	1982.405679469454
2022-06-30	positive	new	305.41092132043707
2022-06-30	positive	active	7513.168350514387
2022-06-30	infectious	new	195.55957218434497
2022-06-30	infectious	active	4940.882697949171
2022-06-30	possymp	new	52.94328087910708
2022-06-30	possymp	active	1200.1365537059105
2022-07-01	infections	start	554.0693129538753
2022-07-01	positive	start	568.6786538698927
2022-07-01	infectious	start	563.9528813603354
2022-07-01	symptoms	start	532.6108058810879
2022-07-01	infectious	end	385.84609990574785
2022-07-01	symptoms	end	330.68919206105716
2022-07-01	positive	end	271.5937401754522
2022-07-01	reported	end	381.75350415580584
2022-07-01	symptoms	new	201.92161382003076
2022-07-01	symptoms	active	4532.547731159054
2022-07-01	presymp	new	36.06784798880483
2022-07-01	presymp	active	2018.4735274582588
2022-07-01	positive	new	297.08491369444056
2022-07-01	positive	active	7810.253264208828
2022-07-01	infectious	new	178.10678145458752
2022-07-01	infectious	active	5118.989479403759
2022-07-01	possymp	new	59.09545188560497
2022-07-01	possymp	active	1259.2320055915154
2022-07-02	infections	start	538.8429939206154
2022-07-02	positive	start	565.3903571725127
2022-07-02	infectious	start	567.9939195667431
2022-07-02	symptoms	start	544.6747264433171
2022-07-02	infectious	end	413.9551637950763
2022-07-02	symptoms	end	354.38123821173093
2022-07-02	positive	end	286.1609473941067
2022-07-02	reported	end	263.2948163084641
2022-07-02	symptoms	new	190.2934882315862
2022-07-02	symptoms	active	4722.841219390641
2022-07-02	presymp	new	20.715630729195595
2022-07-02	presymp	active	2039.1891581874545
2022-07-02	positive	new	279.229409778406
2022-07-02	positive	active	8089.482673987234
2022-07-02	infectious	new	154.03875577166679
2022-07-02	infectious	active	5273.028235175426
2022-07-02	possymp	new	68.22029081762423
2022-07-02	possymp	active	1327.4522964091398
2022-07-03	infections	start	524.0709129271282
2022-07-03	positive	start	554.2152287768348
2022-07-03	infectious	start	564.9766628154653
2022-07-03	symptoms	start	554.5468736452656
2022-07-03	infectious	end	440.3515207381338
2022-07-03	symptoms	end	382.0539117152811
2022-07-03	positive	end	301.78970556189336
2022-07-03	reported	end	183.20331480843947
2022-07-03	symptoms	new	172.49296192998446
2022-07-03	symptoms	active	4895.334181320624
2022-07-03	presymp	new	-0.33164486843077157
2022-07-03	presymp	active	2038.8575133190236
2022-07-03	positive	new	252.42552321494145
2022-07-03	positive	active	8341.908197202176
2022-07-03	infectious	new	124.62514207733147
2022-07-03	infectious	active	5397.653377252757
2022-07-03	possymp	new	80.26420615338776
2022-07-03	possymp	active	1407.7165025625275
2022-07-04	infections	start	509.1670019017095
2022-07-04	positive	start	539.2620917825582
2022-07-04	infectious	start	554.1279480667497
2022-07-04	symptoms	start	558.6747700814163
2022-07-04	infectious	end	463.0476039411365
2022-07-04	symptoms	end	410.0073573635572
2022-07-04	positive	end	317.25187481728057
2022-07-04	reported	end	708.3541779373433
2022-07-04	symptoms	new	148.66741271785912
2022-07-04	symptoms	active	5044.001594038484
2022-07-04	presymp	new	-19.412678298858168
2022-07-04	presymp	active	2019.4448350201656
2022-07-04	positive	new	222.0102169652776
2022-07-04	positive	active	8563.918414167452
2022-07-04	infectious	new	91.08034412561318
2022-07-04	infectious	active	5488.73372137837
2022-07-04	possymp	new	92.75548254627665
2022-07-04	possymp	active	1500.4719851088041
2022-07-05	infections	start	493.60256091036825
2022-07-05	positive	start	524.6877991766498
2022-07-05	infectious	start	539.4687636603137
2022-07-05	symptoms	start	556.1876688192528
2022-07-05	infectious	end	481.6264102736413
2022-07-05	symptoms	end	436.37157659380506
2022-07-05	positive	end	333.50840113449675
2022-07-05	reported	end	695.4052525451236
2022-07-05	symptoms	new	119.81609222544779
2022-07-05	symptoms	active	5163.817686263932
2022-07-05	presymp	new	-31.499869642603016
2022-07-05	presymp	active	1987.9449653775625
2022-07-05	positive	new	191.17939804215308
2022-07-05	positive	active	8755.097812209606
2022-07-05	infectious	new	57.842353386672414
2022-07-05	infectious	active	5546.576074765043
2022-07-05	possymp	new	102.86317545930831
2022-07-05	possymp	active	1603.3351605681123
2022-07-06	infections	start	475.0475691064121
2022-07-06	positive	start	509.88547935065907
2022-07-06	infectious	start	525.0927641445733
2022-07-06	symptoms	start	545.9702063683789
2022-07-06	infectious	end	497.9898095997394
2022-07-06	symptoms	end	459.69389401566303
2022-07-06	positive	end	352.487365923227
2022-07-06	reported	end	714.1092558894408
2022-07-06	symptoms	new	86.27631235271582
2022-07-06	symptoms	active	5250.093998616648
2022-07-06	presymp	new	-36.084727017719786
2022-07-06	presymp	active	1951.8602383598427
2022-07-06	positive	new	157.39811342743207
2022-07-06	positive	active	8912.495925637038
2022-07-06	infectious	new	27.102954544833892
2022-07-06	infectious	active	5573.679029309877
2022-07-06	possymp	new	107.20652809243603
2022-07-06	possymp	active	1710.5416886605485
2022-07-07	infections	start	452.5027857176042
2022-07-07	positive	start	494.364657902002
2022-07-07	infectious	start	510.3933996711239
2022-07-07	symptoms	start	531.7279186691605
2022-07-07	infectious	end	514.8453007530753
2022-07-07	symptoms	end	479.6438080167156
2022-07-07	positive	end	376.07752969073414
2022-07-07	reported	end	657.517656027148
2022-07-07	symptoms	new	52.08411065244496
2022-07-07	symptoms	active	5302.178109269093
2022-07-07	presymp	new	-37.36326076715852
2022-07-07	presymp	active	1914.496977592684
2022-07-07	positive	new	118.28712821126788
2022-07-07	positive	active	9030.783053848307
2022-07-07	infectious	new	-4.451901081951405
2022-07-07	infectious	active	5569.227128227925
2022-07-07	possymp	new	103.56627832598144
2022-07-07	possymp	active	1814.1079669865298
2022-07-08	infections	start	427.3994362213355
2022-07-08	positive	start	475.86179171801405
2022-07-08	infectious	start	494.9487161734394
2022-07-08	symptoms	start	517.6070106211014
2022-07-08	infectious	end	533.0972462951258
2022-07-08	symptoms	end	497.97710414510897
2022-07-08	positive	end	403.1000448616437
2022-07-08	reported	end	505.9672699552452
2022-07-08	symptoms	new	19.629906475992414
2022-07-08	symptoms	active	5321.808015745085
2022-07-08	presymp	new	-41.745218903087334
2022-07-08	presymp	active	1872.7517586895967
2022-07-08	positive	new	72.76174685637034
2022-07-08	positive	active	9103.544800704676
2022-07-08	infectious	new	-38.14853012168646
2022-07-08	infectious	active	5531.078598106239
2022-07-08	possymp	new	94.87705928346526
2022-07-08	possymp	active	1908.9850262699952
2022-07-09	infections	start	401.06488125693306
2022-07-09	positive	start	453.4189815623409
2022-07-09	infectious	start	476.5658145748379
2022-07-09	symptoms	start	503.3696588871441
2022-07-09	infectious	end	548.782178030479
2022-07-09	symptoms	end	516.1057236882017
2022-07-09	positive	end	430.10731974956985
2022-07-09	reported	end	334.27411105100083
2022-07-09	symptoms	new	-12.73606480105758
2022-07-09	symptoms	active	5309.071950944027
2022-07-09	presymp	new	-49.95067732480322
2022-07-09	presymp	active	1822.8010813647936
2022-07-09	positive	new	23.311661812771035
2022-07-09	positive	active	9126.856462517448
2022-07-09	infectious	new	-72.21636345564116
2022-07-09	infectious	active	5458.862234650598
2022-07-09	possymp	new	85.99840393863184
2022-07-09	possymp	active	1994.983430208627
2022-07-10	infections	start	376.63221567438893
2022-07-10	positive	start	428.45698750320764
2022-07-10	infectious	start	454.3048062115289
2022-07-10	symptoms	start	488.8657584583474
2022-07-10	infectious	end	557.5411691899917
2022-07-10	symptoms	end	534.6749899431012
2022-07-10	positive	end	455.6252530381392
2022-07-10	reported	end	218.2133723503664
2022-07-10	symptoms	new	-45.80923148475381
2022-07-10	symptoms	active	5263.262719459273
2022-07-10	presymp	new	-60.408770955139744
2022-07-10	presymp	active	1762.3923104096539
2022-07-10	positive	new	-27.16826553493155
2022-07-10	positive	active	9099.688196982515
2022-07-10	infectious	new	-103.23636297846281
2022-07-10	infectious	active	5355.625871672135
2022-07-10	possymp	new	79.049736904962
2022-07-10	possymp	active	2074.033167113589
2022-07-11	infections	start	355.0767315663284
2022-07-11	positive	start	402.24823258862494
2022-07-11	infectious	start	429.547158999188
2022-07-11	symptoms	start	471.9518209071568
2022-07-11	infectious	end	557.3547392956873
2022-07-11	symptoms	end	550.4397475266351
2022-07-11	positive	end	478.19457013259233
2022-07-11	reported	end	737.6091575271726
2022-07-11	symptoms	new	-78.48792661947829
2022-07-11	symptoms	active	5184.774792839795
2022-07-11	presymp	new	-69.70358831853184
2022-07-11	presymp	active	1692.688722091122
2022-07-11	positive	new	-75.94633754396739
2022-07-11	positive	active	9023.741859438549
2022-07-11	infectious	new	-127.80758029649928
2022-07-11	infectious	active	5227.8182913756355
2022-07-11	possymp	new	72.24517739404274
2022-07-11	possymp	active	2146.2783445076316
2022-07-12	infections	start	334.50852242818854
2022-07-12	positive	start	377.8783158248855
2022-07-12	infectious	start	403.4854613659928
2022-07-12	symptoms	start	451.35646817609927
2022-07-12	infectious	end	548.9515131228886
2022-07-12	symptoms	end	558.7787874484228
2022-07-12	positive	end	496.9103905288097
2022-07-12	reported	end	723.7010524762701
2022-07-12	symptoms	new	-107.42231927232353
2022-07-12	symptoms	active	5077.352473567472
2022-07-12	presymp	new	-73.4781523512138
2022-07-12	presymp	active	1619.2105697399081
2022-07-12	positive	new	-119.03207470392425
2022-07-12	positive	active	8904.709784734625
2022-07-12	infectious	new	-145.4660517568958
2022-07-12	infectious	active	5082.35223961874
2022-07-12	possymp	new	61.868396919613076
2022-07-12	possymp	active	2208.1467414272447
2022-07-13	infections	start	313.1328909641592
2022-07-13	positive	start	356.3153972356506
2022-07-13	infectious	start	379.16928567847094
2022-07-13	symptoms	start	428.01781868893966
2022-07-13	infectious	end	538.4712588932306
2022-07-13	symptoms	end	559.274375665361
2022-07-13	positive	end	512.751316223945
2022-07-13	reported	end	669.5074017606846
2022-07-13	symptoms	new	-131.2565569764214
2022-07-13	symptoms	active	4946.09591659105
2022-07-13	presymp	new	-71.70242145328905
2022-07-13	presymp	active	1547.5081482866192
2022-07-13	positive	new	-156.43591898829436
2022-07-13	positive	active	8748.27386574633
2022-07-13	infectious	new	-159.30197321475964
2022-07-13	infectious	active	4923.0502664039805
2022-07-13	possymp	new	46.52305944141608
2022-07-13	possymp	active	2254.669800868661
2022-07-14	infections	start	290.01146346090053
2022-07-14	positive	start	335.6908523086058
2022-07-14	infectious	start	357.5870105335312
2022-07-14	symptoms	start	402.9764151504389
2022-07-14	infectious	end	529.6602439108241
2022-07-14	symptoms	end	552.29025885883
2022-07-14	positive	end	527.0203536311051
2022-07-14	reported	end	564.9568189642453
2022-07-14	symptoms	new	-149.31384370839112
2022-07-14	symptoms	active	4796.782072882659
2022-07-14	presymp	new	-67.2855628418331
2022-07-14	presymp	active	1480.222585444786
2022-07-14	positive	new	-191.32950132249925
2022-07-14	positive	active	8556.94436442383
2022-07-14	infectious	new	-172.07323337729287
2022-07-14	infectious	active	4750.977033026687
2022-07-14	possymp	new	25.269905227724962
2022-07-14	possymp	active	2279.9397060963856
2022-07-15	infections	start	266.63386128844127
2022-07-15	positive	start	314.241626615063
2022-07-15	infectious	start	336.90590618198104
2022-07-15	symptoms	start	379.3791893038289
2022-07-15	infectious	end	521.7619769212297
2022-07-15	symptoms	end	542.5757318977804
2022-07-15	positive	end	541.072860642116
2022-07-15	reported	end	451.2940294103182
2022-07-15	symptoms	new	-163.1965425939515
2022-07-15	symptoms	active	4633.585530288708
2022-07-15	presymp	new	-65.13756268876591
2022-07-15	presymp	active	1415.0850227560202
2022-07-15	positive	new	-226.83123402705297
2022-07-15	positive	active	8330.113130396778
2022-07-15	infectious	new	-184.85607073924865
2022-07-15	infectious	active	4566.1209622874385
2022-07-15	possymp	new	1.502871255664445
2022-07-15	possymp	active	2281.44257735205
2022-07-16	infections	start	244.83005968872664
2022-07-16	positive	start	291.0474649998679
2022-07-16	infectious	start	315.40063818162963
2022-07-16	symptoms	start	358.4568991621644
2022-07-16	infectious	end	512.7744069993404
2022-07-16	symptoms	end	534.3211199300999
2022-07-16	positive	end	552.6620025664694
2022-07-16	reported	end	250.825480745586
2022-07-16	symptoms	new	-175.86422076793554
2022-07-16	symptoms	active	4457.721309520772
2022-07-16	presymp	new	-67.40943416229652
2022-07-16	presymp	active	1347.6755885937237
2022-07-16	positive	new	-261.6145375666015
2022-07-16	positive	active	8068.498592830176
2022-07-16	infectious	new	-197.37376881771075
2022-07-16	infectious	active	4368.747193469728
2022-07-16	possymp	new	-18.34088263636943
2022-07-16	possymp	active	2263.101694715681
2022-07-17	infections	start	226.36227655839983
2022-07-17	positive	start	267.59246301989106
2022-07-17	infectious	start	292.15777417788803
2022-07-17	symptoms	start	338.5623941008668
2022-07-17	infectious	end	499.1329118152284
2022-07-17	symptoms	end	526.1321819870548
2022-07-17	positive	end	558.0919772899898
2022-07-17	reported	end	201.42772832341512
2022-07-17	symptoms	new	-187.56978788618795
2022-07-17	symptoms	active	4270.151521634584
2022-07-17	presymp	new	-70.96993108097575
2022-07-17	presymp	active	1276.7056575127478
2022-07-17	positive	new	-290.49951427009876
2022-07-17	positive	active	7777.999078560078
2022-07-17	infectious	new	-206.97513763734037
2022-07-17	infectious	active	4161.772055832388
2022-07-17	possymp	new	-31.95979530293505
2022-07-17	possymp	active	2231.1418994127457
2022-07-18	infections	start	212.60741923089253
2022-07-18	positive	start	245.68327054684787
2022-07-18	infectious	start	268.64062497121694
2022-07-18	symptoms	start	317.9498284892807
2022-07-18	infectious	end	479.8909117063804
2022-07-18	symptoms	end	516.4750252669354
2022-07-18	positive	end	556.714829691305
2022-07-18	reported	end	636.4157035361235
2022-07-18	symptoms	new	-198.52519677765468
2022-07-18	symptoms	active	4071.6263248569294
2022-07-18	presymp	new	-72.26655794243285
2022-07-18	presymp	active	1204.439099570315
2022-07-18	positive	new	-311.0315591444571
2022-07-18	positive	active	7466.967519415621
2022-07-18	infectious	new	-211.25028673516346
2022-07-18	infectious	active	3950.5217690972245
2022-07-18	possymp	new	-40.239804424369595
2022-07-18	possymp	active	2190.902094988376
2022-07-19	infections	start	202.66196999349683
2022-07-19	positive	start	227.0634193859626
2022-07-19	infectious	start	246.62506047456264
2022-07-19	symptoms	start	295.5160507067112
2022-07-19	infectious	end	456.5527702966107
2022-07-19	symptoms	end	502.3290334329855
2022-07-19	positive	end	547.8643657186177
2022-07-19	reported	end	533.7834800570502
2022-07-19	symptoms	new	-206.8129827262743
2022-07-19	symptoms	active	3864.813342130655
2022-07-19	presymp	new	-68.45263132074862
2022-07-19	presymp	active	1135.9864682495663
2022-07-19	positive	new	-320.80094633265514
2022-07-19	positive	active	7146.166573082965
2022-07-19	infectious	new	-209.92770982204803
2022-07-19	infectious	active	3740.5940592751763
2022-07-19	possymp	new	-45.535332285632194
2022-07-19	possymp	active	2145.366762702744
2022-07-20	infections	start	194.874970597605
2022-07-20	positive	start	213.11409956235377
2022-07-20	infectious	start	227.83762772615856
2022-07-20	symptoms	start	272.4831265305117
2022-07-20	infectious	end	432.13149749010813
2022-07-20	symptoms	end	482.6813647490386
2022-07-20	positive	end	535.5826629129929
2022-07-20	reported	end	480.06941917080604
2022-07-20	symptoms	new	-210.1982382185269
2022-07-20	symptoms	active	3654.6151039121282
2022-07-20	presymp	new	-59.369026968157925
2022-07-20	presymp	active	1076.6174412814084
2022-07-20	positive	new	-322.4685633506391
2022-07-20	positive	active	6823.698009732326
2022-07-20	infectious	new	-204.29386976394957
2022-07-20	infectious	active	3536.3001895112266
2022-07-20	possymp	new	-52.901298163954266
2022-07-20	possymp	active	2092.4654645387895
2022-07-21	infections	start	187.60452004959936
2022-07-21	positive	start	202.9582873403029
2022-07-21	infectious	start	213.68054586701004
2022-07-21	symptoms	start	250.5520718585357
2022-07-21	infectious	end	410.70031457963773
2022-07-21	symptoms	end	459.9068356785573
2022-07-21	positive	end	523.9149154564238
2022-07-21	reported	end	395.1820193773668
2022-07-21	symptoms	new	-209.3547638200216
2022-07-21	symptoms	active	3445.2603400921066
2022-07-21	presymp	new	-47.59378451823281
2022-07-21	presymp	active	1029.0236567631757
2022-07-21	positive	new	-320.95662811612095
2022-07-21	positive	active	6502.741381616205
2022-07-21	infectious	new	-197.0197687126277
2022-07-21	infectious	active	3339.280420798599
2022-07-21	possymp	new	-64.00807977786656
2022-07-21	possymp	active	2028.457384760923
2022-07-22	infections	start	180.24044685185572
2022-07-22	positive	start	194.98433922330858
2022-07-22	infectious	start	203.3178037534751
2022-07-22	symptoms	start	231.62389860766922
2022-07-22	infectious	end	392.3099900963901
2022-07-22	symptoms	end	436.1219882017937
2022-07-22	positive	end	512.125275458092
2022-07-22	reported	end	327.5598534402203
2022-07-22	symptoms	new	-204.4980895941245
2022-07-22	symptoms	active	3240.762250497982
2022-07-22	presymp	new	-36.63955938436064
2022-07-22	presymp	active	992.384097378815
2022-07-22	positive	new	-317.14093623478345
2022-07-22	positive	active	6185.600445381422
2022-07-22	infectious	new	-188.992186342915
2022-07-22	infectious	active	3150.2882344556842
2022-07-22	possymp	new	-76.00328725629828
2022-07-22	possymp	active	1952.454097504625
2022-07-23	infections	start	174.0714276569321
2022-07-23	positive	start	187.5815545013071
2022-07-23	infectious	start	195.17803464408763
2022-07-23	symptoms	start	217.367261932862
2022-07-23	infectious	end	373.7276955092222
2022-07-23	symptoms	end	414.49416911059444
2022-07-23	positive	end	499.5636188819369
2022-07-23	reported	end	176.48905719765898
2022-07-23	symptoms	new	-197.12690717773245
2022-07-23	symptoms	active	3043.63534332025
2022-07-23	presymp	new	-29.785707431554897
2022-07-23	presymp	active	962.5983899472601
2022-07-23	positive	new	-311.9820643806298
2022-07-23	positive	active	5873.6183810007915
2022-07-23	infectious	new	-178.54966086513457
2022-07-23	infectious	active	2971.7385735905495
2022-07-23	possymp	new	-85.06944977134248
2022-07-23	possymp	active	1867.3846477332825
2022-07-24	infections	start	170.28460785026812
2022-07-24	positive	start	180.14531171554802
2022-07-24	infectious	start	187.6711047982059
2022-07-24	symptoms	start	207.11589116493457
2022-07-24	infectious	end	352.99367955379984
2022-07-24	symptoms	end	395.4047822305349
2022-07-24	positive	end	483.8076774219099
2022-07-24	reported	end	134.28515221561008
2022-07-24	symptoms	new	-188.28889106560035
2022-07-24	symptoms	active	2855.346452254649
2022-07-24	presymp	new	-26.97057944938655
2022-07-24	presymp	active	935.6278104978736
2022-07-24	positive	new	-303.66236570636187
2022-07-24	positive	active	5569.95601529443
2022-07-24	infectious	new	-165.32257475559393
2022-07-24	infectious	active	2806.4159988349556
2022-07-24	possymp	new	-88.40289519137497
2022-07-24	possymp	active	1778.9817525419076
2022-07-25	infections	start	170.1088046088878
2022-07-25	positive	start	173.9428428544063
2022-07-25	infectious	start	180.18178847780564
2022-07-25	symptoms	start	199.29776124409892
2022-07-25	infectious	end	329.67292559916
2022-07-25	symptoms	end	376.0989750962984
2022-07-25	positive	end	463.78302812758824
2022-07-25	reported	end	389.42694142526926
2022-07-25	symptoms	new	-176.80121385219945
2022-07-25	symptoms	active	2678.5452384024497
2022-07-25	presymp	new	-25.354918389692614
2022-07-25	presymp	active	910.2728921081809
2022-07-25	positive	new	-289.84018527318193
2022-07-25	positive	active	5280.115830021248
2022-07-25	infectious	new	-149.49113712135437
2022-07-25	infectious	active	2656.9248617136013
2022-07-25	possymp	new	-87.68405303128986
2022-07-25	possymp	active	1691.2976995106176
2022-07-26	infections	start	171.51642519716714
2022-07-26	positive	start	170.13098400119745
2022-07-26	infectious	start	173.9471319363495
2022-07-26	symptoms	start	192.1760518535595
2022-07-26	infectious	end	303.29136422832164
2022-07-26	symptoms	end	353.87915327787005
2022-07-26	positive	end	440.8837126961504
2022-07-26	reported	end	348.1822161019033
2022-07-26	symptoms	new	-161.70310142431055
2022-07-26	symptoms	active	2516.8421369781395
2022-07-26	presymp	new	-22.045067852362052
2022-07-26	presymp	active	888.2278242558189
2022-07-26	positive	new	-270.7527286949529
2022-07-26	positive	active	5009.363101326295
2022-07-26	infectious	new	-129.34423229197213
2022-07-26	infectious	active	2527.580629421629
2022-07-26	possymp	new	-87.00455941828034
2022-07-26	possymp	active	1604.2931400923374
2022-07-27	infections	start	171.50957301556812
2022-07-27	positive	start	169.91875558087872
2022-07-27	infectious	start	170.0924797162012
2022-07-27	symptoms	start	184.9312194324557
2022-07-27	infectious	end	277.05653203957934
2022-07-27	symptoms	end	329.19073543751074
2022-07-27	positive	end	416.37294299541054
2022-07-27	reported	end	288.23348743422025
2022-07-27	symptoms	new	-144.25951600505505
2022-07-27	symptoms	active	2372.5826209730844
2022-07-27	presymp	new	-15.012463851576967
2022-07-27	presymp	active	873.2153604042419
2022-07-27	positive	new	-246.45418741453182
2022-07-27	positive	active	4762.908913911763
2022-07-27	infectious	new	-106.96405232337813
2022-07-27	infectious	active	2420.616577098251
2022-07-27	possymp	new	-87.1822075578998
2022-07-27	possymp	active	1517.1109325344376
2022-07-28	infections	start	169.91459862974133
2022-07-28	positive	start	171.285990147574
2022-07-28	infectious	start	169.8150661919243
2022-07-28	symptoms	start	178.68056734864075
2022-07-28	infectious	end	255.42852570661034
2022-07-28	symptoms	end	302.6456764799126
2022-07-28	positive	end	393.36652005348475
2022-07-28	reported	end	225.40721979048837
2022-07-28	symptoms	new	-123.96510913127184
2022-07-28	symptoms	active	2248.6175118418123
2022-07-28	presymp	new	-7.394577201066738
2022-07-28	presymp	active	865.8207832031752
2022-07-28	positive	new	-222.08052990591074
2022-07-28	positive	active	4540.828384005853
2022-07-28	infectious	new	-85.61345951468604
2022-07-28	infectious	active	2335.0031175835647
2022-07-28	possymp	new	-90.72084357357215
2022-07-28	possymp	active	1426.3900889608653
2022-07-29	infections	start	166.55560293855774
2022-07-29	positive	start	171.26576865195992
2022-07-29	infectious	start	171.1154400884172
2022-07-29	symptoms	start	174.5922134709645
2022-07-29	infectious	end	239.318742658476
2022-07-29	symptoms	end	276.3944015433694
2022-07-29	positive	end	372.7832735020287
2022-07-29	reported	end	188.95839276053707
2022-07-29	symptoms	new	-101.80218807240487
2022-07-29	symptoms	active	2146.8153237694078
2022-07-29	presymp	new	-3.3264448190045925
2022-07-29	presymp	active	862.4943383841706
2022-07-29	positive	new	-201.51750485006878
2022-07-29	positive	active	4339.310879155783
2022-07-29	infectious	new	-68.20330257005881
2022-07-29	infectious	active	2266.799815013506
2022-07-29	possymp	new	-96.38887195865931
2022-07-29	possymp	active	1330.001217002206
2022-07-30	infections	start	162.70842357539345
2022-07-30	positive	start	169.71039285599142
2022-07-30	infectious	start	171.06634747172203
2022-07-30	symptoms	start	174.04607246542233
2022-07-30	infectious	end	227.56087877584878
2022-07-30	symptoms	end	254.6981235107904
2022-07-30	positive	end	352.61484200209253
2022-07-30	reported	end	141.47899965573205
2022-07-30	symptoms	new	-80.65205104536807
2022-07-30	symptoms	active	2066.1632727240394
2022-07-30	presymp	new	-4.335679609430912
2022-07-30	presymp	active	858.1586587747397
2022-07-30	positive	new	-182.90444914610111
2022-07-30	positive	active	4156.4064300096825
2022-07-30	infectious	new	-56.49453130412675
2022-07-30	infectious	active	2210.305283709379
2022-07-30	possymp	new	-97.91671849130213
2022-07-30	possymp	active	1232.0844985109038
2022-07-31	infections	start	159.40672720130735
2022-07-31	positive	start	166.4425036532582
2022-07-31	infectious	start	169.54487351491886
2022-07-31	symptoms	start	175.1825109546239
2022-07-31	infectious	end	218.17963574613702
2022-07-31	symptoms	end	238.26645677065525
2022-07-31	positive	end	331.0465252459978
2022-07-31	reported	end	91.60165740421974
2022-07-31	symptoms	new	-63.08394581603136
2022-07-31	symptoms	active	2003.0793269080082
2022-07-31	presymp	new	-8.740007301365694
2022-07-31	presymp	active	849.418651473374
2022-07-31	positive	new	-164.60402159273963
2022-07-31	positive	active	3991.802408416943
2022-07-31	infectious	new	-48.63476223121816
2022-07-31	infectious	active	2161.670521478161
2022-07-31	possymp	new	-92.78006847534257
2022-07-31	possymp	active	1139.3044300355614
2022-08-01	infections	start	156.12143351121605
2022-08-01	positive	start	162.70296830916084
2022-08-01	infectious	start	166.3590871401987
2022-08-01	symptoms	start	175.10731356609946
2022-08-01	infectious	end	209.84322902834333
2022-08-01	symptoms	end	226.22307228023124
2022-08-01	positive	end	308.6249504324809
2022-08-01	reported	end	109.82607091919539
2022-08-01	symptoms	new	-51.11575871413177
2022-08-01	symptoms	active	1951.9635681938764
2022-08-01	presymp	new	-12.404345256938626
2022-08-01	presymp	active	837.0143062164353
2022-08-01	positive	new	-145.92198212332005
2022-08-01	positive	active	3845.880426293623
2022-08-01	infectious	new	-43.48414188814462
2022-08-01	infectious	active	2118.1863795900167
2022-08-01	possymp	new	-82.40187815224965
2022-08-01	possymp	active	1056.9025518833116
2022-08-02	infections	start	152.35857898807146
2022-08-02	positive	start	159.48286410111618
2022-08-02	infectious	start	162.70195949225345
2022-08-02	symptoms	start	173.59909803396098
2022-08-02	infectious	end	201.58781940266655
2022-08-02	symptoms	end	216.44620518231818
2022-08-02	positive	end	285.1118993163258
2022-08-02	reported	end	285.8355382875129
2022-08-02	symptoms	new	-42.847107148357196
2022-08-02	symptoms	active	1909.1164610455191
2022-08-02	presymp	new	-14.116233932844807
2022-08-02	presymp	active	822.8980722835905
2022-08-02	positive	new	-125.6290352152096
2022-08-02	positive	active	3720.2513910784132
2022-08-02	infectious	new	-38.8858599104131
2022-08-02	infectious	active	2079.3005196796034
2022-08-02	possymp	new	-68.6656941340076
2022-08-02	possymp	active	988.236857749304
2022-08-03	infections	start	147.60909561472664
2022-08-03	positive	start	156.23044607256688
2022-08-03	infectious	start	159.52290205060737
2022-08-03	symptoms	start	170.25140662699224
2022-08-03	infectious	end	193.93408349371796
2022-08-03	symptoms	end	207.88281139132005
2022-08-03	positive	end	261.6784049693001
2022-08-03	reported	end	244.59081296414695
2022-08-03	symptoms	new	-37.63140476432781
2022-08-03	symptoms	active	1871.4850562811914
2022-08-03	presymp	new	-14.020960554425358
2022-08-03	presymp	active	808.8771117291652
2022-08-03	positive	new	-105.44795889673324
2022-08-03	positive	active	3614.8034321816804
2022-08-03	infectious	new	-34.41118144311059
2022-08-03	infectious	active	2044.889338236493
2022-08-03	possymp	new	-53.79559357798007
2022-08-03	possymp	active	934.441264171324
2022-08-04	infections	start	142.1367480463882
2022-08-04	positive	start	152.46305448312472
2022-08-04	infectious	start	156.26258249435122
2022-08-04	symptoms	start	166.14332764420843
2022-08-04	infectious	end	188.31749061138802
2022-08-04	symptoms	end	199.88045840463045
2022-08-04	positive	end	242.0104438051277
2022-08-04	reported	end	192.3155215659273
2022-08-04	symptoms	new	-33.73713076042202
2022-08-04	symptoms	active	1837.7479255207693
2022-08-04	presymp	new	-13.680273161083704
2022-08-04	presymp	active	795.1968385680815
2022-08-04	positive	new	-89.54738932200297
2022-08-04	positive	active	3525.256042859677
2022-08-04	infectious	new	-32.0549081170368
2022-08-04	infectious	active	2012.834430119456
2022-08-04	possymp	new	-42.12998540049725
2022-08-04	possymp	active	892.3112787708268
2022-08-05	infections	start	136.62401697326524
2022-08-05	positive	start	147.7024055353406
2022-08-05	infectious	start	152.47185418962852
2022-08-05	symptoms	start	162.34584294425053
2022-08-05	infectious	end	186.07328674277798
2022-08-05	symptoms	end	192.8851412219432
2022-08-05	positive	end	226.94910653470322
2022-08-05	reported	end	185.6012639551468
2022-08-05	symptoms	new	-30.539298277692666
2022-08-05	symptoms	active	1807.2086272430768
2022-08-05	presymp	new	-14.643437408909932
2022-08-05	presymp	active	780.5534011591716
2022-08-05	positive	new	-79.24670099936262
2022-08-05	positive	active	3446.0093418603146
2022-08-05	infectious	new	-33.601432553149465
2022-08-05	infectious	active	1979.2329975663065
2022-08-05	possymp	new	-34.06396531276002
2022-08-05	possymp	active	858.2473134580667
2022-08-06	infections	start	131.72688175507986
2022-08-06	positive	start	142.23037507434643
2022-08-06	infectious	start	147.70539437221967
2022-08-06	symptoms	start	158.52795473796226
2022-08-06	infectious	end	186.9313367739395
2022-08-06	symptoms	end	188.22742323959667
2022-08-06	positive	end	215.98407646514292
2022-08-06	reported	end	127.57089460482959
2022-08-06	symptoms	new	-29.699468501634414
2022-08-06	symptoms	active	1777.5091587414422
2022-08-06	presymp	new	-16.297579663615835
2022-08-06	presymp	active	764.2558214955558
2022-08-06	positive	new	-73.7537013907965
2022-08-06	positive	active	3372.2556404695183
2022-08-06	infectious	new	-39.225942401719834
2022-08-06	infectious	active	1940.0070551645867
2022-08-06	possymp	new	-27.756653225546245
2022-08-06	possymp	active	830.4906602325204
2022-08-07	infections	start	127.98651839956321
2022-08-07	positive	start	136.72577369213047
2022-08-07	infectious	start	142.2484732720414
2022-08-07	symptoms	start	154.36719507527013
2022-08-07	infectious	end	187.34396712325565
2022-08-07	symptoms	end	186.19339752318493
2022-08-07	positive	end	207.45204207549867
2022-08-07	reported	end	95.43837603895146
2022-08-07	symptoms	new	-31.826202447914795
2022-08-07	symptoms	active	1745.6829562935275
2022-08-07	presymp	new	-17.641421383139658
2022-08-07	presymp	active	746.6144001124161
2022-08-07	positive	new	-70.7262683833682
2022-08-07	positive	active	3301.52937208615
2022-08-07	infectious	new	-45.09549385121426
2022-08-07	infectious	active	1894.9115613133724
2022-08-07	possymp	new	-21.25864455231374
2022-08-07	possymp	active	809.2320156802067
2022-08-08	infections	start	125.17385126876023
2022-08-08	positive	start	131.8301302854356
2022-08-08	infectious	start	136.765693734164
2022-08-08	symptoms	start	149.41322452455964
2022-08-08	infectious	end	184.9704967691556
2022-08-08	symptoms	end	186.71789899780075
2022-08-08	positive	end	200.48801459130817
2022-08-08	reported	end	257.06014852702504
2022-08-08	symptoms	new	-37.30467447324111
2022-08-08	symptoms	active	1708.3782818202862
2022-08-08	presymp	new	-17.58309423912405
2022-08-08	presymp	active	729.031305873292
2022-08-08	positive	new	-68.65788430587259
2022-08-08	positive	active	3232.871487780277
2022-08-08	infectious	new	-48.20480303499161
2022-08-08	infectious	active	1846.706758278381
2022-08-08	possymp	new	-13.770115593507427
2022-08-08	possymp	active	795.4619000866993
2022-08-09	infections	start	122.77471300528421
2022-08-09	positive	start	128.07406322274701
2022-08-09	infectious	start	131.87701537258164
2022-08-09	symptoms	start	143.84505545276548
2022-08-09	infectious	end	180.14018996914268
2022-08-09	symptoms	end	187.07184562283604
2022-08-09	positive	end	194.21378245423838
2022-08-09	reported	end	231.16229774258593
2022-08-09	symptoms	new	-43.22679017007056
2022-08-09	symptoms	active	1665.1514916502158
2022-08-09	presymp	new	-15.770992230018464
2022-08-09	presymp	active	713.2603136432735
2022-08-09	positive	new	-66.13971923149137
2022-08-09	positive	active	3166.731768548786
2022-08-09	infectious	new	-48.26317459656104
2022-08-09	infectious	active	1798.4435836818197
2022-08-09	possymp	new	-7.141936831402347
2022-08-09	possymp	active	788.319963255297
2022-08-10	infections	start	120.27269803396393
2022-08-10	positive	start	125.23257997434968
2022-08-10	infectious	start	128.10663279585802
2022-08-10	symptoms	start	138.2204169785758
2022-08-10	infectious	end	174.1670320330552
2022-08-10	symptoms	end	184.70267024754133
2022-08-10	positive	end	188.5084037043291
2022-08-10	reported	end	191.35634190724437
2022-08-10	symptoms	new	-46.482253268965536
2022-08-10	symptoms	active	1618.6692383812504
2022-08-10	presymp	new	-12.987837004226122
2022-08-10	presymp	active	700.2724766390475
2022-08-10	positive	new	-63.275823729979436
2022-08-10	positive	active	3103.4559448188065
2022-08-10	infectious	new	-46.060399237197174
2022-08-10	infectious	active	1752.3831844446227
2022-08-10	possymp	new	-3.8057334567877774
2022-08-10	possymp	active	784.5142297985092
2022-08-11	infections	start	117.47999049251173
2022-08-11	positive	start	122.8061188394956
2022-08-11	infectious	start	125.24197144780477
2022-08-11	symptoms	start	133.15615231051004
2022-08-11	infectious	end	169.50667465560701
2022-08-11	symptoms	end	180.4272011031627
2022-08-11	positive	end	184.19040155276818
2022-08-11	reported	end	164.49931146412237
2022-08-11	symptoms	new	-47.271048792652664
2022-08-11	symptoms	active	1571.3981895885977
2022-08-11	presymp	new	-10.350033471014441
2022-08-11	presymp	active	689.922443168033
2022-08-11	positive	new	-61.38428271327258
2022-08-11	positive	active	3042.071662105534
2022-08-11	infectious	new	-44.26470320780224
2022-08-11	infectious	active	1708.1184812368203
2022-08-11	possymp	new	-3.7632004496054776
2022-08-11	possymp	active	780.7510293489037
2022-08-12	infections	start	114.6012293143628
2022-08-12	positive	start	120.29169197046814
2022-08-12	infectious	start	122.80033375352983
2022-08-12	symptoms	start	129.23983538552326
2022-08-12	infectious	end	166.48468463123913
2022-08-12	symptoms	end	175.06536040164303
2022-08-12	positive	end	181.7497571324439
2022-08-12	reported	end	154.4279250479516
2022-08-12	symptoms	new	-45.82552501611977
2022-08-12	symptoms	active	1525.5726645724778
2022-08-12	presymp	new	-8.948143415055128
2022-08-12	presymp	active	680.9742997529779
2022-08-12	positive	new	-61.45806516197577
2022-08-12	positive	active	2980.613596943558
2022-08-12	infectious	new	-43.684350877709306
2022-08-12	infectious	active	1664.4341303591111
2022-08-12	possymp	new	-6.68439673080087
2022-08-12	possymp	active	774.0666326181029
2022-08-13	infections	start	111.6939055121916
2022-08-13	positive	start	117.50467099130276
2022-08-13	infectious	start	120.28974982109784
2022-08-13	symptoms	start	126.32208798896838
2022-08-13	infectious	end	163.34310561323895
2022-08-13	symptoms	end	170.4638911002679
2022-08-13	positive	end	181.7343565936252
2022-08-13	reported	end	81.53027098804898
2022-08-13	symptoms	new	-44.14180311129951
2022-08-13	symptoms	active	1481.4308614611782
2022-08-13	presymp	new	-8.817416997665617
2022-08-13	presymp	active	672.1568827553123
2022-08-13	positive	new	-64.22968560232243
2022-08-13	positive	active	2916.383911341236
2022-08-13	infectious	new	-43.053355792141105
2022-08-13	infectious	active	1621.3807745669699
2022-08-13	possymp	new	-11.270465493357307
2022-08-13	possymp	active	762.7961671247456
2022-08-14	infections	start	109.3095770417885
2022-08-14	positive	start	114.64092750460938
2022-08-14	infectious	start	117.52239784105477
2022-08-14	symptoms	start	123.93472557542933
2022-08-14	infectious	end	158.48245736013453
2022-08-14	symptoms	end	167.10118938341537
2022-08-14	positive	end	181.91122138902858
2022-08-14	reported	end	52.27529139821964
2022-08-14	symptoms	new	-43.16646380798605
2022-08-14	symptoms	active	1438.2643976531922
2022-08-14	presymp	new	-9.293798070819946
2022-08-14	presymp	active	662.8630846844923
2022-08-14	positive	new	-67.2702938844192
2022-08-14	positive	active	2849.1136174568164
2022-08-14	infectious	new	-40.96005951907976
2022-08-14	infectious	active	1580.4207150478903
2022-08-14	possymp	new	-14.810032005613209
2022-08-14	possymp	active	747.9861351191323
2022-08-15	infections	start	108.1218950739318
2022-08-15	positive	start	111.74419254215566
2022-08-15	infectious	start	114.68055780294178
2022-08-15	symptoms	start	121.53820407785813
2022-08-15	infectious	end	151.69529303664103
2022-08-15	symptoms	end	163.43520179085723
2022-08-15	positive	end	179.8827091492688
2022-08-15	reported	end	184.1624944671224
2022-08-15	symptoms	new	-41.89699771299911
2022-08-15	symptoms	active	1396.367399940193
2022-08-15	presymp	new	-9.794011535702467
2022-08-15	presymp	active	653.0690731487898
2022-08-15	positive	new	-68.13851660711315
2022-08-15	positive	active	2780.9751008497033
2022-08-15	infectious	new	-37.014735233699255
2022-08-15	infectious	active	1543.405979814191
2022-08-15	possymp	new	-16.44750735841157
2022-08-15	possymp	active	731.5386277607207
2022-08-16	infections	start	107.37288611748545
2022-08-16	positive	start	109.35658353599642
2022-08-16	infectious	start	111.79328038812352
2022-08-16	symptoms	start	118.86538764056979
2022-08-16	infectious	end	144.3929257854118
2022-08-16	symptoms	end	158.29786120162402
2022-08-16	positive	end	176.0087128791292
2022-08-16	reported	end	166.89726061082968
2022-08-16	symptoms	new	-39.43247356105422
2022-08-16	symptoms	active	1356.934926379139
2022-08-16	presymp	new	-9.508804104573372
2022-08-16	presymp	active	643.5602690442165
2022-08-16	positive	new	-66.65212934313278
2022-08-16	positive	active	2714.3229715065704
2022-08-16	infectious	new	-32.59964539728827
2022-08-16	infectious	active	1510.8063344169027
2022-08-16	possymp	new	-17.71085167750519
2022-08-16	possymp	active	713.8277760832156
2022-08-17	infections	start	106.17820231495512
2022-08-17	positive	start	108.15236587186124
2022-08-17	infectious	start	109.39630572847216
2022-08-17	symptoms	start	116.03273708491375
2022-08-17	infectious	end	138.27211096080444
2022-08-17	symptoms	end	151.50097133826768
2022-08-17	positive	end	170.6301490712113
2022-08-17	reported	end	176.96864702700043
2022-08-17	symptoms	new	-35.46823425335393
2022-08-17	symptoms	active	1321.466692125785
2022-08-17	presymp	new	-7.880371213052513
2022-08-17	presymp	active	635.679897831164
2022-08-17	positive	new	-62.47778319935006
2022-08-17	positive	active	2651.8451883072207
2022-08-17	infectious	new	-28.875805232332283
2022-08-17	infectious	active	1481.9305291845703
2022-08-17	possymp	new	-19.129177732943617
2022-08-17	possymp	active	694.6985983502719
2022-08-18	infections	start	104.59295245617358
2022-08-18	positive	start	107.38263509522791
2022-08-18	infectious	start	108.17016993175774
2022-08-18	symptoms	start	113.05938424925905
2022-08-18	infectious	end	134.5143416486856
2022-08-18	symptoms	end	144.50137230395083
2022-08-18	positive	end	165.57352098080455
2022-08-18	reported	end	147.7136674371711
2022-08-18	symptoms	new	-31.441988054691777
2022-08-18	symptoms	active	1290.0247040710933
2022-08-18	presymp	new	-5.6767491540311426
2022-08-18	presymp	active	630.0031486771328
2022-08-18	positive	new	-58.190885885576634
2022-08-18	positive	active	2593.654302421644
2022-08-18	infectious	new	-26.344171716927846
2022-08-18	infectious	active	1455.5863574676425
2022-08-18	possymp	new	-21.072148676853715
2022-08-18	possymp	active	673.6264496734183
2022-08-19	infections	start	102.66480340721318
2022-08-19	positive	start	106.17517347094498
2022-08-19	infectious	start	107.37862397225946
2022-08-19	symptoms	start	110.531089373848
2022-08-19	infectious	end	132.5427530457539
2022-08-19	symptoms	end	138.62427515229052
2022-08-19	positive	end	161.70693953570282
2022-08-19	reported	end	122.77499631141494
2022-08-19	symptoms	new	-28.093185778442518
2022-08-19	symptoms	active	1261.9315182926507
2022-08-19	presymp	new	-4.355915902903021
2022-08-19	presymp	active	625.6472327742298
2022-08-19	positive	new	-55.53176606475783
2022-08-19	positive	active	2538.122536356886
2022-08-19	infectious	new	-25.164129073494436
2022-08-19	infectious	active	1430.422228394148
2022-08-19	possymp	new	-23.082664383412293
2022-08-19	possymp	active	650.543785290006
2022-08-20	infections	start	100.89951357337036
2022-08-20	positive	start	104.59282272007898
2022-08-20	infectious	start	106.16184874487082
2022-08-20	symptoms	start	109.19747948176837
2022-08-20	infectious	end	130.8832678626109
2022-08-20	symptoms	end	134.79372270793013
2022-08-20	positive	end	157.9663689054865
2022-08-20	reported	end	70.97929474253677
2022-08-20	symptoms	new	-25.59624322616176
2022-08-20	symptoms	active	1236.335275066489
2022-08-20	presymp	new	-4.604656761689384
2022-08-20	presymp	active	621.0425760125404
2022-08-20	positive	new	-53.373546185407506
2022-08-20	positive	active	2484.7489901714785
2022-08-20	infectious	new	-24.72141911774007
2022-08-20	infectious	active	1405.700809276408
2022-08-20	possymp	new	-23.17264619755636
2022-08-20	possymp	active	627.3711390924495
2022-08-21	infections	start	99.61244337045969
2022-08-21	positive	start	102.6821005116347
2022-08-21	infectious	start	104.58741246321449
2022-08-21	symptoms	start	108.3606419984547
2022-08-21	infectious	end	128.43505398277244
2022-08-21	symptoms	end	132.6498851715463
2022-08-21	positive	end	153.3366686841351
2022-08-21	reported	end	54.1936507155855
2022-08-21	symptoms	new	-24.28924317309159
2022-08-21	symptoms	active	1212.0460318933974
2022-08-21	presymp	new	-5.678541486819995
2022-08-21	presymp	active	615.3640345257204
2022-08-21	positive	new	-50.654568172500404
2022-08-21	positive	active	2434.0944219989783
2022-08-21	infectious	new	-23.847641519557953
2022-08-21	infectious	active	1381.85316775685
2022-08-21	possymp	new	-20.686783512588818
2022-08-21	possymp	active	606.6843555798607
2022-08-22	infections	start	98.56200523541813
2022-08-22	positive	start	100.94021928821611
2022-08-22	infectious	start	102.69698830220094
2022-08-22	symptoms	start	107.1620170361489
2022-08-22	infectious	end	124.61917564287648
2022-08-22	symptoms	end	130.6470543658015
2022-08-22	positive	end	147.3830308398211
2022-08-22	reported	end	167.37685044017115
2022-08-22	symptoms	new	-23.4850373296526
2022-08-22	symptoms	active	1188.5609945637448
2022-08-22	presymp	new	-6.221797747932783
2022-08-22	presymp	active	609.1422367777876
2022-08-22	positive	new	-46.442811551604976
2022-08-22	positive	active	2387.651610447373
2022-08-22	infectious	new	-21.92218734067555
2022-08-22	infectious	active	1359.9309804161746
2022-08-22	possymp	new	-16.735976474019594
2022-08-22	possymp	active	589.9483791058411
2022-08-23	infections	start	97.51530136256031
2022-08-23	positive	start	99.67113734641623
2022-08-23	infectious	start	100.97634743850548
2022-08-23	symptoms	start	105.64125132088347
2022-08-23	infectious	end	120.3614457083204
2022-08-23	symptoms	end	128.02909355333335
2022-08-23	positive	end	141.06382844175718
2022-08-23	reported	end	133.32597255692716
2022-08-23	symptoms	new	-22.387842232449884
2022-08-23	symptoms	active	1166.173152331295
2022-08-23	presymp	new	-5.970113974467239
2022-08-23	presymp	active	603.1721228033203
2022-08-23	positive	new	-41.39269109534095
2022-08-23	positive	active	2346.258919352032
2022-08-23	infectious	new	-19.385098269814918
2022-08-23	infectious	active	1340.5458821463596
2022-08-23	possymp	new	-13.034734888423827
2022-08-23	possymp	active	576.9136442174173
2022-08-24	infections	start	96.02735839666495
2022-08-24	positive	start	98.62621995932787
2022-08-24	infectious	start	99.71631174370296
2022-08-24	symptoms	start	103.77115890564824
2022-08-24	infectious	end	116.8439644686246
2022-08-24	symptoms	end	124.33208465382322
2022-08-24	positive	end	135.41541976953513
2022-08-24	reported	end	143.3973589730979
2022-08-24	symptoms	new	-20.56092574817498
2022-08-24	symptoms	active	1145.61222658312
2022-08-24	presymp	new	-5.144938946320366
2022-08-24	presymp	active	598.0271838570001
2022-08-24	positive	new	-36.789199810207265
2022-08-24	positive	active	2309.469719541825
2022-08-24	infectious	new	-17.127652724921646
2022-08-24	infectious	active	1323.418229421438
2022-08-24	possymp	new	-11.083335115711918
2022-08-24	possymp	active	565.8303091017054
2022-08-25	infections	start	94.03475224262993
2022-08-25	positive	start	97.57707116818102
2022-08-25	infectious	start	98.66621888315063
2022-08-25	symptoms	start	101.98394863063312
2022-08-25	infectious	end	114.60883779109871
2022-08-25	symptoms	end	120.2358057390343
2022-08-25	positive	end	131.43489324940748
2022-08-25	reported	end	113.66278955392711
2022-08-25	symptoms	new	-18.251857108401182
2022-08-25	symptoms	active	1127.3603694747187
2022-08-25	presymp	new	-4.406877462452101
2022-08-25	presymp	active	593.6203063945479
2022-08-25	positive	new	-33.85782208122646
2022-08-25	positive	active	2275.6118974605984
2022-08-25	infectious	new	-15.942618907948074
2022-08-25	infectious	active	1307.47561051349
2022-08-25	possymp	new	-11.199087510373175
2022-08-25	possymp	active	554.6312215913323
2022-08-26	infections	start	91.8815069460386
2022-08-26	positive	start	96.08895010727831
2022-08-26	infectious	start	97.61078346141649
2022-08-26	symptoms	start	100.60599605148768
2022-08-26	infectious	end	113.6585386792971
2022-08-26	symptoms	end	116.97351684048692
2022-08-26	positive	end	129.03674634764099
2022-08-26	reported	end	96.39755569763439
2022-08-26	symptoms	new	-16.367520788999244
2022-08-26	symptoms	active	1110.9928486857195
2022-08-26	presymp	new	-4.5170459442093716
2022-08-26	presymp	active	589.1032604503386
2022-08-26	positive	new	-32.94779624036268
2022-08-26	positive	active	2242.664101220236
2022-08-26	infectious	new	-16.047755217880606
2022-08-26	infectious	active	1291.4278552956093
2022-08-26	possymp	new	-12.063229507154063
2022-08-26	possymp	active	542.5679920841782
2022-08-27	infections	start	89.90632748004118
2022-08-27	positive	start	94.10232745871042
2022-08-27	infectious	start	96.12579652818651
2022-08-27	symptoms	start	99.4638821660841
2022-08-27	infectious	end	113.01308398907992
2022-08-27	symptoms	end	114.78441723685752
2022-08-27	positive	end	127.02835738259604
2022-08-27	reported	end	65.22421679043919
2022-08-27	symptoms	new	-15.320535070773417
2022-08-27	symptoms	active	1095.672313614946
2022-08-27	presymp	new	-5.361554707373685
2022-08-27	presymp	active	583.7417057429649
2022-08-27	positive	new	-32.92602992388562
2022-08-27	positive	active	2209.7380712963504
2022-08-27	infectious	new	-16.887287460893404
2022-08-27	infectious	active	1274.5405678347158
2022-08-27	possymp	new	-12.24394014573852
2022-08-27	possymp	active	530.3240519384397
2022-08-28	infections	start	88.82800232075935
2022-08-28	positive	start	91.95653315957489
2022-08-28	infectious	start	94.15030800531204
2022-08-28	symptoms	start	98.37883100611157
2022-08-28	infectious	end	111.85108081560693
2022-08-28	symptoms	end	113.7611975074858
2022-08-28	positive	end	124.7715569416554
2022-08-28	reported	end	46.99980327546353
2022-08-28	symptoms	new	-15.382366501374236
2022-08-28	symptoms	active	1080.2899471135718
2022-08-28	presymp	new	-6.422297846536679
2022-08-28	presymp	active	577.3194078964282
2022-08-28	positive	new	-32.815023782080516
2022-08-28	positive	active	2176.92304751427
2022-08-28	infectious	new	-17.700772810294893
2022-08-28	infectious	active	1256.839795024421
2022-08-28	possymp	new	-11.010359434169601
2022-08-28	possymp	active	519.3136925042701
2022-08-29	infections	start	88.79019492888442
2022-08-29	positive	start	89.98210701221736
2022-08-29	infectious	start	92.01513388360169
2022-08-29	symptoms	start	96.91249757662992
2022-08-29	infectious	end	109.65969528592426
2022-08-29	symptoms	end	112.95705200066953
2022-08-29	positive	end	121.64303456408
2022-08-29	reported	end	157.3054640240004
2022-08-29	symptoms	new	-16.044554424039617
2022-08-29	symptoms	active	1064.2453926895323
2022-08-29	presymp	new	-6.930390564412562
2022-08-29	presymp	active	570.3890173320157
2022-08-29	positive	new	-31.660927551862642
2022-08-29	positive	active	2145.2621199624073
2022-08-29	infectious	new	-17.644561402322566
2022-08-29	infectious	active	1239.1952336220984
2022-08-29	possymp	new	-8.685982563410462
2022-08-29	possymp	active	510.6277099408596
2022-08-30	infections	start	89.27102401010005
2022-08-30	positive	start	88.89341219253436
2022-08-30	infectious	start	90.04032409331063
2022-08-30	symptoms	start	94.95307470594524
2022-08-30	infectious	end	106.76845201309156
2022-08-30	symptoms	end	111.63602362453126
2022-08-30	positive	end	118.04818023443568
2022-08-30	reported	end	131.88720306890278
2022-08-30	symptoms	new	-16.68294891858602
2022-08-30	symptoms	active	1047.5624437709462
2022-08-30	presymp	new	-6.059662513410885
2022-08-30	presymp	active	564.3293548186048
2022-08-30	positive	new	-29.15476804190132
2022-08-30	positive	active	2116.1073519205056
2022-08-30	infectious	new	-16.72812791978093
2022-08-30	infectious	active	1222.4671057023174
2022-08-30	possymp	new	-6.4121566099044145
2022-08-30	possymp	active	504.2155533309552
2022-08-31	infections	start	89.74974781953946
2022-08-31	positive	start	88.83754271787252
2022-08-31	infectious	start	88.9378735205318
2022-08-31	symptoms	start	92.7867915605657
2022-08-31	infectious	end	104.45207178675774
2022-08-31	symptoms	end	109.59960752457725
2022-08-31	positive	end	114.98939568378204
2022-08-31	reported	end	139.5606403383662
2022-08-31	symptoms	new	-16.81281596401155
2022-08-31	symptoms	active	1030.7496278069345
2022-08-31	presymp	new	-3.94924884269318
2022-08-31	presymp	active	560.3801059759115
2022-08-31	positive	new	-26.151852965909512
2022-08-31	positive	active	2089.9554989545964
2022-08-31	infectious	new	-15.514198266225947
2022-08-31	infectious	active	1206.9529074360917
2022-08-31	possymp	new	-5.389788159204784
2022-08-31	possymp	active	498.8257651717504
2022-09-01	infections	start	89.46732060257682
2022-09-01	positive	start	89.3026084296301
2022-09-01	infectious	start	88.86210878443089
2022-09-01	symptoms	start	90.73447244315848
2022-09-01	infectious	end	103.31638838456671
2022-09-01	symptoms	end	107.03906490036624
2022-09-01	positive	end	112.71701512589651
2022-09-01	reported	end	102.15263364973195
2022-09-01	symptoms	new	-16.30459245720776
2022-09-01	symptoms	active	1014.4450353497268
2022-09-01	presymp	new	-1.4318640135283829
2022-09-01	presymp	active	558.9482419623832
2022-09-01	positive	new	-23.41440669626641
2022-09-01	positive	active	2066.5410922583296
2022-09-01	infectious	new	-14.45427960013582
2022-09-01	infectious	active	1192.4986278359559
2022-09-01	possymp	new	-5.677950225530267
2022-09-01	possymp	active	493.14781494622014
2022-09-02	infections	start	88.49645729659989
2022-09-02	positive	start	89.77963765307693
2022-09-02	infectious	start	89.31344832409766
2022-09-02	symptoms	start	89.54859591237673
2022-09-02	infectious	end	102.79948927480186
2022-09-02	symptoms	end	104.90118189225629
2022-09-02	positive	end	111.48866128008127
2022-09-02	reported	end	92.0812472335612
2022-09-02	symptoms	new	-15.352585979879564
2022-09-02	symptoms	active	999.0924493698473
2022-09-02	presymp	new	0.23104174070020633
2022-09-02	presymp	active	559.1792837030833
2022-09-02	positive	new	-21.709023627004342
2022-09-02	positive	active	2044.8320686313255
2022-09-02	infectious	new	-13.486040950704194
2022-09-02	infectious	active	1179.0125868852515
2022-09-02	possymp	new	-6.587479387824985
2022-09-02	possymp	active	486.56033555839514
2022-09-03	infections	start	87.55413644725272
2022-09-03	positive	start	89.51507555120034
2022-09-03	infectious	start	89.79508348284683
2022-09-03	symptoms	start	89.43931835949111
2022-09-03	infectious	end	101.92264200462093
2022-09-03	symptoms	end	103.7453228877003
2022-09-03	positive	end	110.60216328029752
2022-09-03	reported	end	60.42831849702454
2022-09-03	symptoms	new	-14.306004528209186
2022-09-03	symptoms	active	984.7864448416382
2022-09-03	presymp	new	0.07575719170922923
2022-09-03	presymp	active	559.2550408947926
2022-09-03	positive	new	-21.087087729097178
2022-09-03	positive	active	2023.7449809022282
2022-09-03	infectious	new	-12.127558521774091
2022-09-03	infectious	active	1166.8850283634774
2022-09-03	possymp	new	-6.856840392597221
2022-09-03	possymp	active	479.7034951657979
2022-09-04	infections	start	87.3581092045795
2022-09-04	positive	start	88.57530190169415
2022-09-04	infectious	start	89.55529934845703
2022-09-04	symptoms	start	89.94330485851341
2022-09-04	infectious	end	99.91647645413802
2022-09-04	symptoms	end	103.02058942052204
2022-09-04	positive	end	109.47091196327472
2022-09-04	reported	end	34.050877883243984
2022-09-04	symptoms	new	-13.077284562008629
2022-09-04	symptoms	active	971.7091602796295
2022-09-04	presymp	new	-1.368002956819268
2022-09-04	presymp	active	557.8870379379733
2022-09-04	positive	new	-20.89561006158057
2022-09-04	positive	active	2002.8493708406477
2022-09-04	infectious	new	-10.361177105680994
2022-09-04	infectious	active	1156.5238512577964
2022-09-04	possymp	new	-6.450322542752673
2022-09-04	possymp	active	473.25317262304526
2022-09-05	infections	start	88.36769644255276
2022-09-05	positive	start	87.6625614256265
2022-09-05	infectious	start	88.64933484818387
2022-09-05	symptoms	start	90.55397895845095
2022-09-05	infectious	end	96.97947523807959
2022-09-05	symptoms	end	101.92128038481444
2022-09-05	positive	end	107.75634451019775
2022-09-05	reported	end	143.8769488024394
2022-09-05	symptoms	new	-11.367301426363483
2022-09-05	symptoms	active	960.341858853266
2022-09-05	presymp	new	-2.8914175328244482
2022-09-05	presymp	active	554.9956204051489
2022-09-05	positive	new	-20.093783084571243
2022-09-05	positive	active	1982.7555877560765
2022-09-05	infectious	new	-8.330140389895718
2022-09-05	infectious	active	1148.1937108679008
2022-09-05	possymp	new	-5.835064125383312
2022-09-05	possymp	active	467.41810849766193
2022-09-06	infections	start	90.08115220224815
2022-09-06	positive	start	87.47980437669793
2022-09-06	infectious	start	87.76163889380344
2022-09-06	symptoms	start	90.45814777684323
2022-09-06	infectious	end	93.9763562725844
2022-09-06	symptoms	end	99.86184622703529
2022-09-06	positive	end	105.37127589497557
2022-09-06	reported	end	109.34648108985392
2022-09-06	symptoms	new	-9.403698450192053
2022-09-06	symptoms	active	950.938160403074
2022-09-06	presymp	new	-2.978343400145306
2022-09-06	presymp	active	552.0172770050036
2022-09-06	positive	new	-17.89147151827764
2022-09-06	positive	active	1964.8641162377987
2022-09-06	infectious	new	-6.214717378780961
2022-09-06	infectious	active	1141.9789934891198
2022-09-06	possymp	new	-5.509429667940282
2022-09-06	possymp	active	461.9086788297217
2022-09-07	infections	start	91.79253309412829
2022-09-07	positive	start	88.48008905840645
2022-09-07	infectious	start	87.58047633997064
2022-09-07	symptoms	start	89.62186406462384
2022-09-07	infectious	end	91.66158279136772
2022-09-07	symptoms	end	96.96241099360994
2022-09-07	positive	end	103.12726192998844
2022-09-07	reported	end	109.82607091919539
2022-09-07	symptoms	new	-7.3405469289861
2022-09-07	symptoms	active	943.5976134740879
2022-09-07	presymp	new	-1.1417750062173866
2022-09-07	presymp	active	550.8755019987863
2022-09-07	positive	new	-14.647172871581986
2022-09-07	positive	active	1950.2169433662168
2022-09-07	infectious	new	-4.081106451397076
2022-09-07	infectious	active	1137.8978870377227
2022-09-07	possymp	new	-6.1648509363785
2022-09-07	possymp	active	455.74382789334317
2022-09-08	infections	start	92.8023607628991
2022-09-08	positive	start	90.16727969725139
2022-09-08	infectious	start	88.55869628131626
2022-09-08	symptoms	start	88.68510234653674
2022-09-08	infectious	end	90.60084962764769
2022-09-08	symptoms	end	94.13546661434572
2022-09-08	positive	end	101.6784197845169
2022-09-08	reported	end	96.87714552697585
2022-09-08	symptoms	new	-5.450364267808979
2022-09-08	symptoms	active	938.1472492062788
2022-09-08	presymp	new	1.4821773507146503
2022-09-08	presymp	active	552.3576793495008
2022-09-08	positive	new	-11.511140087265517
2022-09-08	positive	active	1938.7058032789514
2022-09-08	infectious	new	-2.042153346331432
2022-09-08	infectious	active	1135.8557336913914
2022-09-08	possymp	new	-7.542953170171188
2022-09-08	possymp	active	448.200874723172
2022-09-09	infections	start	93.65472530607384
2022-09-09	positive	start	91.85015732516524
2022-09-09	infectious	start	90.21280700375513
2022-09-09	symptoms	start	88.37065056782036
2022-09-09	infectious	end	90.5944659819171
2022-09-09	symptoms	end	91.9990088244907
2022-09-09	positive	end	100.72530371092057
2022-09-09	reported	end	78.17314218265874
2022-09-09	symptoms	new	-3.6283582566703387
2022-09-09	symptoms	active	934.5188909496086
2022-09-09	presymp	new	3.479506757344879
2022-09-09	presymp	active	555.8371861068457
2022-09-09	positive	new	-8.875146385755329
2022-09-09	positive	active	1929.830656893196
2022-09-09	infectious	new	-0.3816589781619655
2022-09-09	infectious	active	1135.4740747132294
2022-09-09	possymp	new	-8.72629488642987
2022-09-09	possymp	active	439.4745798367421
2022-09-10	infections	start	95.56489043578253
2022-09-10	positive	start	92.84353025269505
2022-09-10	infectious	start	91.87000361364495
2022-09-10	symptoms	start	89.21310102407003
2022-09-10	infectious	end	90.94052218800594
2022-09-10	symptoms	end	90.98567527925906
2022-09-10	positive	end	99.66991444276564
2022-09-10	reported	end	44.122264299414745
2022-09-10	symptoms	new	-1.7725742551890278
2022-09-10	symptoms	active	932.7463166944195
2022-09-10	presymp	new	3.630429228625019
2022-09-10	presymp	active	559.4676153354708
2022-09-10	positive	new	-6.826384190070598
2022-09-10	positive	active	1923.0042727031255
2022-09-10	infectious	new	0.9294814256390111
2022-09-10	infectious	active	1136.4035561388682
2022-09-10	possymp	new	-8.68423916350659
2022-09-10	possymp	active	430.7903406732355
2022-09-11	infections	start	98.83269580526968
2022-09-11	positive	start	93.69368791697467
2022-09-11	infectious	start	92.85765941718729
2022-09-11	symptoms	start	90.81708297620057
2022-09-11	infectious	end	91.0329000698015
2022-09-11	symptoms	end	90.97323097235356
2022-09-11	positive	end	97.9464930683914
2022-09-11	reported	end	39.3263660060001
2022-09-11	symptoms	new	-0.15614799615299546
2022-09-11	symptoms	active	932.5901686982666
2022-09-11	presymp	new	2.876604940774101
2022-09-11	presymp	active	562.3442202762449
2022-09-11	positive	new	-4.252805151416737
2022-09-11	positive	active	1918.7514675517086
2022-09-11	infectious	new	1.8247593473857933
2022-09-11	infectious	active	1138.2283154862541
2022-09-11	possymp	new	-6.973262096037843
2022-09-11	possymp	active	423.81707857719766
2022-09-12	infections	start	103.76431459373467
2022-09-12	positive	start	95.60286144479457
2022-09-12	infectious	start	93.71480181486622
2022-09-12	symptoms	start	92.53925453441049
2022-09-12	infectious	end	90.3882680001079
2022-09-12	symptoms	end	91.21591401297454
2022-09-12	positive	end	95.53346881151319
2022-09-12	reported	end	136.68310136231742
2022-09-12	symptoms	new	1.3233405214359522
2022-09-12	symptoms	active	933.9135092197025
2022-09-12	presymp	new	3.063606910384081
2022-09-12	presymp	active	565.407827186629
2022-09-12	positive	new	0.06939263328138168
2022-09-12	positive	active	1918.8208601849901
2022-09-12	infectious	new	3.3265338147583208
2022-09-12	infectious	active	1141.5548493010124
2022-09-12	possymp	new	-4.3175547985386515
2022-09-12	possymp	active	419.499523778659
2022-09-13	infections	start	109.35898646956511
2022-09-13	positive	start	98.85327649961866
2022-09-13	infectious	start	95.62311302727679
2022-09-13	symptoms	start	93.63954550279236
2022-09-13	infectious	end	89.14028004125069
2022-09-13	symptoms	end	91.19637152162933
2022-09-13	positive	end	93.11193769358066
2022-09-13	reported	end	116.06073870063443
2022-09-13	symptoms	new	2.443173981163028
2022-09-13	symptoms	active	936.3566832008655
2022-09-13	presymp	new	5.2137309968263
2022-09-13	presymp	active	570.6215581834552
2022-09-13	positive	new	5.7413388060380015
2022-09-13	positive	active	1924.562198991028
2022-09-13	infectious	new	6.4828329860260965
2022-09-13	infectious	active	1148.0376822870385
2022-09-13	possymp	new	-1.9155661719513262
2022-09-13	possymp	active	417.5839576067077
2022-09-14	infections	start	114.66910356571886
2022-09-14	positive	start	103.74227418441662
2022-09-14	infectious	start	98.84708845975976
2022-09-14	symptoms	start	94.55052982742977
2022-09-14	infectious	end	87.86834701314392
2022-09-14	symptoms	end	90.54243354846825
2022-09-14	positive	end	91.15402315549186
2022-09-14	reported	end	122.77499631141494
2022-09-14	symptoms	new	4.008096278961517
2022-09-14	symptoms	active	940.364779479827
2022-09-14	presymp	new	9.191744356986845
2022-09-14	presymp	active	579.8133025404421
2022-09-14	positive	new	12.588251028924759
2022-09-14	positive	active	1937.1504500199528
2022-09-14	infectious	new	10.978741446615842
2022-09-14	infectious	active	1159.0164237336544
2022-09-14	possymp	new	-0.6115896070236033
2022-09-14	possymp	active	416.9723679996841
2022-09-15	infections	start	120.0928803351809
2022-09-15	positive	start	109.27730229398702
2022-09-15	infectious	start	103.68197967096506
2022-09-15	symptoms	start	96.39055997291788
2022-09-15	infectious	end	87.09116228427821
2022-09-15	symptoms	end	89.33174324545097
2022-09-15	positive	end	90.10323783930285
2022-09-15	reported	end	107.42812177248807
2022-09-15	symptoms	new	7.058816727466919
2022-09-15	symptoms	active	947.4235962072939
2022-09-15	presymp	new	12.886742321069136
2022-09-15	presymp	active	592.7000448615112
2022-09-15	positive	new	19.17406445468417
2022-09-15	positive	active	1956.324514474637
2022-09-15	infectious	new	16.59081738668685
2022-09-15	infectious	active	1175.6072411203413
2022-09-15	possymp	new	-0.7714945938518838
2022-09-15	possymp	active	416.2008734058322
2022-09-16	infections	start	126.06379254102517
2022-09-16	positive	start	114.53298453535047
2022-09-16	infectious	start	109.15419393699129
2022-09-16	symptoms	start	99.45203716677231
2022-09-16	infectious	end	87.1913932877339
2022-09-16	symptoms	end	88.15907736025315
2022-09-16	positive	end	89.94583980565099
2022-09-16	reported	end	86.32616928146363
2022-09-16	symptoms	new	11.292959806519164
2022-09-16	symptoms	active	958.7165560138131
2022-09-16	presymp	new	15.080947368578151
2022-09-16	presymp	active	607.7809922300894
2022-09-16	positive	new	24.587144729699475
2022-09-16	positive	active	1980.9116592043365
2022-09-16	infectious	new	21.96280064925739
2022-09-16	infectious	active	1197.5700417695987
2022-09-16	possymp	new	-1.7867624453978408
2022-09-16	possymp	active	414.41411096043436
2022-09-17	infections	start	132.6252128487025
2022-09-17	positive	start	119.92399936983777
2022-09-17	infectious	start	114.36500182222447
2022-09-17	symptoms	start	104.13437404556065
2022-09-17	infectious	end	87.98946799685763
2022-09-17	symptoms	end	87.43105951140207
2022-09-17	positive	end	90.10672695262429
2022-09-17	reported	end	49.39775242217085
2022-09-17	symptoms	new	16.70331453415858
2022-09-17	symptoms	active	975.4198705479716
2022-09-17	presymp	new	15.789625324277125
2022-09-17	presymp	active	623.5706175543665
2022-09-17	positive	new	29.817272417213488
2022-09-17	positive	active	2010.72893162155
2022-09-17	infectious	new	26.375533825366844
2022-09-17	infectious	active	1223.9455755949655
2022-09-17	possymp	new	-2.675667441222217
2022-09-17	possymp	active	411.7384435192121
2022-09-18	infections	start	140.62908449409105
2022-09-18	positive	start	125.87870786437071
2022-09-18	infectious	start	119.73874360160293
2022-09-18	symptoms	start	109.56411970141052
2022-09-18	infectious	end	88.89380426326848
2022-09-18	symptoms	end	87.40812764059804
2022-09-18	positive	end	90.19658459270711
2022-09-18	reported	end	31.652928736536662
2022-09-18	symptoms	new	22.15599206081248
2022-09-18	symptoms	active	997.5758626087842
2022-09-18	presymp	new	16.31458816296019
2022-09-18	presymp	active	639.8852057173267
2022-09-18	positive	new	35.6821232716636
2022-09-18	positive	active	2046.4110548932135
2022-09-18	infectious	new	30.844939338334456
2022-09-18	infectious	active	1254.7905149332998
2022-09-18	possymp	new	-2.7884569521090725
2022-09-18	possymp	active	408.94998656710305
2022-09-19	infections	start	150.3873778253506
2022-09-19	positive	start	132.4183224816955
2022-09-19	infectious	start	125.68420686975189
2022-09-19	symptoms	start	114.83341786757346
2022-09-19	infectious	end	89.32956110657007
2022-09-19	symptoms	end	87.93779782926447
2022-09-19	positive	end	89.84863219778164
2022-09-19	reported	end	113.18319972458565
2022-09-19	symptoms	new	26.89562003830899
2022-09-19	symptoms	active	1024.4714826470931
2022-09-19	presymp	new	17.58490461412204
2022-09-19	presymp	active	657.4701103314487
2022-09-19	positive	new	42.56969028391386
2022-09-19	positive	active	2088.9807451771276
2022-09-19	infectious	new	36.35464576318182
2022-09-19	infectious	active	1291.1451606964818
2022-09-19	possymp	new	-1.9108343685171718
2022-09-19	possymp	active	407.0391521985859
2022-09-20	infections	start	160.88035994208767
2022-09-20	positive	start	140.37520791477556
2022-09-20	infectious	start	132.1945885173063
2022-09-20	symptoms	start	120.24271993297184
2022-09-20	infectious	end	89.32378598584151
2022-09-20	symptoms	end	88.4717444915033
2022-09-20	positive	end	89.04434967488221
2022-09-20	reported	end	121.33622682339055
2022-09-20	symptoms	new	31.770975441468536
2022-09-20	symptoms	active	1056.2424580885618
2022-09-20	presymp	new	20.13248798180372
2022-09-20	presymp	active	677.6025983132524
2022-09-20	positive	new	51.330858239893345
2022-09-20	positive	active	2140.3116034170207
2022-09-20	infectious	new	42.87080253146479
2022-09-20	infectious	active	1334.0159632279465
2022-09-20	possymp	new	-0.5726051833789114
2022-09-20	possymp	active	406.46654701520697
2022-09-21	infections	start	171.06995722383928
2022-09-21	positive	start	150.06135389121167
2022-09-21	infectious	start	140.08884380293486
2022-09-21	symptoms	start	126.08529616186861
2022-09-21	infectious	end	90.13820574387498
2022-09-21	symptoms	end	88.81737918404602
2022-09-21	positive	end	88.23097688486385
2022-09-21	reported	end	116.5403285299759
2022-09-21	symptoms	new	37.267916977822594
2022-09-21	symptoms	active	1093.5103750663843
2022-09-21	presymp	new	23.976057729343054
2022-09-21	presymp	active	701.5786560425955
2022-09-21	positive	new	61.83037700634782
2022-09-21	positive	active	2202.1419804233688
2022-09-21	infectious	new	49.950638059059884
2022-09-21	infectious	active	1383.9666012870064
2022-09-21	possymp	new	0.5864022991821685
2022-09-21	possymp	active	407.05294931438914
2022-09-22	infections	start	179.45536027866123
2022-09-22	positive	start	160.48127608209273
2022-09-22	infectious	start	149.68839861769365
2022-09-22	symptoms	start	132.31419046948005
2022-09-22	infectious	end	92.6789213199149
2022-09-22	symptoms	end	88.95438652115912
2022-09-22	positive	end	87.73708867921498
2022-09-22	reported	end	105.50976245512221
2022-09-22	symptoms	new	43.35980394832093
2022-09-22	symptoms	active	1136.8701790147052
2022-09-22	presymp	new	28.16708561261268
2022-09-22	presymp	active	729.7457416552082
2022-09-22	positive	new	72.74418740287776
2022-09-22	positive	active	2274.8861678262465
2022-09-22	infectious	new	57.009477297778744
2022-09-22	infectious	active	1440.9760785847852
2022-09-22	possymp	new	1.217297841944145
2022-09-22	possymp	active	408.2702471563333
2022-09-23	infections	start	186.11577334732934
2022-09-23	positive	start	170.6295288147461
2022-09-23	infectious	start	160.03361495997697
2022-09-23	symptoms	start	139.83499826643992
2022-09-23	infectious	end	96.95185739068646
2022-09-23	symptoms	end	89.83268793678562
2022-09-23	positive	end	87.88913988607152
2022-09-23	reported	end	108.86689126051246
2022-09-23	symptoms	new	50.00231032965431
2022-09-23	symptoms	active	1186.8724893443596
2022-09-23	presymp	new	30.79453054830617
2022-09-23	presymp	active	760.5402722035144
2022-09-23	positive	new	82.74038892867458
2022-09-23	positive	active	2357.626556754921
2022-09-23	infectious	new	63.08175756929052
2022-09-23	infectious	active	1504.0578361540756
2022-09-23	possymp	new	1.9435480507140994
2022-09-23	possymp	active	410.2137952070474
2022-09-24	infections	start	192.36955524276289
2022-09-24	positive	start	179.0212758054742
2022-09-24	infectious	start	170.14869603016734
2022-09-24	symptoms	start	149.1019775109867
2022-09-24	infectious	end	102.36990941972817
2022-09-24	symptoms	end	92.36347736870702
2022-09-24	positive	end	88.71531836439503
2022-09-24	reported	end	77.2139625239758
2022-09-24	symptoms	new	56.738500142279676
2022-09-24	symptoms	active	1243.6109894866393
2022-09-24	presymp	new	29.919298294487504
2022-09-24	presymp	active	790.4595704980019
2022-09-24	positive	new	90.30595744107917
2022-09-24	positive	active	2447.9325141960003
2022-09-24	infectious	new	67.77878661043917
2022-09-24	infectious	active	1571.836622764515
2022-09-24	possymp	new	3.6481590043119922
2022-09-24	possymp	active	413.8619542113594
2022-09-25	infections	start	199.55912462287347
2022-09-25	positive	start	185.72325796633223
2022-09-25	infectious	start	178.5528751601967
2022-09-25	symptoms	start	159.21260733280556
2022-09-25	infectious	end	107.38949730018861
2022-09-25	symptoms	end	96.24418663158886
2022-09-25	positive	end	89.84064331729667
2022-09-25	reported	end	51.79570156887818
2022-09-25	symptoms	new	62.9684207012167
2022-09-25	symptoms	active	1306.579410187856
2022-09-25	presymp	new	26.510650633526666
2022-09-25	presymp	active	816.9702211315285
2022-09-25	positive	new	95.88261464903556
2022-09-25	positive	active	2543.815128845036
2022-09-25	infectious	new	71.16337786000808
2022-09-25	infectious	active	1643.000000624523
2022-09-25	possymp	new	6.403543314292193
2022-09-25	possymp	active	420.2654975256516
2022-09-26	infections	start	207.5099881696279
2022-09-26	positive	start	192.02642402805134
2022-09-26	infectious	start	185.29493344260163
2022-09-26	symptoms	start	169.17659715682458
2022-09-26	infectious	end	111.54313323735852
2022-09-26	symptoms	end	101.12990528403344
2022-09-26	positive	end	91.00389377311089
2022-09-26	reported	end	174.57069788029312
2022-09-26	symptoms	new	68.04669187279114
2022-09-26	symptoms	active	1374.626102060647
2022-09-26	presymp	new	22.849826871226753
2022-09-26	presymp	active	839.8200480027552
2022-09-26	positive	new	101.02253025494045
2022-09-26	positive	active	2644.837659099976
2022-09-26	infectious	new	73.75180020524311
2022-09-26	infectious	active	1716.7518008297661
2022-09-26	possymp	new	10.126011510922552
2022-09-26	possymp	active	430.3915090365741
2022-09-27	infections	start	214.4226132569794
2022-09-27	positive	start	199.24605806375024
2022-09-27	infectious	start	191.63449163282928
2022-09-27	symptoms	start	177.45664574243764
2022-09-27	infectious	end	115.64925407408533
2022-09-27	symptoms	end	105.85768946598975
2022-09-27	positive	end	91.93051408151912
2022-09-27	reported	end	163.54013180543942
2022-09-27	symptoms	new	71.5989562764479
2022-09-27	symptoms	active	1446.2250583370949
2022-09-27	presymp	new	21.789412321312597
2022-09-27	presymp	active	861.6094603240679
2022-09-27	positive	new	107.31554398223112
2022-09-27	positive	active	2752.1532030822073
2022-09-27	infectious	new	75.98523755874395
2022-09-27	infectious	active	1792.73703838851
2022-09-27	possymp	new	13.92717538447063
2022-09-27	possymp	active	444.3186844210448
2022-09-28	infections	start	219.24355746939204
2022-09-28	positive	start	207.199615851874
2022-09-28	infectious	start	198.85751569171813
2022-09-28	symptoms	start	183.96978500699558
2022-09-28	infectious	end	121.26521510098848
2022-09-28	symptoms	end	109.99805975532162
2022-09-28	positive	end	93.38493790060255
2022-09-28	reported	end	167.8564402695126
2022-09-28	symptoms	new	73.97172525167396
2022-09-28	symptoms	active	1520.196783588769
2022-09-28	presymp	new	23.22983084487842
2022-09-28	presymp	active	884.8392911689463
2022-09-28	positive	new	113.81467795127145
2022-09-28	positive	active	2865.9678810334785
2022-09-28	infectious	new	77.59230059072965
2022-09-28	infectious	active	1870.3293389792395
2022-09-28	possymp	new	16.61312185471907
2022-09-28	possymp	active	460.93180627576385
2022-09-29	infections	start	220.932781549856
2022-09-29	positive	start	214.1108154323085
2022-09-29	infectious	start	206.7855250054737
2022-09-29	symptoms	start	189.87927424381903
2022-09-29	infectious	end	129.92959058741863
2022-09-29	symptoms	end	114.58556860721728
2022-09-29	positive	end	96.25406108478818
2022-09-29	reported	end	156.82587419465892
2022-09-29	symptoms	new	75.29370563660174
2022-09-29	symptoms	active	1595.4904892253705
2022-09-29	presymp	new	24.231541188489473
2022-09-29	presymp	active	909.0708323574357
2022-09-29	positive	new	117.85675434752032
2022-09-29	positive	active	2983.824635380999
2022-09-29	infectious	new	76.85593441805506
2022-09-29	infectious	active	1947.1852733972946
2022-09-29	possymp	new	18.331507522429106
2022-09-29	possymp	active	479.26331379819294
2022-09-30	infections	start	219.89781295209846
2022-09-30	positive	start	218.9647070593926
2022-09-30	infectious	start	213.68201746973412
2022-09-30	symptoms	start	196.5293355323959
2022-09-30	infectious	end	140.01484350610414
2022-09-30	symptoms	end	120.33632599122473
2022-09-30	positive	end	100.43958037244693
2022-09-30	reported	end	153.94833521861014
2022-09-30	symptoms	new	76.19300954117116
2022-09-30	symptoms	active	1671.6834987665418
2022-09-30	presymp	new	22.435371526996704
2022-09-30	presymp	active	931.5062038844325
2022-09-30	positive	new	118.52512668694567
2022-09-30	positive	active	3102.3497620679445
2022-09-30	infectious	new	73.66717396362998
2022-09-30	infectious	active	2020.8524473609248
2022-09-30	possymp	new	19.8967456187778
2022-09-30	possymp	active	499.16005941697074
2022-10-01	infections	start	217.66068455587296
2022-10-01	positive	start	220.7464245323453
2022-10-01	infectious	start	218.57585727464667
2022-10-01	symptoms	start	203.9232643949765
2022-10-01	infectious	end	149.26600049695318
2022-10-01	symptoms	end	128.54624951615054
2022-10-01	positive	end	105.8792575959152
2022-10-01	reported	end	94.95878620961
2022-10-01	symptoms	new	75.37701487882597
2022-10-01	symptoms	active	1747.0605136453678
2022-10-01	presymp	new	16.823160137368774
2022-10-01	presymp	active	948.3293640218012
2022-10-01	positive	new	114.86716693643008
2022-10-01	positive	active	3217.216929004375
2022-10-01	infectious	new	69.30985677769348
2022-10-01	infectious	active	2090.1623041386183
2022-10-01	possymp	new	22.666991920235333
2022-10-01	possymp	active	521.8270513372061
2022-10-02	infections	start	214.85249573442678
2022-10-02	positive	start	219.84905871590217
2022-10-02	infectious	start	220.46974521014653
2022-10-02	symptoms	start	210.5464941168256
2022-10-02	infectious	end	157.75685960033175
2022-10-02	symptoms	end	138.40711599819952
2022-10-02	positive	end	111.47644319445595
2022-10-02	reported	end	65.70380661978065
2022-10-02	symptoms	new	72.1393781186261
2022-10-02	symptoms	active	1819.199891763994
2022-10-02	presymp	new	9.302564599076561
2022-10-02	presymp	active	957.6319286208778
2022-10-02	positive	new	108.37261552144622
2022-10-02	positive	active	3325.589544525821
2022-10-02	infectious	new	62.712885609814776
2022-10-02	infectious	active	2152.875189748433
2022-10-02	possymp	new	26.930672803743562
2022-10-02	possymp	active	548.7577241409497
2022-10-03	infections	start	212.12181074411447
2022-10-03	positive	start	217.74834055250835
2022-10-03	infectious	start	219.7210196015439
2022-10-03	symptoms	start	215.48145276013142
2022-10-03	infectious	end	165.75899838438522
2022-10-03	symptoms	end	147.68176011198355
2022-10-03	positive	end	116.58208987797211
2022-10-03	reported	end	246.98876211085428
2022-10-03	symptoms	new	67.79969264814787
2022-10-03	symptoms	active	1886.9995844121418
2022-10-03	presymp	new	2.2668877923769344
2022-10-03	presymp	active	959.8988164132547
2022-10-03	positive	new	101.16625067453624
2022-10-03	positive	active	3426.755795200357
2022-10-03	infectious	new	53.96202121715868
2022-10-03	infectious	active	2206.8372109655916
2022-10-03	possymp	new	31.09967023401144
2022-10-03	possymp	active	579.8573943749611
2022-10-04	infections	start	209.1225980907488
2022-10-04	positive	start	215.03395367531925
2022-10-04	infectious	start	217.74739105751107
2022-10-04	symptoms	start	217.567877704461
2022-10-04	infectious	end	173.12256532125488
2022-10-04	symptoms	end	156.1853252166973
2022-10-04	positive	end	121.80936065143011
2022-10-04	reported	end	235.95819603600057
2022-10-04	symptoms	new	61.38255248776372
2022-10-04	symptoms	active	1948.3821368999054
2022-10-04	presymp	new	-2.533924029141758
2022-10-04	presymp	active	957.364892384113
2022-10-04	positive	new	93.22459302388914
2022-10-04	positive	active	3519.9803882242463
2022-10-04	infectious	new	44.624825736256184
2022-10-04	infectious	active	2251.462036701848
2022-10-04	possymp	new	34.37596456526718
2022-10-04	possymp	active	614.2333589402283
2022-10-05	infections	start	204.83585128257957
2022-10-05	positive	start	212.34595001982078
2022-10-05	infectious	start	215.10524756072834
2022-10-05	symptoms	start	216.92776585995477
2022-10-05	infectious	end	180.23457643322647
2022-10-05	symptoms	end	164.29335934564034
2022-10-05	positive	end	127.74748663091162
2022-10-05	reported	end	241.2336841587567
2022-10-05	symptoms	new	52.634406514314435
2022-10-05	symptoms	active	2001.01654341422
2022-10-05	presymp	new	-4.581815840133999
2022-10-05	presymp	active	952.783076543979
2022-10-05	positive	new	84.59846338890915
2022-10-05	positive	active	3604.5788516131556
2022-10-05	infectious	new	34.87067112750188
2022-10-05	infectious	active	2286.3327078293496
2022-10-05	possymp	new	36.545872714728716
2022-10-05	possymp	active	650.779231654957
2022-10-06	infections	start	198.92698328319022
2022-10-06	positive	start	209.3613152469403
2022-10-06	infectious	start	212.44504735939444
2022-10-06	symptoms	start	214.88836333817642
2022-10-06	infectious	end	188.23825227618696
2022-10-06	symptoms	end	172.11291178276
2022-10-06	positive	end	136.01866426656744
2022-10-06	reported	end	271.447843407269
2022-10-06	symptoms	new	42.775451555416424
2022-10-06	symptoms	active	2043.7919949696363
2022-10-06	presymp	new	-5.527048091236111
2022-10-06	presymp	active	947.2560284527428
2022-10-06	positive	new	73.34265098037287
2022-10-06	positive	active	3677.921502593528
2022-10-06	infectious	new	24.20679508320748
2022-10-06	infectious	active	2310.539502912557
2022-10-06	possymp	new	36.09424751619255
2022-10-06	possymp	active	686.8734791711495
2022-10-07	infections	start	191.05144323056052
2022-10-07	positive	start	205.0914596310761
2022-10-07	infectious	start	209.4790335122264
2022-10-07	symptoms	start	212.11917570742185
2022-10-07	infectious	end	197.3848905669584
2022-10-07	symptoms	end	179.9519915117953
2022-10-07	positive	end	145.95258034446886
2022-10-07	reported	end	214.3766537156347
2022-10-07	symptoms	new	32.16718419562653
2022-10-07	symptoms	active	2075.959179165263
2022-10-07	presymp	new	-7.02771607634574
2022-10-07	presymp	active	940.2283123763972
2022-10-07	positive	new	59.13887928660725
2022-10-07	positive	active	3737.0603818801355
2022-10-07	infectious	new	12.094142945268004
2022-10-07	infectious	active	2322.6336458578253
2022-10-07	possymp	new	33.99941116732646
2022-10-07	possymp	active	720.8728903384759
2022-10-08	infections	start	182.93269451503414
2022-10-08	positive	start	199.21839666515555
2022-10-08	infectious	start	205.24733335363294
2022-10-08	symptoms	start	209.42938268754753
2022-10-08	infectious	end	205.70417715286862
2022-10-08	symptoms	end	188.33955831254852
2022-10-08	positive	end	155.25523611612155
2022-10-08	reported	end	120.37704716470762
2022-10-08	symptoms	new	21.08982437499901
2022-10-08	symptoms	active	2097.0490035402618
2022-10-08	presymp	new	-10.210986022391978
2022-10-08	presymp	active	930.0173263540051
2022-10-08	positive	new	43.963160549034
2022-10-08	positive	active	3781.0235424291695
2022-10-08	infectious	new	-0.45684379923568486
2022-10-08	infectious	active	2322.1768020585896
2022-10-08	possymp	new	33.08432219642697
2022-10-08	possymp	active	753.957212534903
2022-10-09	infections	start	176.33407081856578
2022-10-09	positive	start	191.38910542038994
2022-10-09	infectious	start	199.43997737655138
2022-10-09	symptoms	start	206.6578487682882
2022-10-09	infectious	end	211.35316206272984
2022-10-09	symptoms	end	197.49968209551602
2022-10-09	positive	end	163.80661304241286
2022-10-09	reported	end	73.85683371858555
2022-10-09	symptoms	new	9.158166672772182
2022-10-09	symptoms	active	2106.2071702130343
2022-10-09	presymp	new	-15.268743347898265
2022-10-09	presymp	active	914.7485830061069
2022-10-09	positive	new	27.582492377977076
2022-10-09	positive	active	3808.6060348071464
2022-10-09	infectious	new	-11.913184686178454
2022-10-09	infectious	active	2310.263617372411
2022-10-09	possymp	new	33.69306905310316
2022-10-09	possymp	active	787.6502815880061
2022-10-10	infections	start	170.9684629496545
2022-10-10	positive	start	183.30417755160832
2022-10-10	infectious	start	191.68120518435646
2022-10-10	symptoms	start	202.85089539464676
2022-10-10	infectious	end	213.82534176397962
2022-10-10	symptoms	end	205.8764573536658
2022-10-10	positive	end	171.99696336570324
2022-10-10	reported	end	305.9783111198544
2022-10-10	symptoms	new	-3.0255619590190577
2022-10-10	symptoms	active	2103.181608254015
2022-10-10	presymp	new	-19.546717843038437
2022-10-10	presymp	active	895.2018651630684
2022-10-10	positive	new	11.307214185905082
2022-10-10	positive	active	3819.9132489930516
2022-10-10	infectious	new	-22.144136579623165
2022-10-10	infectious	active	2288.1194807927877
2022-10-10	possymp	new	33.879493987962576
2022-10-10	possymp	active	821.5297755759686
2022-10-11	infections	start	166.56941207399234
2022-10-11	positive	start	176.70903478432678
2022-10-11	infectious	start	183.6415356358754
2022-10-11	symptoms	start	197.5639726119748
2022-10-11	infectious	end	213.54803818383186
2022-10-11	symptoms	end	211.50254895457056
2022-10-11	positive	end	179.69148999643141
2022-10-11	reported	end	272.4070230659519
2022-10-11	symptoms	new	-13.938576342595752
2022-10-11	symptoms	active	2089.243031911419
2022-10-11	presymp	new	-20.85493782764803
2022-10-11	presymp	active	874.3469273354204
2022-10-11	positive	new	-2.9824552121046395
2022-10-11	positive	active	3816.930793780947
2022-10-11	infectious	new	-29.90650254795645
2022-10-11	infectious	active	2258.2129782448314
2022-10-11	possymp	new	31.811058958139142
2022-10-11	possymp	active	853.3408345341078
2022-10-12	infections	start	162.09731471483084
2022-10-12	positive	start	171.31095738966525
2022-10-12	infectious	start	177.0521882534884
2022-10-12	symptoms	start	190.2748860974349
2022-10-12	infectious	end	212.68753433507106
2022-10-12	symptoms	end	214.37365508567922
2022-10-12	positive	end	186.8622125214017
2022-10-12	reported	end	284.87635862882996
2022-10-12	symptoms	new	-24.09876898824433
2022-10-12	symptoms	active	2065.144262923175
2022-10-12	presymp	new	-18.96392870776964
2022-10-12	presymp	active	855.3829986276507
2022-10-12	positive	new	-15.55125513173644
2022-10-12	positive	active	3801.3795386492106
2022-10-12	infectious	new	-35.63534608158267
2022-10-12	infectious	active	2222.577632163249
2022-10-12	possymp	new	27.51144256427753
2022-10-12	possymp	active	880.8522770983853
2022-10-13	infections	start	157.08362157980326
2022-10-13	positive	start	166.8557649208619
2022-10-13	infectious	start	171.62150261815475
2022-10-13	symptoms	start	182.5515547210751
2022-10-13	infectious	end	212.40554396685854
2022-10-13	symptoms	end	214.72451530798799
2022-10-13	positive	end	194.03833937587103
2022-10-13	reported	end	234.99901637731764
2022-10-13	symptoms	new	-32.17296058691289
2022-10-13	symptoms	active	2032.971302336262
2022-10-13	presymp	new	-15.695789800213191
2022-10-13	presymp	active	839.6872088274376
2022-10-13	positive	new	-27.18257445500913
2022-10-13	positive	active	3774.1969641942014
2022-10-13	infectious	new	-40.784041348703795
2022-10-13	infectious	active	2181.793590814545
2022-10-13	possymp	new	20.686175932116953
2022-10-13	possymp	active	901.5384530305023
2022-10-14	infections	start	152.10593685686845
2022-10-14	positive	start	162.32676496619325
2022-10-14	infectious	start	167.1169364418397
2022-10-14	symptoms	start	176.14042960732368
2022-10-14	infectious	end	212.24470934682248
2022-10-14	symptoms	end	214.22589169687788
2022-10-14	positive	end	201.76600899756122
2022-10-14	reported	end	206.70321644617124
2022-10-14	symptoms	new	-38.0854620895542
2022-10-14	symptoms	active	1994.8858402467079
2022-10-14	presymp	new	-13.81366464113043
2022-10-14	presymp	active	825.8735441863072
2022-10-14	positive	new	-39.43924403136796
2022-10-14	positive	active	3734.7577201628337
2022-10-14	infectious	new	-45.12777290498278
2022-10-14	infectious	active	2136.665817909562
2022-10-14	possymp	new	12.459882699316665
2022-10-14	possymp	active	913.998335729819
2022-10-15	infections	start	147.70853280974742
2022-10-15	positive	start	157.27560213352055
2022-10-15	infectious	start	162.548777660329
2022-10-15	symptoms	start	170.86961342611343
2022-10-15	infectious	end	211.26094027597023
2022-10-15	symptoms	end	214.15727565938786
2022-10-15	positive	end	208.83035854143378
2022-10-15	reported	end	108.86689126051246
2022-10-15	symptoms	new	-43.28766223327443
2022-10-15	symptoms	active	1951.5981780134334
2022-10-15	presymp	new	-13.594011292592882
2022-10-15	presymp	active	812.2795328937143
2022-10-15	positive	new	-51.55475640791323
2022-10-15	positive	active	3683.2029637549203
2022-10-15	infectious	new	-48.71216261564123
2022-10-15	infectious	active	2087.9536552939207
2022-10-15	possymp	new	5.326917117954082
2022-10-15	possymp	active	919.3252528477731
2022-10-16	infections	start	144.54849640797536
2022-10-16	positive	start	152.28360792631423
2022-10-16	infectious	start	157.4838662303087
2022-10-16	symptoms	start	166.62293234052484
2022-10-16	infectious	end	208.01912381236454
2022-10-16	symptoms	end	213.81279407475517
2022-10-16	positive	end	213.529506121308
2022-10-16	reported	end	66.66298627846358
2022-10-16	symptoms	new	-47.189861734230334
2022-10-16	symptoms	active	1904.408316279203
2022-10-16	presymp	new	-14.339324414210608
2022-10-16	presymp	active	797.9402084795037
2022-10-16	positive	new	-61.24589819499377
2022-10-16	positive	active	3621.9570655599264
2022-10-16	infectious	new	-50.535257582055834
2022-10-16	infectious	active	2037.418397711865
2022-10-16	possymp	new	0.2832879534471715
2022-10-16	possymp	active	919.6085408012202
2022-10-17	infections	start	142.7792360321202
2022-10-17	positive	start	147.8790783709147
2022-10-17	infectious	start	152.4968351770092
2022-10-17	symptoms	start	162.45493984373695
2022-10-17	infectious	end	202.25714458027326
2022-10-17	symptoms	end	212.45596939694175
2022-10-17	positive	end	215.73627848720255
2022-10-17	reported	end	280.5600501647568
2022-10-17	symptoms	new	-50.0010295532048
2022-10-17	symptoms	active	1854.4072867259983
2022-10-17	presymp	new	-14.575861472822254
2022-10-17	presymp	active	783.3643470066814
2022-10-17	positive	new	-67.85720011628786
2022-10-17	positive	active	3554.099865443639
2022-10-17	infectious	new	-49.760309403264074
2022-10-17	infectious	active	1987.658088308601
2022-10-17	possymp	new	-3.2803090902608005
2022-10-17	possymp	active	916.3282317109595
2022-10-18	infections	start	142.1862312126333
2022-10-18	positive	start	144.69933451109708
2022-10-18	infectious	start	148.08880531516112
2022-10-18	symptoms	start	157.82543829662245
2022-10-18	infectious	end	194.68987544012623
2022-10-18	symptoms	end	208.85403572185314
2022-10-18	positive	end	215.31409102987016
2022-10-18	reported	end	234.5194265479762
2022-10-18	symptoms	new	-51.028597425230686
2022-10-18	symptoms	active	1803.3786893007675
2022-10-18	presymp	new	-13.126103785525373
2022-10-18	presymp	active	770.238243221156
2022-10-18	positive	new	-70.61475651877308
2022-10-18	positive	active	3483.4851089248655
2022-10-18	infectious	new	-46.601070124965105
2022-10-18	infectious	active	1941.0570181836358
2022-10-18	possymp	new	-6.460055308017019
2022-10-18	possymp	active	909.8681764029424
2022-10-19	infections	start	141.8066144791229
2022-10-19	positive	start	142.8931270539982
2022-10-19	infectious	start	144.88052333252182
2022-10-19	symptoms	start	153.1513892136193
2022-10-19	infectious	end	186.8953672816532
2022-10-19	symptoms	end	202.78018426182206
2022-10-19	positive	end	213.71822750301328
2022-10-19	reported	end	225.88680961982982
2022-10-19	symptoms	new	-49.62879504820276
2022-10-19	symptoms	active	1753.749894252565
2022-10-19	presymp	new	-10.258262159621097
2022-10-19	presymp	active	759.979981061535
2022-10-19	positive	new	-70.82510044901508
2022-10-19	positive	active	3412.6600084758506
2022-10-19	infectious	new	-42.014843949131375
2022-10-19	infectious	active	1899.0421742345045
2022-10-19	possymp	new	-10.938043241191224
2022-10-19	possymp	active	898.9301331617512
2022-10-20	infections	start	140.37291448995373
2022-10-20	positive	start	142.25759936339026
2022-10-20	infectious	start	143.02708655592292
2022-10-20	symptoms	start	148.88633128497784
2022-10-20	infectious	end	181.15790673562066
2022-10-20	symptoms	end	195.45551103227854
2022-10-20	positive	end	212.2388240927067
2022-10-20	reported	end	199.50936900604927
2022-10-20	symptoms	new	-46.569179747300694
2022-10-20	symptoms	active	1707.1807145052642
2022-10-20	presymp	new	-6.628731921587587
2022-10-20	presymp	active	753.3512491399474
2022-10-20	positive	new	-69.98122472931644
2022-10-20	positive	active	3342.678783746534
2022-10-20	infectious	new	-38.130820179697736
2022-10-20	infectious	active	1860.911354054807
2022-10-20	possymp	new	-16.783313060428156
2022-10-20	possymp	active	882.146820101323
2022-10-21	infections	start	138.1644951697567
2022-10-21	positive	start	141.84797338934715
2022-10-21	infectious	start	142.3435951952137
2022-10-21	symptoms	start	145.70315701369847
2022-10-21	infectious	end	177.63430807912783
2022-10-21	symptoms	end	187.98901625958894
2022-10-21	positive	end	210.47790594617848
2022-10-21	reported	end	151.07079624256136
2022-10-21	symptoms	new	-42.285859245890464
2022-10-21	symptoms	active	1664.8948552593736
2022-10-21	presymp	new	-3.8551836243513264
2022-10-21	presymp	active	749.496065515596
2022-10-21	positive	new	-68.62993255683133
2022-10-21	positive	active	3274.048851189703
2022-10-21	infectious	new	-35.290712883914125
2022-10-21	infectious	active	1825.6206411708927
2022-10-21	possymp	new	-22.488889686589545
2022-10-21	possymp	active	859.6579304147335
2022-10-22	infections	start	136.21418168106734
2022-10-22	positive	start	140.40901983768208
2022-10-22	infectious	start	141.90637542337365
2022-10-22	symptoms	start	143.86462143724376
2022-10-22	infectious	end	174.68640664802038
2022-10-22	symptoms	end	182.1785306902901
2022-10-22	positive	end	208.09432425927363
2022-10-22	reported	end	82.00986081739045
2022-10-22	symptoms	new	-38.31390925304635
2022-10-22	symptoms	active	1626.5809460063274
2022-10-22	presymp	new	-3.4556015995616747
2022-10-22	presymp	active	746.0404639160344
2022-10-22	positive	new	-67.68530442159155
2022-10-22	positive	active	3206.363546768111
2022-10-22	infectious	new	-32.780031224646734
2022-10-22	infectious	active	1792.8406099462459
2022-10-22	possymp	new	-25.91579356898353
2022-10-22	possymp	active	833.74213684575
2022-10-23	infections	start	134.98832003234344
2022-10-23	positive	start	138.21563464603778
2022-10-23	infectious	start	140.46699851052878
2022-10-23	symptoms	start	143.27322932146896
2022-10-23	infectious	end	170.61005468638888
2022-10-23	symptoms	end	178.28337356668683
2022-10-23	positive	end	204.1324018401084
2022-10-23	reported	end	50.35693208085378
2022-10-23	symptoms	new	-35.01014424521787
2022-10-23	symptoms	active	1591.5708017611094
2022-10-23	presymp	new	-5.057594675431176
2022-10-23	presymp	active	740.9828692406032
2022-10-23	positive	new	-65.91676719407062
2022-10-23	positive	active	3140.4467795740406
2022-10-23	infectious	new	-30.143056175860096
2022-10-23	infectious	active	1762.6975537703859
2022-10-23	possymp	new	-25.849028273421567
2022-10-23	possymp	active	807.8931085723284
2022-10-24	infections	start	134.96844001813292
2022-10-24	positive	start	136.28319791154757
2022-10-24	infectious	start	138.28815902070724
2022-10-24	symptoms	start	143.0042987559236
2022-10-24	infectious	end	164.6836410012533
2022-10-24	symptoms	end	174.72455088095538
2022-10-24	positive	end	198.32725235922123
2022-10-24	reported	end	217.73378252102492
2022-10-24	symptoms	new	-31.720252125031777
2022-10-24	symptoms	active	1559.8505496360776
2022-10-24	presymp	new	-6.721100844376025
2022-10-24	presymp	active	734.2617683962271
2022-10-24	positive	new	-62.04405444767366
2022-10-24	positive	active	3078.402725126367
2022-10-24	infectious	new	-26.395481980546066
2022-10-24	infectious	active	1736.3020717898398
2022-10-24	possymp	new	-23.602701478265857
2022-10-24	possymp	active	784.2904070940625
2022-10-25	infections	start	135.64162673378488
2022-10-25	positive	start	135.0593039245611
2022-10-25	infectious	start	136.36478700837714
2022-10-25	symptoms	start	141.7346205248385
2022-10-25	infectious	end	158.0575555291565
2022-10-25	symptoms	end	170.26037212286712
2022-10-25	positive	end	191.38543696993426
2022-10-25	reported	end	191.35634190724437
2022-10-25	symptoms	new	-28.52575159802862
2022-10-25	symptoms	active	1531.324798038049
2022-10-25	presymp	new	-6.675316600277398
2022-10-25	presymp	active	727.5864517959498
2022-10-25	positive	new	-56.326133045373155
2022-10-25	positive	active	3022.0765920809936
2022-10-25	infectious	new	-21.692768520779367
2022-10-25	infectious	active	1714.6093032690603
2022-10-25	possymp	new	-21.125064847067136
2022-10-25	possymp	active	763.1653422469954
2022-10-26	infections	start	136.07247316789136
2022-10-26	positive	start	135.0158351300767
2022-10-26	infectious	start	135.12659473158746
2022-10-26	symptoms	start	139.63130202670035
2022-10-26	infectious	end	152.54840784547082
2022-10-26	symptoms	end	164.29620232483225
2022-10-26	positive	end	183.93603681004765
2022-10-26	reported	end	184.1624944671224
2022-10-26	symptoms	new	-24.664900298131897
2022-10-26	symptoms	active	1506.6598977399171
2022-10-26	presymp	new	-4.615466896623644
2022-10-26	presymp	active	722.9709848993261
2022-10-26	positive	new	-48.920201679970944
2022-10-26	positive	active	2973.1563904010227
2022-10-26	infectious	new	-17.42181311388336
2022-10-26	infectious	active	1697.187490155177
2022-10-26	possymp	new	-19.639834485215403
2022-10-26	possymp	active	743.52550776178
2022-10-27	infections	start	136.126992169737
2022-10-27	positive	start	135.64480143527712
2022-10-27	infectious	start	135.04160950381623
2022-10-27	symptoms	start	137.63416918133498
2022-10-27	infectious	end	149.55259830009936
2022-10-27	symptoms	end	157.98760169107376
2022-10-27	positive	end	177.72348490074938
2022-10-27	reported	end	167.8564402695126
2022-10-27	symptoms	new	-20.35343250973878
2022-10-27	symptoms	active	1486.3064652301784
2022-10-27	presymp	new	-1.9893677460578658
2022-10-27	presymp	active	720.9816171532683
2022-10-27	positive	new	-42.07868346547227
2022-10-27	positive	active	2931.0777069355504
2022-10-27	infectious	new	-14.51098879628313
2022-10-27	infectious	active	1682.676501358894
2022-10-27	possymp	new	-19.73588320967562
2022-10-27	possymp	active	723.7896245521043
2022-10-28	infections	start	135.66094501419474
2022-10-28	positive	start	136.0294486219816
2022-10-28	infectious	start	135.61500562917064
2022-10-28	symptoms	start	136.18998310855076
2022-10-28	infectious	end	148.7693667452011
2022-10-28	symptoms	end	152.8160434427902
2022-10-28	positive	end	173.34379450759116
2022-10-28	reported	end	155.866694535976
2022-10-28	symptoms	new	-16.62606033423944
2022-10-28	symptoms	active	1469.6804048959389
2022-10-28	presymp	new	-0.16053448656916203
2022-10-28	presymp	active	720.8210826666991
2022-10-28	positive	new	-37.314345885609555
2022-10-28	positive	active	2893.763361049941
2022-10-28	infectious	new	-13.154361116030458
2022-10-28	infectious	active	1669.5221402428635
2022-10-28	possymp	new	-20.527751064800952
2022-10-28	possymp	active	703.2618734873034
2022-10-29	infections	start	135.59559473413032
2022-10-29	positive	start	136.05562746841318
2022-10-29	infectious	start	135.95566272972562
2022-10-29	symptoms	start	135.87154852903427
2022-10-29	infectious	end	148.6813180884284
2022-10-29	symptoms	end	149.84223632413503
2022-10-29	positive	end	169.70580461358375
2022-10-29	reported	end	74.33642354792701
2022-10-29	symptoms	new	-13.970687795100758
2022-10-29	symptoms	active	1455.7097171008381
2022-10-29	presymp	new	0.18407893937890663
2022-10-29	presymp	active	721.005161606078
2022-10-29	positive	new	-33.650177145170574
2022-10-29	positive	active	2860.1131839047703
2022-10-29	infectious	new	-12.725655358702795
2022-10-29	infectious	active	1656.7964848841607
2022-10-29	possymp	new	-19.863568289448722
2022-10-29	possymp	active	683.3983051978547
2022-10-30	infections	start	136.77889438594232
2022-10-30	positive	start	135.58270475596615
2022-10-30	infectious	start	135.96592249045517
2022-10-30	symptoms	start	136.30908185798543
2022-10-30	infectious	end	147.89947260942424
2022-10-30	symptoms	end	148.92126510482024
2022-10-30	positive	end	165.78128993380537
2022-10-30	reported	end	54.1936507155855
2022-10-30	symptoms	new	-12.612183246834803
2022-10-30	symptoms	active	1443.0975338540034
2022-10-30	presymp	new	-0.7263771020192848
2022-10-30	presymp	active	720.2787845040588
2022-10-30	positive	new	-30.19858517783922
2022-10-30	positive	active	2829.914598726931
2022-10-30	infectious	new	-11.933550118969066
2022-10-30	infectious	active	1644.8629347651915
2022-10-30	possymp	new	-16.860024828985132
2022-10-30	possymp	active	666.5382803688696
2022-10-31	infections	start	138.940597642991
2022-10-31	positive	start	135.51791522501952
2022-10-31	infectious	start	135.49611042496582
2022-10-31	symptoms	start	136.64028327240086
2022-10-31	infectious	end	145.48278722934947
2022-10-31	symptoms	end	148.47372799448524
2022-10-31	positive	end	160.7705210286107
2022-10-31	reported	end	209.10116559287857
2022-10-31	symptoms	new	-11.83344472208438
2022-10-31	symptoms	active	1431.264089131919
2022-10-31	presymp	new	-1.122368047381343
2022-10-31	presymp	active	719.1564164566773
2022-10-31	positive	new	-25.252605803591166
2022-10-31	positive	active	2804.66199292334
2022-10-31	infectious	new	-9.986676804383649
2022-10-31	infectious	active	1634.876257960808
2022-10-31	possymp	new	-12.296793034125443
2022-10-31	possymp	active	654.2414873347441
2022-11-01	infections	start	141.8142051647583
2022-11-01	positive	start	136.693787466702
2022-11-01	infectious	start	135.43244283981662
2022-11-01	symptoms	start	136.6893394633061
2022-11-01	infectious	end	142.05218528102796
2022-11-01	symptoms	end	147.41898739053568
2022-11-01	positive	end	155.31901216544335
2022-11-01	reported	end	144.8361284611223
2022-11-01	symptoms	new	-10.729647927229564
2022-11-01	symptoms	active	1420.5344412046893
2022-11-01	presymp	new	0.004448003395879141
2022-11-01	presymp	active	719.1608644600733
2022-11-01	positive	new	-18.625224698741363
2022-11-01	positive	active	2786.0367682245987
2022-11-01	infectious	new	-6.6197424412113435
2022-11-01	infectious	active	1628.2565155195966
2022-11-01	possymp	new	-7.900024774907678
2022-11-01	possymp	active	646.3414625598365
2022-11-02	infections	start	143.83055638742104
2022-11-02	positive	start	138.8358213589236
2022-11-02	infectious	start	136.59353962286346
2022-11-02	symptoms	start	136.20660403707882
2022-11-02	infectious	end	139.09138271699982
2022-11-02	symptoms	end	145.03428251116813
2022-11-02	positive	end	150.53792561073962
2022-11-02	reported	end	188.95839276053707
2022-11-02	symptoms	new	-8.82767847408931
2022-11-02	symptoms	active	1411.7067627306
2022-11-02	presymp	new	2.629217321844777
2022-11-02	presymp	active	721.790081781918
2022-11-02	positive	new	-11.702104251816024
2022-11-02	positive	active	2774.334663972783
2022-11-02	infectious	new	-2.497843094136357
2022-11-02	infectious	active	1625.7586724254602
2022-11-02	possymp	new	-5.503643099571491
2022-11-02	possymp	active	640.837819460265
2022-11-03	infections	start	144.12478981430831
2022-11-03	positive	start	141.68796460093174
2022-11-03	infectious	start	138.70598048852813
2022-11-03	symptoms	start	136.02223104377876
2022-11-03	infectious	end	137.62080393374316
2022-11-03	symptoms	end	141.82218954019837
2022-11-03	positive	end	147.49313626176607
2022-11-03	reported	end	158.74423351202478
2022-11-03	symptoms	new	-5.799958496419606
2022-11-03	symptoms	active	1405.9068042341805
2022-11-03	presymp	new	5.665733557152976
2022-11-03	presymp	active	727.455815339071
2022-11-03	positive	new	-5.805171660834333
2022-11-03	positive	active	2768.529492311948
2022-11-03	infectious	new	1.0851765547849652
2022-11-03	infectious	active	1626.8438489802452
2022-11-03	possymp	new	-5.670946721567702
2022-11-03	possymp	active	635.1668727386973
2022-11-04	infections	start	143.4878159702932
2022-11-04	positive	start	143.70158181055055
2022-11-04	infectious	start	141.53280735213121
2022-11-04	symptoms	start	136.98780853262988
2022-11-04	infectious	end	137.67629889860953
2022-11-04	symptoms	end	139.07561319285307
2022-11-04	positive	end	146.29805286626876
2022-11-04	reported	end	138.1218708503418
2022-11-04	symptoms	new	-2.087804660223185
2022-11-04	symptoms	active	1403.8189995739574
2022-11-04	presymp	new	6.713773277920666
2022-11-04	presymp	active	734.1695886169916
2022-11-04	positive	new	-2.5964710557182116
2022-11-04	positive	active	2765.93302125623
2022-11-04	infectious	new	3.856508453521684
2022-11-04	infectious	active	1630.7003574337668
2022-11-04	possymp	new	-7.222439673415693
2022-11-04	possymp	active	627.9444330652816
2022-11-05	infections	start	142.70868768860674
2022-11-05	positive	start	144.02422511857523
2022-11-05	infectious	start	143.54861904227897
2022-11-05	symptoms	start	138.92632800544865
2022-11-05	infectious	end	138.24697109012277
2022-11-05	symptoms	end	137.6169205664918
2022-11-05	positive	end	145.76579342185894
2022-11-05	reported	end	78.6527320120002
2022-11-05	symptoms	new	1.309407438956839
2022-11-05	symptoms	active	1405.128407012914
2022-11-05	presymp	new	5.097897113126578
2022-11-05	presymp	active	739.2674857301182
2022-11-05	positive	new	-1.7415683032837137
2022-11-05	positive	active	2764.1914529529463
2022-11-05	infectious	new	5.301647952156202
2022-11-05	infectious	active	1636.0020053859232
2022-11-05	possymp	new	-8.14887285536713
2022-11-05	possymp	active	619.7955602099145
2022-11-06	infections	start	142.79885952452372
2022-11-06	positive	start	143.43962370074945
2022-11-06	infectious	start	143.90770426861266
2022-11-06	symptoms	start	141.6805273700925
2022-11-06	infectious	end	138.09706556235858
2022-11-06	symptoms	end	137.38918826830385
2022-11-06	positive	end	145.04159009289535
2022-11-06	reported	end	38.84677617665863
2022-11-06	symptoms	new	4.291339101788651
2022-11-06	symptoms	active	1409.4197461147028
2022-11-06	presymp	new	1.759096330656945
2022-11-06	presymp	active	741.0265820607752
2022-11-06	positive	new	-1.601966392145897
2022-11-06	positive	active	2762.5894865608007
2022-11-06	infectious	new	5.810638706254082
2022-11-06	infectious	active	1641.8126440921772
2022-11-06	possymp	new	-7.652401824591493
2022-11-06	possymp	active	612.143158385323
2022-11-07	infections	start	143.54886451943074
2022-11-07	positive	start	142.71521968865449
2022-11-07	infectious	start	143.3784495248433
2022-11-07	symptoms	start	143.74113786023838
2022-11-07	infectious	end	137.08151505382207
2022-11-07	symptoms	end	137.6478670778964
2022-11-07	positive	end	143.29662322847793
2022-11-07	reported	end	191.83593173658585
2022-11-07	symptoms	new	6.093270782341989
2022-11-07	symptoms	active	1415.5130168970447
2022-11-07	presymp	new	-1.0259181715838963
2022-11-07	presymp	active	740.0006638891913
2022-11-07	positive	new	-0.581403539823441
2022-11-07	positive	active	2762.008083020977
2022-11-07	infectious	new	6.296934471021217
2022-11-07	infectious	active	1648.1095785631985
2022-11-07	possymp	new	-5.648756150581534
2022-11-07	possymp	active	606.4944022347414
2022-11-08	infections	start	143.93440910761606
2022-11-08	positive	start	142.84134998829882
2022-11-08	infectious	start	142.69914835926662
2022-11-08	symptoms	start	144.17338900284932
2022-11-08	infectious	end	135.88217879690603
2022-11-08	symptoms	end	137.36164345262765
2022-11-08	positive	end	140.7084620279459
2022-11-08	reported	end	174.09110805095165
2022-11-08	symptoms	new	6.811745550221673
2022-11-08	symptoms	active	1422.3247624472665
2022-11-08	presymp	new	-1.332039014550503
2022-11-08	presymp	active	738.6686248746408
2022-11-08	positive	new	2.1328879603529174
2022-11-08	positive	active	2764.14097098133
2022-11-08	infectious	new	6.816969562360583
2022-11-08	infectious	active	1654.926548125559
2022-11-08	possymp	new	-3.3468185753182524
2022-11-08	possymp	active	603.1475836594232
2022-11-09	infections	start	142.95202345057535
2022-11-09	positive	start	143.6034662616091
2022-11-09	infectious	start	142.84210610701663
2022-11-09	symptoms	start	143.61994128049318
2022-11-09	infectious	end	135.41487059915042
2022-11-09	symptoms	end	136.36450687378348
2022-11-09	positive	end	138.29907866736022
2022-11-09	reported	end	175.52987753897605
2022-11-09	symptoms	new	7.255434406709696
2022-11-09	symptoms	active	1429.580196853976
2022-11-09	presymp	new	-0.016475018884079873
2022-11-09	presymp	active	738.6521498557568
2022-11-09	positive	new	5.30438759424888
2022-11-09	positive	active	2769.4453585755787
2022-11-09	infectious	new	7.4272355078662144
2022-11-09	infectious	active	1662.353783633425
2022-11-09	possymp	new	-1.9345717935767368
2022-11-09	possymp	active	601.2130118658464
2022-11-10	infections	start	140.19748955847436
2022-11-10	positive	start	143.9898089113784
2022-11-10	infectious	start	143.59768167408208
2022-11-10	symptoms	start	142.77381833100912
2022-11-10	infectious	end	136.53082798689772
2022-11-10	symptoms	end	135.43493126990944
2022-11-10	positive	end	136.88336766314285
2022-11-10	reported	end	149.63202675453695
2022-11-10	symptoms	new	7.338887061099683
2022-11-10	symptoms	active	1436.9190839150758
2022-11-10	presymp	new	1.2159905803692652
2022-11-10	presymp	active	739.8681404361259
2022-11-10	positive	new	7.106441248235541
2022-11-10	positive	active	2776.5517998238142
2022-11-10	infectious	new	7.066853687184363
2022-11-10	infectious	active	1669.4206373206096
2022-11-10	possymp	new	-1.4484363932334077
2022-11-10	possymp	active	599.764575472613
2022-11-11	infections	start	136.57056860686782
2022-11-11	positive	start	143.01828539457802
2022-11-11	infectious	start	143.97629399409087
2022-11-11	symptoms	start	142.65981299391052
2022-11-11	infectious	end	139.0380779213232
2022-11-11	symptoms	end	135.2497989236031
2022-11-11	positive	end	136.6458106042477
2022-11-11	reported	end	130.44843358087837
2022-11-11	symptoms	new	7.410014070307426
2022-11-11	symptoms	active	1444.3290979853832
2022-11-11	presymp	new	0.35847240066749464
2022-11-11	presymp	active	740.2266128367935
2022-11-11	positive	new	6.372474790330301
2022-11-11	positive	active	2782.924274614145
2022-11-11	infectious	new	4.938216072767659
2022-11-11	infectious	active	1674.3588533933773
2022-11-11	possymp	new	-1.3960116806446194
2022-11-11	possymp	active	598.3685637919684
2022-11-12	infections	start	133.02121770439356
2022-11-12	positive	start	140.29522170818842
2022-11-12	infectious	start	143.02324021835483
2022-11-12	symptoms	start	143.2131056649775
2022-11-12	infectious	end	142.11523317851828
2022-11-12	symptoms	end	136.53755862735397
2022-11-12	positive	end	137.0901991657939
2022-11-12	reported	end	80.57109132936606
2022-11-12	symptoms	new	6.675547037623517
2022-11-12	symptoms	active	1451.0046450230068
2022-11-12	presymp	new	-2.917883956789069
2022-11-12	presymp	active	737.3087288800044
2022-11-12	positive	new	3.2050225423945164
2022-11-12	positive	active	2786.1292971565395
2022-11-12	infectious	new	0.9080070398365478
2022-11-12	infectious	active	1675.2668604332139
2022-11-12	possymp	new	-0.5526405384399311
2022-11-12	possymp	active	597.8159232535285
2022-11-13	infections	start	130.49103084025913
2022-11-13	positive	start	136.7063346453122
2022-11-13	infectious	start	140.3458616606427
2022-11-13	symptoms	start	143.56643540780695
2022-11-13	infectious	end	144.51692819651527
2022-11-13	symptoms	end	139.09468152176854
2022-11-13	positive	end	137.26544166284722
2022-11-13	reported	end	51.79570156887818
2022-11-13	symptoms	new	4.471753886038414
2022-11-13	symptoms	active	1455.4763989090452
2022-11-13	presymp	new	-6.8601007624947385
2022-11-13	presymp	active	730.4486281175097
2022-11-13	positive	new	-0.5591070175350126
2022-11-13	positive	active	2785.5701901390044
2022-11-13	infectious	new	-4.171066535872569
2022-11-13	infectious	active	1671.0957938973413
2022-11-13	possymp	new	1.8292398589213121
2022-11-13	possymp	active	599.6451631124497
2022-11-14	infections	start	129.52738355753831
2022-11-14	positive	start	133.17521759739924
2022-11-14	infectious	start	136.80245173392248
2022-11-14	symptoms	start	142.74138992897514
2022-11-14	infectious	end	144.96986662154197
2022-11-14	symptoms	end	141.9197101391287
2022-11-14	positive	end	136.8863420753324
2022-11-14	reported	end	226.84598927851275
2022-11-14	symptoms	new	0.8216797898464279
2022-11-14	symptoms	active	1456.2980786988917
2022-11-14	presymp	new	-9.566172331575899
2022-11-14	presymp	active	720.8824557859338
2022-11-14	positive	new	-3.7111244779331685
2022-11-14	positive	active	2781.859065661071
2022-11-14	infectious	new	-8.167414887619486
2022-11-14	infectious	active	1662.9283790097218
2022-11-14	possymp	new	5.033368063796303
2022-11-14	possymp	active	604.6785311762461
2022-11-15	infections	start	129.48429777994716
2022-11-15	positive	start	130.62565582389422
2022-11-15	infectious	start	133.28674053893454
2022-11-15	symptoms	start	140.21333466392807
2022-11-15	infectious	end	143.8579803185653
2022-11-15	symptoms	end	144.1327686334478
2022-11-15	positive	end	136.454767085999
2022-11-15	reported	end	190.87675207790292
2022-11-15	symptoms	new	-3.91943396951973
2022-11-15	symptoms	active	1452.378644729372
2022-11-15	presymp	new	-9.587678840033846
2022-11-15	presymp	active	711.2947769458999
2022-11-15	positive	new	-5.829111262104789
2022-11-15	positive	active	2776.0299543989663
2022-11-15	infectious	new	-10.571239779630758
2022-11-15	infectious	active	1652.357139230091
2022-11-15	possymp	new	7.678001547448787
2022-11-15	possymp	active	612.3565327236948
2022-11-16	infections	start	129.5245701669902
2022-11-16	positive	start	129.6072190408096
2022-11-16	infectious	start	130.7089294891114
2022-11-16	symptoms	start	136.70014587172525
2022-11-16	infectious	end	142.68072729675666
2022-11-16	symptoms	end	144.72739144034747
2022-11-16	positive	end	136.42619431165363
2022-11-16	reported	end	183.20331480843947
2022-11-16	symptoms	new	-8.02724556862222
2022-11-16	symptoms	active	1444.3513991607497
2022-11-16	presymp	new	-7.092926830915644
2022-11-16	presymp	active	704.2018501149843
2022-11-16	positive	new	-6.818975270844021
2022-11-16	positive	active	2769.2109791281223
2022-11-16	infectious	new	-11.97179780764526
2022-11-16	infectious	active	1640.3853414224457
2022-11-16	possymp	new	8.301197128693843
2022-11-16	possymp	active	620.6577298523887
2022-11-17	infections	start	128.8035241316817
2022-11-17	positive	start	129.49512062392523
2022-11-17	infectious	start	129.6316711379229
2022-11-17	symptoms	start	133.0641592404951
2022-11-17	infectious	end	142.73570141140559
2022-11-17	symptoms	end	144.03186720544804
2022-11-17	positive	end	137.4763830425678
2022-11-17	reported	end	166.41767078148823
2022-11-17	symptoms	new	-10.96770796495295
2022-11-17	symptoms	active	1433.3836911957967
2022-11-17	presymp	new	-3.5690386165698555
2022-11-17	presymp	active	700.6328114984144
2022-11-17	positive	new	-7.981262418642558
2022-11-17	positive	active	2761.22971670948
2022-11-17	infectious	new	-13.104030273482692
2022-11-17	infectious	active	1627.281311148963
2022-11-17	possymp	new	6.555484162880248
2022-11-17	possymp	active	627.2132140152689
2022-11-18	infections	start	127.33347098769922
2022-11-18	positive	start	129.48093529360412
2022-11-18	infectious	start	129.45925253709572
2022-11-18	symptoms	start	130.30477936262437
2022-11-18	infectious	end	144.0441885155382
2022-11-18	symptoms	end	143.31640486369875
2022-11-18	positive	end	139.5408972588567
2022-11-18	reported	end	131.88720306890278
2022-11-18	symptoms	new	-13.011625501074377
2022-11-18	symptoms	active	1420.3720656947223
2022-11-18	presymp	new	-0.8238440690202538
2022-11-18	presymp	active	699.8089674293942
2022-11-18	positive	new	-10.059961965252569
2022-11-18	positive	active	2751.1697547442272
2022-11-18	infectious	new	-14.584935978442473
2022-11-18	infectious	active	1612.6963751705205
2022-11-18	possymp	new	3.775507604842062
2022-11-18	possymp	active	630.988721620111
2022-11-19	infections	start	126.09377840543188
2022-11-19	positive	start	128.7388197737443
2022-11-19	infectious	start	129.411537336841
2022-11-19	symptoms	start	129.11580950362585
2022-11-19	infectious	end	145.27472439270974
2022-11-19	symptoms	end	143.51903174013722
2022-11-19	positive	end	141.95814620049507
2022-11-19	reported	end	82.96904047607337
2022-11-19	symptoms	new	-14.403222236511368
2022-11-19	symptoms	active	1405.968843458211
2022-11-19	presymp	new	-0.3769897298815579
2022-11-19	presymp	active	699.4319776995126
2022-11-19	positive	new	-13.219326426750769
2022-11-19	positive	active	2737.9504283174765
2022-11-19	infectious	new	-15.863187055868735
2022-11-19	infectious	active	1596.8331881146519
2022-11-19	possymp	new	1.5608855396421575
2022-11-19	possymp	active	632.5496071597531
2022-11-20	infections	start	125.66385230146629
2022-11-20	positive	start	127.27787023887377
2022-11-20	infectious	start	128.672531232653
2022-11-20	symptoms	start	128.9939314113589
2022-11-20	infectious	end	144.85115070640356
2022-11-20	symptoms	end	144.67870718032157
2022-11-20	positive	end	144.10389410848006
2022-11-20	reported	end	47.479393104805
2022-11-20	symptoms	new	-15.68477576896268
2022-11-20	symptoms	active	1390.2840676892483
2022-11-20	presymp	new	-1.7160611724851123
2022-11-20	presymp	active	697.7159165270275
2022-11-20	positive	new	-16.82602386960629
2022-11-20	positive	active	2721.12440444787
2022-11-20	infectious	new	-16.178619473750558
2022-11-20	infectious	active	1580.6545686409013
2022-11-20	possymp	new	0.5748130718415041
2022-11-20	possymp	active	633.1244202315946
2022-11-21	infections	start	126.6319459603002
2022-11-21	positive	start	126.05735425478086
2022-11-21	infectious	start	127.23642743786775
2022-11-21	symptoms	start	129.14717647414986
2022-11-21	infectious	end	141.9206888934476
2022-11-21	symptoms	end	145.43826291082476
2022-11-21	positive	end	144.90274990224944
2022-11-21	reported	end	194.23388088329315
2022-11-21	symptoms	new	-16.291086436674902
2022-11-21	symptoms	active	1373.9929812525734
2022-11-21	presymp	new	-3.0898222193689975
2022-11-21	presymp	active	694.6260943076585
2022-11-21	positive	new	-18.845395647468578
2022-11-21	positive	active	2702.2790088004017
2022-11-21	infectious	new	-14.684261455579843
2022-11-21	infectious	active	1565.9703071853214
2022-11-21	possymp	new	0.5355130085753217
2022-11-21	possymp	active	633.65993324017
2022-11-22	infections	start	128.00027630631575
2022-11-22	positive	start	125.63600648375514
2022-11-22	infectious	start	126.03739847423715
2022-11-22	symptoms	start	128.66055405942546
2022-11-22	infectious	end	137.76749308092752
2022-11-22	symptoms	end	144.71122679421205
2022-11-22	positive	end	144.3353685094036
2022-11-22	reported	end	165.4584911228053
2022-11-22	symptoms	new	-16.050672734786588
2022-11-22	symptoms	active	1357.9423085177868
2022-11-22	presymp	new	-3.0245475756703257
2022-11-22	presymp	active	691.6015467319882
2022-11-22	positive	new	-18.699362025648455
2022-11-22	positive	active	2683.579646774753
2022-11-22	infectious	new	-11.730094606690372
2022-11-22	infectious	active	1554.2402125786311
2022-11-22	possymp	new	0.3758582848084586
2022-11-22	possymp	active	634.0357915249784
2022-11-23	infections	start	128.28701777678214
2022-11-23	positive	start	126.59326075421143
2022-11-23	infectious	start	125.61449113903154
2022-11-23	symptoms	start	127.39584845403287
2022-11-23	infectious	end	134.10091397919726
2022-11-23	symptoms	end	141.81796478307783
2022-11-23	positive	end	143.34919607411882
2022-11-23	reported	end	181.7645453204151
2022-11-23	symptoms	new	-14.422116329044954
2022-11-23	symptoms	active	1343.520192188742
2022-11-23	presymp	new	-0.8025876998214443
2022-11-23	presymp	active	690.7989590321667
2022-11-23	positive	new	-16.755935319907394
2022-11-23	positive	active	2666.8237114548456
2022-11-23	infectious	new	-8.486422840165716
2022-11-23	infectious	active	1545.7537897384652
2022-11-23	possymp	new	-1.5312312910409958
2022-11-23	possymp	active	632.5045602339375
2022-11-24	infections	start	127.37148618665516
2022-11-24	positive	start	127.94087069581276
2022-11-24	infectious	start	126.54583413261692
2022-11-24	symptoms	start	126.20470285843047
2022-11-24	infectious	end	131.73623878043904
2022-11-24	symptoms	end	137.70288229908456
2022-11-24	positive	end	142.86938310444236
2022-11-24	reported	end	153.46874538926866
2022-11-24	symptoms	new	-11.498179440654098
2022-11-24	symptoms	active	1332.0220127480877
2022-11-24	presymp	new	1.7361678373822969
2022-11-24	presymp	active	692.535126869549
2022-11-24	positive	new	-14.9285124086296
2022-11-24	positive	active	2651.895199046216
2022-11-24	infectious	new	-5.19040464782212
2022-11-24	infectious	active	1540.5633850906431
2022-11-24	possymp	new	-5.166500805357799
2022-11-24	possymp	active	627.3380594285796
2022-11-25	infections	start	125.12653402607141
2022-11-25	positive	start	128.21885070909607
2022-11-25	infectious	start	127.86302948220435
2022-11-25	symptoms	start	125.65743766991804
2022-11-25	infectious	end	131.04388267322344
2022-11-25	symptoms	end	134.19189360122286
2022-11-25	positive	end	143.2246978888311
2022-11-25	reported	end	115.1015590419515
2022-11-25	symptoms	new	-8.53445593130482
2022-11-25	symptoms	active	1323.487556816783
2022-11-25	presymp	new	2.561413039178035
2022-11-25	presymp	active	695.0965399087271
2022-11-25	positive	new	-15.005847179735014
2022-11-25	positive	active	2636.889351866481
2022-11-25	infectious	new	-3.1808531910190823
2022-11-25	infectious	active	1537.3825318996242
2022-11-25	possymp	new	-9.03280428760823
2022-11-25	possymp	active	618.3052551409714
2022-11-26	infections	start	122.52324448858073
2022-11-26	positive	start	127.3229209049006
2022-11-26	infectious	start	128.13261770136788
2022-11-26	symptoms	start	126.44208471921867
2022-11-26	infectious	end	131.15474120847955
2022-11-26	symptoms	end	131.821878838137
2022-11-26	positive	end	143.50918215110278
2022-11-26	reported	end	58.030369350317216
2022-11-26	symptoms	new	-5.379794118918326
2022-11-26	symptoms	active	1318.1077626978647
2022-11-26	presymp	new	0.8808361856819289
2022-11-26	presymp	active	695.977376094409
2022-11-26	positive	new	-16.18626124620218
2022-11-26	positive	active	2620.703090620279
2022-11-26	infectious	new	-3.0221235071116723
2022-11-26	infectious	active	1534.3604083925125
2022-11-26	possymp	new	-11.687303312965781
2022-11-26	possymp	active	606.6179518280056
2022-11-27	infections	start	120.40632512981635
2022-11-27	positive	start	125.12260015550595
2022-11-27	infectious	start	127.26328107902256
2022-11-27	symptoms	start	127.70828769495515
2022-11-27	infectious	end	131.04249822021643
2022-11-27	symptoms	end	130.90553690054887
2022-11-27	positive	end	142.8448996380194
2022-11-27	reported	end	39.805955835341564
2022-11-27	symptoms	new	-3.197249205593721
2022-11-27	symptoms	active	1314.9105134922709
2022-11-27	presymp	new	-2.5856875394491965
2022-11-27	presymp	active	693.3916885549598
2022-11-27	positive	new	-17.72229948251345
2022-11-27	positive	active	2602.980791137765
2022-11-27	infectious	new	-3.779217141193868
2022-11-27	infectious	active	1530.5811912513186
2022-11-27	possymp	new	-11.939362737470532
2022-11-27	possymp	active	594.6785890905351
2022-11-28	infections	start	118.46131489375618
2022-11-28	positive	start	122.566693257709
2022-11-28	infectious	start	125.1110342802095
2022-11-28	symptoms	start	128.06058568341504
2022-11-28	infectious	end	130.26979584252493
2022-11-28	symptoms	end	130.79873932080883
2022-11-28	positive	end	140.39395074658245
2022-11-28	reported	end	177.4482368563419
2022-11-28	symptoms	new	-2.7381536373937934
2022-11-28	symptoms	active	1312.1723598548772
2022-11-28	presymp	new	-5.493892425706036
2022-11-28	presymp	active	687.8977961292537
2022-11-28	positive	new	-17.827257488873443
2022-11-28	positive	active	2585.153533648892
2022-11-28	infectious	new	-5.1587615623154335
2022-11-28	infectious	active	1525.4224296890031
2022-11-28	possymp	new	-9.595211425773613
2022-11-28	possymp	active	585.0833776647615
2022-11-29	infections	start	116.39469419582963
2022-11-29	positive	start	120.47669220871815
2022-11-29	infectious	start	122.59555381786363
2022-11-29	symptoms	start	127.32211155460254
2022-11-29	infectious	end	128.83601146948612
2022-11-29	symptoms	end	130.43295985585752
2022-11-29	positive	end	136.79344930604813
2022-11-29	reported	end	167.37685044017115
2022-11-29	symptoms	new	-3.1108483012549755
2022-11-29	symptoms	active	1309.061511553622
2022-11-29	presymp	new	-6.845419345884395
2022-11-29	presymp	active	681.0523767833694
2022-11-29	positive	new	-16.316757097329983
2022-11-29	positive	active	2568.836776551562
2022-11-29	infectious	new	-6.240457651622492
2022-11-29	infectious	active	1519.1819720373805
2022-11-29	possymp	new	-6.360489450190613
2022-11-29	possymp	active	578.7228882145708
2022-11-30	infections	start	113.56912971562097
2022-11-30	positive	start	118.52862671448639
2022-11-30	infectious	start	120.51776510594703
2022-11-30	symptoms	start	125.22255776976193
2022-11-30	infectious	end	127.7154298478841
2022-11-30	symptoms	end	129.64800091014584
2022-11-30	positive	end	133.5736661613505
2022-11-30	reported	end	152.02997590124428
2022-11-30	symptoms	new	-4.425443140383905
2022-11-30	symptoms	active	1304.6360684132383
2022-11-30	presymp	new	-6.6939310552755416
2022-11-30	presymp	active	674.3584457280938
2022-11-30	positive	new	-15.04503944686411
2022-11-30	positive	active	2553.791737104698
2022-11-30	infectious	new	-7.197664741937061
2022-11-30	infectious	active	1511.9843072954436
2022-11-30	possymp	new	-3.925665251204663
2022-11-30	possymp	active	574.7972229633663
2022-12-01	infections	start	109.85783744391803
2022-12-01	positive	start	116.43909842437213
2022-12-01	infectious	start	118.55306480337505
2022-12-01	symptoms	start	122.60805198486916
2022-12-01	infectious	end	127.70101320415259
2022-12-01	symptoms	end	128.44629456925497
2022-12-01	positive	end	131.21471305696932
2022-12-01	reported	end	155.38710470663452
2022-12-01	symptoms	new	-5.83824258438581
2022-12-01	symptoms	active	1298.7978258288524
2022-12-01	presymp	new	-6.16895356049703
2022-12-01	presymp	active	668.1894921675968
2022-12-01	positive	new	-14.775614632597183
2022-12-01	positive	active	2539.0161224721005
2022-12-01	infectious	new	-9.147948400777537
2022-12-01	infectious	active	1502.836358894666
2022-12-01	possymp	new	-2.7684184877143423
2022-12-01	possymp	active	572.0288044756519
2022-12-02	infections	start	105.7355859004078
2022-12-02	positive	start	113.5916070731736
2022-12-02	infectious	start	116.44010103099407
2022-12-02	symptoms	start	120.33591691357456
2022-12-02	infectious	end	128.98188880570177
2022-12-02	symptoms	end	127.60905853974397
2022-12-02	positive	end	130.18315030239046
2022-12-02	reported	end	130.92802341021982
2022-12-02	symptoms	new	-7.273141626169405
2022-12-02	symptoms	active	1291.524684202683
2022-12-02	presymp	new	-6.744309840400959
2022-12-02	presymp	active	661.4451823271959
2022-12-02	positive	new	-16.591543229216853
2022-12-02	positive	active	2522.4245792428837
2022-12-02	infectious	new	-12.5417877747077
2022-12-02	infectious	active	1490.2945711199584
2022-12-02	possymp	new	-2.574091762646489
2022-12-02	possymp	active	569.4547127130054
2022-12-03	infections	start	101.65622681158452
2022-12-03	positive	start	109.87278766839056
2022-12-03	infectious	start	113.58448869558252
2022-12-03	symptoms	start	118.21233384209195
2022-12-03	infectious	end	131.00614125740807
2022-12-03	symptoms	end	127.93207110233055
2022-12-03	positive	end	130.0380981572785
2022-12-03	reported	end	72.41806423056116
2022-12-03	symptoms	new	-9.719737260238603
2022-12-03	symptoms	active	1281.8049469424443
2022-12-03	presymp	new	-8.339546173701393
2022-12-03	presymp	active	653.1056361534944
2022-12-03	positive	new	-20.165310488887954
2022-12-03	positive	active	2502.259268753996
2022-12-03	infectious	new	-17.421652561825553
2022-12-03	infectious	active	1472.8729185581328
2022-12-03	possymp	new	-2.1060270549479583
2022-12-03	possymp	active	567.3486856580574
2022-12-04	infections	start	98.32324830240128
2022-12-04	positive	start	105.75680718893116
2022-12-04	infectious	start	109.87816004660132
2022-12-04	symptoms	start	116.05476766150186
2022-12-04	infectious	end	131.84522340352135
2022-12-04	symptoms	end	129.14751825190112
2022-12-04	positive	end	129.87945966258982
2022-12-04	reported	end	42.20390498204888
2022-12-04	symptoms	new	-13.092750590399262
2022-12-04	symptoms	active	1268.712196352045
2022-12-04	presymp	new	-10.297960472570693
2022-12-04	presymp	active	642.8076756809237
2022-12-04	positive	new	-24.12265247365866
2022-12-04	positive	active	2478.1366162803374
2022-12-04	infectious	new	-21.967063356920022
2022-12-04	infectious	active	1450.9058552012127
2022-12-04	possymp	new	-0.7319414106887052
2022-12-04	possymp	active	566.6167442473687
2022-12-05	infections	start	95.77112872321871
2022-12-05	positive	start	101.68624677385645
2022-12-05	infectious	start	105.78675144878628
2022-12-05	symptoms	start	113.28731668090917
2022-12-05	infectious	end	130.54595122319168
2022-12-05	symptoms	end	130.8497361737402
2022-12-05	positive	end	129.4975406443418
2022-12-05	reported	end	193.7542910539517
2022-12-05	symptoms	new	-17.56241949283104
2022-12-05	symptoms	active	1251.1497768592142
2022-12-05	presymp	new	-11.601069907052718
2022-12-05	presymp	active	631.206605773871
2022-12-05	positive	new	-27.811293870485343
2022-12-05	positive	active	2450.3253224098517
2022-12-05	infectious	new	-24.759199774405403
2022-12-05	infectious	active	1426.1466554268075
2022-12-05	possymp	new	1.352195529398415
2022-12-05	possymp	active	567.9689397767671
2022-12-06	infections	start	93.44331891483634
2022-12-06	positive	start	98.35544269601255
2022-12-06	infectious	start	101.73208299839693
2022-12-06	symptoms	start	109.71136442898255
2022-12-06	infectious	end	127.90570161701876
2022-12-06	symptoms	end	131.58158597450515
2022-12-06	positive	end	128.65804160726054
2022-12-06	reported	end	172.1727487335858
2022-12-06	symptoms	new	-21.870221545522597
2022-12-06	symptoms	active	1229.2795553136914
2022-12-06	presymp	new	-11.355921732970003
2022-12-06	presymp	active	619.850684040901
2022-12-06	positive	new	-30.302598911247998
2022-12-06	positive	active	2420.0227234986037
2022-12-06	infectious	new	-26.17361861862183
2022-12-06	infectious	active	1399.9730368081855
2022-12-06	possymp	new	2.9235443672446024
2022-12-06	possymp	active	570.8924841440117
2022-12-07	infections	start	90.78693561178433
2022-12-07	positive	start	95.80332344490053
2022-12-07	infectious	start	98.40354499897532
2022-12-07	symptoms	start	105.69574050156892
2022-12-07	infectious	end	124.94937625387438
2022-12-07	symptoms	end	130.3201671814292
2022-12-07	positive	end	127.87846429549461
2022-12-07	reported	end	143.8769488024394
2022-12-07	symptoms	new	-24.624426679860292
2022-12-07	symptoms	active	1204.6551286338313
2022-12-07	presymp	new	-9.892417056668393
2022-12-07	presymp	active	609.9582669842326
2022-12-07	positive	new	-32.07514085059408
2022-12-07	positive	active	2387.9475826480098
2022-12-07	infectious	new	-26.545831254899056
2022-12-07	infectious	active	1373.4272055532865
2022-12-07	possymp	new	2.4417028859346033
2022-12-07	possymp	active	573.3341870299464
2022-12-08	infections	start	86.72211606106792
2022-12-08	positive	start	93.4867573376934
2022-12-08	infectious	start	95.85032769362641
2022-12-08	symptoms	start	101.6500150558264
2022-12-08	infectious	end	122.67934688674039
2022-12-08	symptoms	end	127.84174878333803
2022-12-08	positive	end	127.81035865985113
2022-12-08	reported	end	134.76474204495156
2022-12-08	symptoms	new	-26.191733727511632
2022-12-08	symptoms	active	1178.4633949063195
2022-12-08	presymp	new	-8.163257718132996
2022-12-08	presymp	active	601.7950092660997
2022-12-08	positive	new	-34.32360132215773
2022-12-08	positive	active	2353.623981325852
2022-12-08	infectious	new	-26.82901919311398
2022-12-08	infectious	active	1346.5981863601726
2022-12-08	possymp	new	0.031390123486900734
2022-12-08	possymp	active	573.3655771534333
2022-12-09	infections	start	81.0522169411116
2022-12-09	positive	start	90.86763334458105
2022-12-09	infectious	start	93.54668052235684
2022-12-09	symptoms	start	98.30913155740087
2022-12-09	infectious	end	121.56490643242893
2022-12-09	symptoms	end	125.19218545216017
2022-12-09	positive	end	128.3887088613953
2022-12-09	reported	end	113.18319972458565
2022-12-09	symptoms	new	-26.8830538947593
2022-12-09	symptoms	active	1151.5803410115602
2022-12-09	presymp	new	-7.441498212819823
2022-12-09	presymp	active	594.3535110532798
2022-12-09	positive	new	-37.521075516814236
2022-12-09	positive	active	2316.102905809038
2022-12-09	infectious	new	-28.01822591007209
2022-12-09	infectious	active	1318.5799604501003
2022-12-09	possymp	new	-3.1965234092351125
2022-12-09	possymp	active	570.1690537441981
2022-12-10	infections	start	74.5444491393728
2022-12-10	positive	start	86.87043519247013
2022-12-10	infectious	start	90.96970024202501
2022-12-10	symptoms	start	95.79510251299635
2022-12-10	infectious	end	120.85823897712471
2022-12-10	symptoms	end	123.07311267792366
2022-12-10	positive	end	129.57960187442976
2022-12-10	reported	end	57.55077952097575
2022-12-10	symptoms	new	-27.27801016492731
2022-12-10	symptoms	active	1124.302330846633
2022-12-10	presymp	new	-8.924667320526225
2022-12-10	presymp	active	585.4288437327535
2022-12-10	positive	new	-42.70916668195963
2022-12-10	positive	active	2273.3937391270783
2022-12-10	infectious	new	-29.8885387350997
2022-12-10	infectious	active	1288.6914217150006
2022-12-10	possymp	new	-6.506489196506095
2022-12-10	possymp	active	563.662564547692
2022-12-11	infections	start	67.9668227557726
2022-12-11	positive	start	81.2861021415941
2022-12-11	infectious	start	87.04326208688202
2022-12-11	symptoms	start	93.63090851720604
2022-12-11	infectious	end	119.24720886687955
2022-12-11	symptoms	end	121.84906223857996
2022-12-11	positive	end	130.12704594130147
2022-12-11	reported	end	31.1733389071952
2022-12-11	symptoms	new	-28.218153721373923
2022-12-11	symptoms	active	1096.084177125259
2022-12-11	presymp	new	-12.344806375611938
2022-12-11	presymp	active	573.0840373571416
2022-12-11	positive	new	-48.840943799707375
2022-12-11	positive	active	2224.552795327371
2022-12-11	infectious	new	-32.20394677999752
2022-12-11	infectious	active	1256.487474935003
2022-12-11	possymp	new	-8.277983702721514
2022-12-11	possymp	active	555.3845808449705
2022-12-12	infections	start	61.355365019157816
2022-12-12	positive	start	74.85972519796667
2022-12-12	infectious	start	81.54017165451903
2022-12-12	symptoms	start	91.28001525120033
2022-12-12	infectious	end	115.83912085508126
2022-12-12	symptoms	end	120.78028442282103
2022-12-12	positive	end	128.97758401479356
2022-12-12	reported	end	157.3054640240004
2022-12-12	symptoms	new	-29.5002691716207
2022-12-12	symptoms	active	1066.5839079536383
2022-12-12	presymp	new	-16.420290053233657
2022-12-12	presymp	active	556.6637473039079
2022-12-12	positive	new	-54.117858816826896
2022-12-12	positive	active	2170.434936510544
2022-12-12	infectious	new	-34.298949200562234
2022-12-12	infectious	active	1222.1885257344409
2022-12-12	possymp	new	-8.197299591972538
2022-12-12	possymp	active	547.187281252998
2022-12-13	infections	start	54.400039526371835
2022-12-13	positive	start	68.3404653101144
2022-12-13	infectious	start	75.1820758797368
2022-12-13	symptoms	start	87.59459264029348
2022-12-13	infectious	end	111.27352736231656
2022-12-13	symptoms	end	118.88005412713883
2022-12-13	positive	end	126.66555147372499
2022-12-13	reported	end	132.8463827275857
2022-12-13	symptoms	new	-31.28546148684535
2022-12-13	symptoms	active	1035.298446466793
2022-12-13	presymp	new	-19.254127330179088
2022-12-13	presymp	active	537.4096199737289
2022-12-13	positive	new	-58.32508616361059
2022-12-13	positive	active	2112.1098503469334
2022-12-13	infectious	new	-36.09145148257976
2022-12-13	infectious	active	1186.0970742518612
2022-12-13	possymp	new	-7.785497346586155
2022-12-13	possymp	active	539.4017839064119
2022-12-14	infections	start	47.35926605304735
2022-12-14	positive	start	61.75432408298654
2022-12-14	infectious	start	68.70188607292924
2022-12-14	symptoms	start	82.24905958897351
2022-12-14	infectious	end	106.89152714069428
2022-12-14	symptoms	end	115.49134310310498
2022-12-14	positive	end	123.93396302274941
2022-12-14	reported	end	118.45868784734175
2022-12-14	symptoms	new	-33.24228351413147
2022-12-14	symptoms	active	1002.0561629526615
2022-12-14	presymp	new	-20.494735505986966
2022-12-14	presymp	active	516.9148844677419
2022-12-14	positive	new	-62.17963893976287
2022-12-14	positive	active	2049.9302114071706
2022-12-14	infectious	new	-38.18964106776504
2022-12-14	infectious	active	1147.9074331840961
2022-12-14	possymp	new	-8.442619919644429
2022-12-14	possymp	active	530.9591639867674
2022-12-15	infections	start	40.48728755726459
2022-12-15	positive	start	54.79175749475001
2022-12-15	infectious	start	62.122363173447994
2022-12-15	symptoms	start	75.91879102899087
2022-12-15	infectious	end	103.68566798375741
2022-12-15	symptoms	end	111.10589990007158
2022-12-15	positive	end	121.38075339949943
2022-12-15	reported	end	121.33622682339055
2022-12-15	symptoms	new	-35.18710887108071
2022-12-15	symptoms	active	966.8690540815808
2022-12-15	presymp	new	-21.12703353424086
2022-12-15	presymp	active	495.7878509335011
2022-12-15	positive	new	-66.58899590474942
2022-12-15	positive	active	1983.341215502421
2022-12-15	infectious	new	-41.56330481030942
2022-12-15	infectious	active	1106.3441283737868
2022-12-15	possymp	new	-10.274853499427849
2022-12-15	possymp	active	520.6843104873395
2022-12-16	infections	start	33.73562847941095
2022-12-16	positive	start	47.72334633720569
2022-12-16	infectious	start	55.1408265094039
2022-12-16	symptoms	start	69.36794531434774
2022-12-16	infectious	end	102.11038473308938
2022-12-16	symptoms	end	107.14817727562762
2022-12-16	positive	end	119.54720244635716
2022-12-16	reported	end	95.43837603895146
2022-12-16	symptoms	new	-37.78023196127988
2022-12-16	symptoms	active	929.088822120301
2022-12-16	presymp	new	-21.644598977142046
2022-12-16	presymp	active	474.14325195635905
2022-12-16	positive	new	-71.82385610915148
2022-12-16	positive	active	1911.5173593932695
2022-12-16	infectious	new	-46.969558223685475
2022-12-16	infectious	active	1059.3745701501014
2022-12-16	possymp	new	-12.399025170729544
2022-12-16	possymp	active	508.28528531661004
2022-12-17	infections	start	26.959550737218823
2022-12-17	positive	start	40.816206676540084
2022-12-17	infectious	start	48.043087927103166
2022-12-17	symptoms	start	62.68894315821396
2022-12-17	infectious	end	101.14330647044706
2022-12-17	symptoms	end	104.26045805852135
2022-12-17	positive	end	118.05274971338385
2022-12-17	reported	end	43.64267447007328
2022-12-17	symptoms	new	-41.57151490030739
2022-12-17	symptoms	active	887.5173072199935
2022-12-17	presymp	new	-21.872736481673876
2022-12-17	presymp	active	452.27051547468517
2022-12-17	positive	new	-77.23654303684376
2022-12-17	positive	active	1834.2808163564257
2022-12-17	infectious	new	-53.10021854334389
2022-12-17	infectious	active	1006.2743516067574
2022-12-17	possymp	new	-13.792291654862495
2022-12-17	possymp	active	494.4929936617475
2022-12-18	infections	start	20.246570141136843
2022-12-18	positive	start	34.02505430829744
2022-12-18	infectious	start	41.10801696424462
2022-12-18	symptoms	start	55.6559265089761
2022-12-18	infectious	end	99.58834308155951
2022-12-18	symptoms	end	102.8438196171868
2022-12-18	positive	end	116.14414860846146
2022-12-18	reported	end	31.1733389071952
2022-12-18	symptoms	new	-47.187893108210694
2022-12-18	symptoms	active	840.3294141117829
2022-12-18	presymp	new	-21.63087220067866
2022-12-18	presymp	active	430.6396432740065
2022-12-18	positive	new	-82.11909430016402
2022-12-18	positive	active	1752.1617220562619
2022-12-18	infectious	new	-58.480326117314895
2022-12-18	infectious	active	947.7940254894424
2022-12-18	possymp	new	-13.300328991274668
2022-12-18	possymp	active	481.1926646704729
2022-12-19	infections	start	13.67765974851827
2022-12-19	positive	start	27.19942410597585
2022-12-19	infectious	start	34.28735016608248
2022-12-19	symptoms	start	48.57923171666128
2022-12-19	infectious	end	96.9553758010362
2022-12-19	symptoms	end	102.15966650926403
2022-12-19	positive	end	113.09073033474017
2022-12-19	reported	end	114.62196921261004
2022-12-19	symptoms	new	-53.580434792602745
2022-12-19	symptoms	active	786.7489793191801
2022-12-19	presymp	new	-21.379807610685432
2022-12-19	presymp	active	409.25983566332104
2022-12-19	positive	new	-85.89130622876432
2022-12-19	positive	active	1666.2704158274976
2022-12-19	infectious	new	-62.668025634953715
2022-12-19	infectious	active	885.1259998544888
2022-12-19	possymp	new	-10.931063825476144
2022-12-19	possymp	active	470.26160084499674
2022-12-20	infections	start	0
2022-12-20	positive	start	20.423884971985782
2022-12-20	infectious	start	27.420542615021372
2022-12-20	symptoms	start	41.691009648247416
2022-12-20	infectious	end	92.83101318838955
2022-12-20	symptoms	end	100.8369331045537
2022-12-20	positive	end	109.08225575421699
2022-12-20	reported	end	108.387301431171
2022-12-20	symptoms	new	-59.14592345630628
2022-12-20	symptoms	active	727.6030558628738
2022-12-20	presymp	new	-21.267124676261634
2022-12-20	presymp	active	387.9927109870594
2022-12-20	positive	new	-88.6583707822312
2022-12-20	positive	active	1577.6120450452663
2022-12-20	infectious	new	-65.41047057336817
2022-12-20	infectious	active	819.7155292811206
2022-12-20	possymp	new	-8.245322649663294
2022-12-20	possymp	active	462.0162781953334
2022-12-21	infections	start	0
2022-12-21	positive	start	13.784820611246142
2022-12-21	infectious	start	20.58956075084399
2022-12-21	symptoms	start	34.88349270268719
2022-12-21	infectious	end	87.32345249585381
2022-12-21	symptoms	end	98.3881881485941
2022-12-21	positive	end	105.1759274898725
2022-12-21	reported	end	105.03017262578075
2022-12-21	symptoms	new	-63.504695445906904
2022-12-21	symptoms	active	664.0983604169669
2022-12-21	presymp	new	-21.098672091441053
2022-12-21	presymp	active	366.8940388956184
2022-12-21	positive	new	-91.39110687862636
2022-12-21	positive	active	1486.2209381666398
2022-12-21	infectious	new	-66.73389174500983
2022-12-21	infectious	active	752.9816375361107
2022-12-21	possymp	new	-6.78773934127841
2022-12-21	possymp	active	455.228538854055
2022-12-22	infections	start	0
2022-12-22	positive	start	0
2022-12-22	infectious	start	13.887440438132487
2022-12-22	symptoms	start	27.97382597159641
2022-12-22	infectious	end	80.84980137356787
2022-12-22	symptoms	end	94.43098324579807
2022-12-22	positive	end	101.89853386086341
2022-12-22	reported	end	84.88739979343923
2022-12-22	symptoms	new	-66.45715727420166
2022-12-22	symptoms	active	597.6412031427652
2022-12-22	presymp	new	-27.97382597159641
2022-12-22	presymp	active	338.920212924022
2022-12-22	positive	new	-101.89853386086341
2022-12-22	positive	active	1384.3224043057764
2022-12-22	infectious	new	-66.96236093543538
2022-12-22	infectious	active	686.0192766006754
2022-12-22	possymp	new	-7.467550615065335
2022-12-22	possymp	active	447.7609882389897
2022-12-23	infections	start	0
2022-12-23	positive	start	0
2022-12-23	infectious	start	0
2022-12-23	symptoms	start	21.051878453532066
2022-12-23	infectious	end	73.71634319240542
2022-12-23	symptoms	end	88.96506285491326
2022-12-23	positive	end	99.75386915398866
2022-12-23	reported	end	72.89765405990262
2022-12-23	symptoms	new	-67.91318440138119
2022-12-23	symptoms	active	529.7280187413841
2022-12-23	presymp	new	-21.051878453532066
2022-12-23	presymp	active	317.8683344704899
2022-12-23	positive	new	-99.75386915398866
2022-12-23	positive	active	1284.5685351517877
2022-12-23	infectious	new	-73.71634319240542
2022-12-23	infectious	active	612.30293340827
2022-12-23	possymp	new	-10.788806299075404
2022-12-23	possymp	active	436.97218193991426
2022-12-24	infections	start	0
2022-12-24	positive	start	0
2022-12-24	infectious	start	0
2022-12-24	symptoms	start	14.2138172382489
2022-12-24	infectious	end	66.39544740509267
2022-12-24	symptoms	end	82.4615528041066
2022-12-24	positive	end	98.13957124727442
2022-12-24	reported	end	39.3263660060001
2022-12-24	symptoms	new	-68.24773556585771
2022-12-24	symptoms	active	461.4802831755263
2022-12-24	presymp	new	-14.2138172382489
2022-12-24	presymp	active	303.654517232241
2022-12-24	positive	new	-98.13957124727442
2022-12-24	positive	active	1186.4289639045135
2022-12-24	infectious	new	-66.39544740509267
2022-12-24	infectious	active	545.9074860031773
2022-12-24	possymp	new	-15.678018443167815
2022-12-24	possymp	active	421.2941634967465
2022-12-30	infections	start	0
2022-12-30	positive	start	0
2022-12-30	infectious	start	0
2022-12-30	symptoms	start	0
2022-12-30	infectious	end	19.344218708424787
2022-12-30	symptoms	end	31.53621510223394
2022-12-30	positive	end	67.33807174637732
2022-12-30	reported	end	0
2022-12-30	symptoms	new	-31.53621510223394
2022-12-30	symptoms	active	429.9440680732924
2022-12-30	presymp	new	0
2022-12-30	presymp	active	303.654517232241
2022-12-30	positive	new	-67.33807174637732
2022-12-30	positive	active	1119.090892158136
2022-12-30	infectious	new	-19.344218708424787
2022-12-30	infectious	active	526.5632672947526
2022-12-30	possymp	new	-35.801856644143385
2022-12-30	possymp	active	385.49230685260306
2022-12-29	infections	start	0
2022-12-29	positive	start	0
2022-12-29	infectious	start	0
2022-12-29	symptoms	start	0
2022-12-29	infectious	end	23.876460551532904
2022-12-29	symptoms	end	40.966894520921116
2022-12-29	positive	end	75.01043184025282
2022-12-29	reported	end	0.4795898293414646
2022-12-29	symptoms	new	-40.966894520921116
2022-12-29	symptoms	active	388.9771735523713
2022-12-29	presymp	new	0
2022-12-29	presymp	active	303.654517232241
2022-12-29	positive	new	-75.01043184025282
2022-12-29	positive	active	1044.0804603178833
2022-12-29	infectious	new	-23.876460551532904
2022-12-29	infectious	active	502.6868067432196
2022-12-29	possymp	new	-34.043537319331705
2022-12-29	possymp	active	351.4487695332714
2022-12-28	infections	start	0
2022-12-28	positive	start	0
2022-12-28	infectious	start	0
2022-12-28	symptoms	start	0
2022-12-28	infectious	end	32.87133983342943
2022-12-28	symptoms	end	50.71934789764651
2022-12-28	positive	end	81.95732015133233
2022-12-28	reported	end	22.540721979048836
2022-12-28	symptoms	new	-50.71934789764651
2022-12-28	symptoms	active	338.2578256547248
2022-12-28	presymp	new	0
2022-12-28	presymp	active	303.654517232241
2022-12-28	positive	new	-81.95732015133233
2022-12-28	positive	active	962.1231401665509
2022-12-28	infectious	new	-32.87133983342943
2022-12-28	infectious	active	469.8154669097902
2022-12-28	possymp	new	-31.237972253685818
2022-12-28	possymp	active	320.21079727958556
2022-12-27	infections	start	0
2022-12-27	positive	start	0
2022-12-27	infectious	start	0
2022-12-27	symptoms	start	0
2022-12-27	infectious	end	42.8546275139921
2022-12-27	symptoms	end	59.585553678664596
2022-12-27	positive	end	87.93408727084639
2022-12-27	reported	end	50.836521910195245
2022-12-27	symptoms	new	-59.585553678664596
2022-12-27	symptoms	active	278.6722719760602
2022-12-27	presymp	new	0
2022-12-27	presymp	active	303.654517232241
2022-12-27	positive	new	-87.93408727084639
2022-12-27	positive	active	874.1890528957045
2022-12-27	infectious	new	-42.8546275139921
2022-12-27	infectious	active	426.9608393957981
2022-12-27	possymp	new	-28.348533592181795
2022-12-27	possymp	active	291.86226368740375
2022-12-26	infections	start	0
2022-12-26	positive	start	0
2022-12-26	infectious	start	0
2022-12-26	symptoms	start	0
2022-12-26	infectious	end	51.734903105142
2022-12-26	symptoms	end	67.64939330650783
2022-12-26	positive	end	92.57068125555219
2022-12-26	reported	end	25.89785078443909
2022-12-26	symptoms	new	-67.64939330650783
2022-12-26	symptoms	active	211.02287866955234
2022-12-26	presymp	new	0
2022-12-26	presymp	active	303.654517232241
2022-12-26	positive	new	-92.57068125555219
2022-12-26	positive	active	781.6183716401524
2022-12-26	infectious	new	-51.734903105142
2022-12-26	infectious	active	375.2259362906561
2022-12-26	possymp	new	-24.921287949044356
2022-12-26	possymp	active	266.9409757383594
2022-12-25	infections	start	0
2022-12-25	positive	start	0
2022-12-25	infectious	start	0
2022-12-25	symptoms	start	0
2022-12-25	infectious	end	59.22790890520623
2022-12-25	symptoms	end	75.29308876698094
2022-12-25	positive	end	95.86455366764675
2022-12-25	reported	end	18.224413514975655
2022-12-25	symptoms	new	-75.29308876698094
2022-12-25	symptoms	active	135.7297899025714
2022-12-25	presymp	new	0
2022-12-25	presymp	active	303.654517232241
2022-12-25	positive	new	-95.86455366764675
2022-12-25	positive	active	685.7538179725057
2022-12-25	infectious	new	-59.22790890520623
2022-12-25	infectious	active	315.99802738544986
2022-12-25	possymp	new	-20.571464900665802
2022-12-25	possymp	active	246.36951083769358
2023-01-01	infections	start	0
2023-01-01	positive	start	0
2023-01-01	infectious	start	0
2023-01-01	symptoms	start	0
2023-01-01	infectious	end	0
2023-01-01	symptoms	end	19.184034445872996
2023-01-01	positive	end	51.46302859700217
2023-01-01	reported	end	0
2023-01-01	symptoms	new	-19.184034445872996
2023-01-01	symptoms	active	116.54575545669842
2023-01-01	presymp	new	0
2023-01-01	presymp	active	303.654517232241
2023-01-01	positive	new	-51.46302859700217
2023-01-01	positive	active	634.2907893755034
2023-01-01	infectious	new	0
2023-01-01	infectious	active	315.99802738544986
2023-01-01	possymp	new	-32.278994151129176
2023-01-01	possymp	active	214.09051668656443
2022-12-31	infections	start	0
2022-12-31	positive	start	0
2022-12-31	infectious	start	0
2022-12-31	symptoms	start	0
2022-12-31	infectious	end	0
2022-12-31	symptoms	end	24.383886062169577
2022-12-31	positive	end	59.26781185326523
2022-12-31	reported	end	0
2022-12-31	symptoms	new	-24.383886062169577
2022-12-31	symptoms	active	92.16186939452884
2022-12-31	presymp	new	0
2022-12-31	presymp	active	303.654517232241
2022-12-31	positive	new	-59.26781185326523
2022-12-31	positive	active	575.0229775222382
2022-12-31	infectious	new	0
2022-12-31	infectious	active	315.99802738544986
2022-12-31	possymp	new	-34.88392579109565
2022-12-31	possymp	active	179.20659089546876
2023-01-06	infections	start	0
2023-01-06	positive	start	0
2023-01-06	infectious	start	0
2023-01-06	symptoms	start	0
2023-01-06	infectious	end	0
2023-01-06	symptoms	end	0
2023-01-06	positive	end	17.84435937405467
2023-01-06	reported	end	0
2023-01-06	symptoms	new	0
2023-01-06	symptoms	active	92.16186939452884
2023-01-06	presymp	new	0
2023-01-06	presymp	active	303.654517232241
2023-01-06	positive	new	-17.84435937405467
2023-01-06	positive	active	557.1786181481835
2023-01-06	infectious	new	0
2023-01-06	infectious	active	315.99802738544986
2023-01-06	possymp	new	-17.84435937405467
2023-01-06	possymp	active	161.3622315214141
2023-01-05	infections	start	0
2023-01-05	positive	start	0
2023-01-05	infectious	start	0
2023-01-05	symptoms	start	0
2023-01-05	infectious	end	0
2023-01-05	symptoms	end	0
2023-01-05	positive	end	22.770503462238757
2023-01-05	reported	end	0
2023-01-05	symptoms	new	0
2023-01-05	symptoms	active	92.16186939452884
2023-01-05	presymp	new	0
2023-01-05	presymp	active	303.654517232241
2023-01-05	positive	new	-22.770503462238757
2023-01-05	positive	active	534.4081146859448
2023-01-05	infectious	new	0
2023-01-05	infectious	active	315.99802738544986
2023-01-05	possymp	new	-22.770503462238757
2023-01-05	possymp	active	138.59172805917535
2023-01-04	infections	start	0
2023-01-04	positive	start	0
2023-01-04	infectious	start	0
2023-01-04	symptoms	start	0
2023-01-04	infectious	end	0
2023-01-04	symptoms	end	0
2023-01-04	positive	end	29.421394669218817
2023-01-04	reported	end	0
2023-01-04	symptoms	new	0
2023-01-04	symptoms	active	92.16186939452884
2023-01-04	presymp	new	0
2023-01-04	presymp	active	303.654517232241
2023-01-04	positive	new	-29.421394669218817
2023-01-04	positive	active	504.986720016726
2023-01-04	infectious	new	0
2023-01-04	infectious	active	315.99802738544986
2023-01-04	possymp	new	-29.421394669218817
2023-01-04	possymp	active	109.17033338995653
2023-01-03	infections	start	0
2023-01-03	positive	start	0
2023-01-03	infectious	start	0
2023-01-03	symptoms	start	0
2023-01-03	infectious	end	0
2023-01-03	symptoms	end	0
2023-01-03	positive	end	36.898690284419175
2023-01-03	reported	end	0
2023-01-03	symptoms	new	0
2023-01-03	symptoms	active	92.16186939452884
2023-01-03	presymp	new	0
2023-01-03	presymp	active	303.654517232241
2023-01-03	positive	new	-36.898690284419175
2023-01-03	positive	active	468.08802973230684
2023-01-03	infectious	new	0
2023-01-03	infectious	active	315.99802738544986
2023-01-03	possymp	new	-36.898690284419175
2023-01-03	possymp	active	72.27164310553735
2023-01-02	infections	start	0
2023-01-02	positive	start	0
2023-01-02	infectious	start	0
2023-01-02	symptoms	start	0
2023-01-02	infectious	end	0
2023-01-02	symptoms	end	0
2023-01-02	positive	end	44.112335915097624
2023-01-02	reported	end	0
2023-01-02	symptoms	new	0
2023-01-02	symptoms	active	92.16186939452884
2023-01-02	presymp	new	0
2023-01-02	presymp	active	303.654517232241
2023-01-02	positive	new	-44.112335915097624
2023-01-02	positive	active	423.97569381720916
2023-01-02	infectious	new	0
2023-01-02	infectious	active	315.99802738544986
2023-01-02	possymp	new	-44.112335915097624
2023-01-02	possymp	active	28.159307190439726
